 ;DAFTAR ITEM;;;;;;;;;;;
;;;;;;;;;;;;
;TOKO OBAT NAUFAL;;;;;;;;;;;
;Jl. Masjid At-Taqwa Grand Cibubur;;;;;;;;;;;
;0858 1499 9924;;;;;;;;;;;
;-;;;;;;;;;;;
 ;;;;;;;;;;;;
Kode Item;Kode Barcode;Nama Item;Jenis;Merek;Stok;Satuan;Harga Beli;Harga Jual;Stok Min;Rak;Supplier;Keterangan
 ;;;;;;;;;;;;
.;;.;OBAT;SIDOMUNCUL;1.053;PCS;0;0;0;;;
0001111;;NOVASTAN 60 ML;OBAT;PT MUTIFA;40;BOTOL;7.500;13.000;0;;;
0002;;BULU MATA MAGNET MANGKOK;BULUMATA;NO MEREK;0;PCS;30.000;50.000;0;;;
0002 AMOXSAN;;AMOXSAN FORTE SIRUP KERING 60ML;OBAT;PT CAPRI;9;BOTOL;35.000;42.000;0;;;
0003 ROL RAMBUT;;ROLL RAMBUT BESAR;ALAT MAKE UP;NO MEREK;13;PCS;3.400;10.000;0;;;
001110;;SUSU ETAWAFRESH;SUSU;NO MEREK;-1;BOX;40.000;50.000;0;;;
003;;LIP BALM PIDANXIA;LIPSTIK/LIPCREAM/LIPTIN/LIPBLAM;NO MEREK;-43;PCS;3.600;6.000;0;;;
00569;;SOFTLENS ICE;SOFLEN;ICE;31;PCS;37.000;60.000;0;;;
0100707387509484;;TEGADERM UK 6 CM X 7 CM;ALKES;TEGADERM;1;PCS;6.000;12.000;0;;;
0100707387509507;;TEGADERM UK 10 CM X 12 CM;ALKES;TEGADERM;1;PCS;15.000;20.000;0;;;
010190033044;;X2 BLUE 16mm;SOFLEN;X2;-2;PCS;45.000;70.000;0;;;
010190033046;;X2 CHIC;SOFLEN;X2;0;PCS;45.000;70.000;0;;;
010340033146;;THE NUDE LENS ICE BIRU;SOFLEN;ICE;-7;PCS;34.000;60.000;0;;;
010340033171;;SOFTLENS ICE BLUE DIAMETER 16MM;SOFLEN;ICE;-23;PCS;37.000;60.000;0;;;
010340066123;;ICE THE NUDE LENS 16mm GREEN;SOFLEN;ICE;-18;PCS;34.000;60.000;0;;;
010340066140;;SOFTLENS ICE GREEN DIAMETER 16;SOFLEN;ICE;-5;PCS;34.000;60.000;0;;;
010340099144;;ICE THE NUDE LENS GREY;SOFLEN;ICE;19;PCS;34.000;60.000;0;;;
010340099215;;ICE NUDE LENS GREY;SOFLEN;ICE;15;PCS;34.000;60.000;0;;;
010340099233;010340099186 ;SOFTLENS ICE GREY;SOFLEN;ICE;3;PCS;37.000;60.000;0;;;
010340132125;;ICE THE NUDE LENS HAZEL;SOFLEN;ICE;17;PCS;34.000;60.000;0;;;
010340132130;;ICE THE NUDE LENS 16mm HAZEL;SOFLEN;ICE;-1;PCS;33.000;60.000;0;;;
010340132149;;SOFTLENS ICE NO 8 HAZEL;SOFLEN;ICE;4;PCS;37.000;60.000;0;;;
010340132243;;THE NUDE LENS ICE HAZEL;SOFLEN;ICE;4;PCS;37.000;60.000;0;;;
010340157193;;SOFTLENS ICE PINK;SOFLEN;ICE;-2;PCS;34.000;60.000;0;;;
010370033063;;ICE THE NUDE LENS 16mm BLACK;SOFLEN;ICE;-14;PCS;35.000;60.000;0;;;
010370033065;;ICE THE NUDE LENS BLACK;SOFLEN;ICE;51;PCS;35.000;60.000;0;;;
010370033075;;SOFTLENS ICE ITEM;SOFLEN;ICE;1;PCS;34.000;60.000;0;;;
010370033088;;SOFLENS ICE BLACK;SOFLEN;ICE;19;PCS;37.000;60.000;0;;;
011070001068;;SOFTLENS DARLING HITAM;SOFLEN;DARLING;-3;PCS;24.000;50.000;0;;;
011070001088;;SOFTLENS MY DARLING ITEM;SOFLEN;DARLING;-15;PCS;23.000;50.000;0;;;
011070001166;;SOFTLENS DARLING BLACK DIA 16MM;SOFLEN;DARLING;-15;PCS;23.000;50.000;0;;;
011070001177;;BIG EYES DARLING BLACK;SOFLEN;DARLING;-3;PCS;24.000;50.000;0;;;
011070034097;;SOFTLENS DARLING BLUE;SOFLEN;DARLING;20;PCS;24.000;50.000;0;;;
011070067171;;SOFTLENS DARLING BROWN;SOFLEN;DARLING;44;PCS;24.000;50.000;0;;;
011070100103;;SOFTLENS DARLING;SOFLEN;DARLING;24;PCS;24.000;50.000;0;;;
011070100169;;SOFTLENS DARLING GRAY;SOFLEN;DARLING;16;PCS;24.000;45.000;0;;;
011070100180;;BIG EYES DARLING GREY;SOFLEN;DARLING;30;PCS;23.000;50.000;0;;;
011090001100;;SOFTLENS INNOCENT BLACK;SOFLEN;NO MEREK;-2;PCS;23.000;50.000;0;;;
011090034095;;SOFTLENS INNOCENT BLUE DIA 16MM;SOFLEN;NO MEREK;3;PCS;23.000;50.000;0;;;
011090067101;;SOFTLENS INNOCENT BROWN DIA 16MM;SOFLEN;NO MEREK;-1;PCS;23.000;50.000;0;;;
011090100102;;SOFTLENS INNOCENT GREY DIA 16MM;SOFLEN;NO MEREK;5;PCS;23.000;50.000;0;;;
011110001194;;SOFTLENS K.POP BLACK DIA 16;SOFLEN;K.POP;6;PCS;24.000;40.000;0;;;
011110034189;;SOFTLEN K.POP BIRU DIA 16;SOFLEN;K.POP;1;PCS;23.000;40.000;0;;;
011110067184;;SOFTLENS K.POP BROWN DIA 16MM;SOFLEN;K.POP;-4;PCS;23.000;40.000;0;;;
011110100084;;SOFTLENS K.POP GREY DIA 16MM;SOFLEN;K.POP;3;PCS;23.000;50.000;0;;;
011160034005;;SOFLEN BABE;SOFLEN;BABE;-5;PCS;23.000;50.000;0;;;
011270001016;;SOFLEN RUSSIAN LUGHT GREY;SOFLEN;RUSSIAN;-3;PCS;22.000;50.000;0;;;
011270034017;;SOFLEN RUSSIAN GREY;SOFLEN;RUSSIAN;-3;PCS;22.000;50.000;0;;;
011270067026;;SOFLEN RUSSIAN BROWN;SOFLEN;RUSSIAN;-1;PCS;22.000;50.000;0;;;
011270100019;;SOFLEN RUSSIAN BLUE;SOFLEN;RUSSIAN;-1;PCS;22.000;50.000;0;;;
0123;;TISSUE SUPER MAGIC;TISSU;SUPER MAGIC;546;PCS;2.000;5.000;0;;;
0130382903020233;;BD PRECISION GLIDE TM NEEDLE 24G;JARUM;BD MEDICAL;100;PCS;500;1.000;0;;;
01348060175098741724123110200125C;;TERUMO NEEDLE 27gX1/2;JARUM;TERUMO;-53;PCS;1.000;2.000;0;;;
01348060175099421724113010191205B;;TERUMO NEEDLE 24gX1;JARUM;TERUMO;144;PCS;600;2.000;0;;;
014779000888;;GALENCO EYELASH CURLER;JEPIT;NO MEREK;-1;PCS;6.000;10.000;0;;;
041554033014;;MASCARA MYBELLINE KW PINK;MASCARA;MYBELLINE;-3;PCS;13.400;22.000;0;;;
041554033021;;MASKARA MAYBELIN KW KUNING;MASCARA;MYBELLINE;11;PCS;5.000;14.000;0;;;
041554033038;;MASCARA MY BELLINE KW HITAM;MASCARA;MYBELLINE;-3;PCS;13.400;22.000;0;;;
065821681689;;JEPIT BULU MATA HUDA;JEPIT;NO MEREK;8;PCS;4.700;10.000;0;;;
067238891183;;SABUN BATANG DOVE PINK BEAUTY BAR 100G;SABUN BATANG;DOVE;-1;PCS;6.000;10.000;0;;;
074764302311;;LEM BULUMATA EYELASH;LEM;NO MEREK;-2;PCS;70.000;75.000;0;;;
081364361686;;OBIA;OBAT;PT BAYER;-5;BOTOL;80.000;90.000;0;;;
081364361693;;OBAT BATUK IBU DAN ANAK  100 GR;OBAT;CIANXIU;7;BOTOL;52.000;57.000;0;;;
081364361709;;OBIA SYRUP 75ML;OBAT;PT SENTOSA KARYA GEMILANG;10;BOTOL;29.500;35.000;0;;;
081376022223;;SERUM COLLAGEN 30ML;SERUM WAJAH;COLLAGEN;59;PCS;16.700;23.000;0;;;
081376111111;;COLLAGEN PLUS VIT E DAY&NUGHT CREAM;CREAM WAJAH;COLLAGEN;80;PCS;11.700;20.000;0;;;
0BAT 0005;;FIRDAUS OIL20ML;OBAT;FIRDAUS;-2;PCS;45.000;50.000;0;;;
1024220150498;;MIX SAGA TETES;OBAT;JAMU;5;BOTOL;22.000;30.000;0;;;
1108010001006;;IMPLORA HAIR COLOR 01 BLEACHING;CAT RAMBUT;IMPLORA;-2;PCS;10.000;12.000;0;;;
1108020002000;;IMPLORA HAIR COLOR 02 NATURAL BLACK;CAT RAMBUT;IMPLORA;-10;PCS;10.000;12.000;0;;;
1108100010000;;IMPLORA HAIR COLOR 10 BRONZE;CAT RAMBUT;IMPLORA;-4;PCS;10.000;12.000;0;;;
1108110011004;;IMPLORA HAIR COLOR 11 ASH GREY;CAT RAMBUT;IMPLORA;-6;PCS;10.000;12.000;0;;;
1108130212009;.;IMPLORA HAIR COLOR SHAMPOO BLACK;SEMIR RAMBUT;IMPLORA;-45;PCS;10.000;12.000;0;;;
111000088600;;SOFTLENS LOVELY DIAM 14,4 M BLACK;SOFLEN;LIVING COLOR;-3;PCS;21.600;50.000;0;;;
1111105385318;;AUTOCHECK AU;CEK;AUTOCHECK;16;BOTOL;95.000;100.000;0;;;
112000088100;;SOFTLENS LOVELY DIAM 14.4 GRAY;SOFLEN;LIVING COLOR;-4;PCS;21.600;50.000;0;;;
112000088400;;SOFTLENS LOVELY VIOLET;SOFLEN;NO MEREK;0;PCS;22.000;35.000;0;;;
112000088500;;LIVING COLOR DIA 14.4 GREEN;SOFLEN;LIVING COLOR;-3;PCS;22.000;35.000;0;;;
1202010000035;;BLUSH ON IMPLORA CORAL PEACH;EYESHADOW/BLUSHON/CONTOUR/HIGHLITER;IMPLORA;-1;PCS;15.000;22.000;0;;;
1202010000042;;BUSH ON IMPLORA DUSTY ROSE;EYELINER;IMPLORA;-2;PCS;15.000;22.000;0;;;
1202010000165;;BUSH ON IMPLORA PINK CANDY;EYELINER;IMPLORA;-6;PCS;15.000;22.000;0;;;
1202010000196;;BUSH ON IMPLORA SWEET SALMON;EYELINER;IMPLORA;-6;PCS;15.000;22.000;0;;;
1205030000160;;EYELINER PEN IMPLORA;EYELINER;IMPLORA;2;PCS;17.500;23.000;0;;;
1212040001001;;IMPLORA URBAN LIP CREAM MATTE DUSKY NUDE;LIPSTIK/LIPCREAM/LIPTIN/LIPBLAM;IMPLORA;108;PCS;15.500;21.000;0;;;
1212040002008;;IMPLORA URBAN LIP CREAM MATTE TERRA COTTA;LIPSTIK/LIPCREAM/LIPTIN/LIPBLAM;IMPLORA;124;PCS;15.500;21.000;0;;;
1212040003005;;IMPLORA URBAN LIP CREAM MATTE DARK BERRY;LIPSTIK/LIPCREAM/LIPTIN/LIPBLAM;IMPLORA;50;PCS;15.500;21.000;0;;;
1212040004002;;IMPLORA URBAN LIP CREAM MATTE MEDELINE;LIPSTIK/LIPCREAM/LIPTIN/LIPBLAM;IMPLORA;25;PCS;15.500;21.000;0;;;
1212040005009;;IMPLORA URBAN LIP CREAM MATTE ALURE;LIPSTIK/LIPCREAM/LIPTIN/LIPBLAM;IMPLORA;2;PCS;15.000;21.000;0;;;
1212040006006;;IMPLORA URBAN LIP CREAM MATTE LUMIERE;LIPSTIK/LIPCREAM/LIPTIN/LIPBLAM;IMPLORA;16;PCS;15.500;21.000;0;;;
1212040007003;;IMPLORA URBAN LIP CREAM MATTE TRUFFLE MOUVE;LIPSTIK/LIPCREAM/LIPTIN/LIPBLAM;IMPLORA;5;PCS;15.500;21.000;0;;;
1212040008000;;IMPLORA URBAN LIP CREAM MATTE PINK LATTE;LIPSTIK/LIPCREAM/LIPTIN/LIPBLAM;IMPLORA;19;PCS;15.500;21.000;0;;;
1212040009007;;IMPLORA URBAN LIP CREAM MATTE BUTTERSCOTCH;LIPSTIK/LIPCREAM/LIPTIN/LIPBLAM;IMPLORA;29;PCS;15.500;21.000;0;;;
1212040010003;;IMPLORA URBAN LIP CREAM MATTE GINGERBREAD;LIPSTIK/LIPCREAM/LIPTIN/LIPBLAM;IMPLORA;20;PCS;15.500;21.000;0;;;
1212040011000;;IMPLORA URBAN LIP CREAM MATTE RED BEAN;LIPSTIK/LIPCREAM/LIPTIN/LIPBLAM;IMPLORA;45;PCS;15.500;21.000;0;;;
1212040012007;;IMPLORA URBAN LIP CREAM MATTE BROWN SUGAR;LIPSTIK/LIPCREAM/LIPTIN/LIPBLAM;IMPLORA;53;PCS;15.500;21.000;0;;;
1212040013004;;IMPLORA URBAN LIP CREAM NO 13;LIPSTIK/LIPCREAM/LIPTIN/LIPBLAM;IMPLORA;43;PCS;15.500;21.000;0;;;
1212040014001;;URBAN LIP CREAM IMPLORA BABY ROSE NO 14;LIPSTIK/LIPCREAM/LIPTIN/LIPBLAM;IMPLORA;6;PCS;15.500;21.000;0;;;
1212040015008;;URBAN LIP CREAM IMPLORA SALMON PINK NO 15;LIPSTIK/LIPCREAM/LIPTIN/LIPBLAM;IMPLORA;26;PCS;15.000;21.000;0;;;
1212040016005;;URBAN LIP CREAM IMPLORA DUSTY PEACH N0 16;LIPSTIK/LIPCREAM/LIPTIN/LIPBLAM;IMPLORA;-11;PCS;15.500;21.000;0;;;
1212040017002;;URBAN LIP CREAM IMPLORA REDWOOD NO 17;LIPSTIK/LIPCREAM/LIPTIN/LIPBLAM;IMPLORA;-7;PCS;14.600;21.000;0;;;
1212040018009;;URBAN LIP CREAM IMPLORA RUBY NO 18;LIPSTIK/LIPCREAM/LIPTIN/LIPBLAM;IMPLORA;45;PCS;15.500;21.000;0;;;
1212040019006;;URBAN LIP CREAM IMPLORA CAROLINA NO 19;LIPSTIK/LIPCREAM/LIPTIN/LIPBLAM;IMPLORA;53;PCS;15.500;21.000;0;;;
1212040020002;;URBAN LIP CREAM IMPLORA RED GALA NO 20;LIPSTIK/LIPCREAM/LIPTIN/LIPBLAM;IMPLORA;34;PCS;15.500;21.000;0;;;
1212050001008;;IMPLORA INTENTE MATTE LIPSTICK CHERRY CRUSH;LIPSTIK/LIPCREAM/LIPTIN/LIPBLAM;IMPLORA;25;PCS;15.900;21.000;0;;;
1212050002005;;IMPLORA INTENTE MATTE LIPSTICK MAPLE MOCHA;LIPSTIK/LIPCREAM/LIPTIN/LIPBLAM;IMPLORA;22;PCS;15.900;21.000;0;;;
1212050003002;;IMPLORA INTENSE MATTE LIPSTICK 03;LIPSTIK/LIPCREAM/LIPTIN/LIPBLAM;IMPLORA;20;PCS;15.900;21.000;0;;;
1212050004009;;IMPLORA INTENTE MATTE LIPSTICK DIRTY PEACH;LIPSTIK/LIPCREAM/LIPTIN/LIPBLAM;IMPLORA;14;PCS;15.900;21.000;0;;;
1212050005006;;IMPLORA INTENTE MATTE LIPSTICK BERRY ALLURE;LIPSTIK/LIPCREAM/LIPTIN/LIPBLAM;IMPLORA;34;PCS;15.900;21.000;0;;;
1212050006003;;IMPLORA INTENSE MATTE LIPSTICK 06;LIPSTIK/LIPCREAM/LIPTIN/LIPBLAM;IMPLORA;32;PCS;15.900;21.000;0;;;
1212060001005;;LIP TIN IMPLORA 01 VAMPIRE BLOOD;LIPSTIK/LIPCREAM/LIPTIN/LIPBLAM;IMPLORA;12;PCS;15.000;20.000;0;;;
1212060002002;;LIP TIN IMPLORA 02 CHERRY BOMB;LIPSTIK/LIPCREAM/LIPTIN/LIPBLAM;IMPLORA;11;PCS;15.000;20.000;0;;;
1212060003009;;LIP TIN IMPLORA 03 CANDY APPLE;LIPSTIK/LIPCREAM/LIPTIN/LIPBLAM;IMPLORA;21;PCS;15.000;20.000;0;;;
1212060004006;;LIP TIN IMPLORA 04 RED WINE;LIPSTIK/LIPCREAM/LIPTIN/LIPBLAM;IMPLORA;23;PCS;14.600;20.000;0;;;
1212060005003;;LIP TIN IMPLORA 05 CRANBERRY;LIPSTIK/LIPCREAM/LIPTIN/LIPBLAM;IMPLORA;18;PCS;14.600;20.000;0;;;
1212060006000;;LIP TIN IMPLORA 06 PUMPKIN;LIPSTIK/LIPCREAM/LIPTIN/LIPBLAM;IMPLORA;4;PCS;15.000;20.000;0;;;
1213030000028;;IMPLORA DEEP BLACK MASCARA;MASCARA;IMPLORA;-1;PCS;17.000;22.000;0;;;
122000088400;;LIVING COLOR DIA 14.4 VIOLET;SOFLEN;LIVING COLOR;-6;PCS;23.000;37.000;0;;;
1252010001006;;PENSIL ALIS IMPLORA  BLACK;PENSIL ALIS;IMPLORA;711;PCS;4.600;10.000;0;;;
1252010002003;;PENSIL ALIS IMPLORA COKLAT;PENSIL ALIS;IMPLORA;235;PCS;4.600;10.000;0;;;
1252010006001;;PENCIL ALIS IMPLORA GREY BROWN;PENSIL ALIS;IMPLORA;256;PCS;4.600;10.000;0;;;
1252010007008;;PENSIL ALIS IMPLORA DARK BROWN;PENSIL ALIS;IMPLORA;391;PCS;4.600;10.000;0;;;
131000088600;;LIVING COLOR DIA 14.4 BLACK;SOFLEN;LIVING COLOR;9;PCS;23.000;37.000;0;;;
132000088100;;LIVING COLOR DIA 14.4 GRAY;SOFLEN;LIVING COLOR;38;PCS;23.000;37.000;0;;;
132000088200;;LIVING COLOR DIA 14.4 BROWN;SOFLEN;LIVING COLOR;11;PCS;23.000;37.000;0;;;
132000088300;;LIVING COLOR DIA 14.4 BLUE;SOFLEN;LIVING COLOR;10;PCS;23.000;37.000;0;;;
1396042884470;;HUDA BEAUTY 1 SET ALAT MAKE UP;ALAT MAKE UP;HUDA BEAUTY;2;PCS;18.500;26.000;0;;;
151000080600;;LIVING CO.LOR MISTIQUE;SOFLEN;LIVING COLOR;-4;PCS;23.000;40.000;0;;;
152000080200;;LIVING COLOR MISTIQUE;SOFLEN;LIVING COLOR;3;PCS;22.000;35.000;0;;;
173000080120;;ADELLE 16mm ICE GREY;SOFLEN;ADELLE;-3;PCS;22.000;50.000;0;;;
173000080320;;ADELLE 16mm BLUE;SOFLEN;ADELLE;-2;PCS;22.000;50.000;0;;;
2009650740012;;CERMIN LIPAT SEDANG SUYA;KACA;SHUYA;-12;PCS;7.000;12.000;0;;;
2009650740050;;CERMIN KECIL;KACA;SHUYA;14;PCS;6.000;10.000;0;;;
2009650760584;;CERMIN KECIL SHUYA;KACA;SHUYA;5;PCS;5.500;10.000;0;;;
2009650794510;;SHOWER CUP;AKSESORIS;SHUYA;32;PCS;3.500;7.000;0;;;
2009650794541;;SHOWER CUP SHUYA;PENUTUP;SHUYA;31;PCS;3.500;7.000;0;;;
2018071933989;;PERFECT EYE BROW STENCIL;CETAK;NO MEREK;-3;PCS;10.000;15.000;0;;;
2021022739660;;ROL RAMBUT KECIL;ALAT MAKE UP;NO MEREK;34;PCS;2.200;5.000;0;;;
20317683;;LIKURMIN SIRUP 100ML;OBAT;KALBE;0;BOTOL;55.000;60.000;0;;;
2410000910007;;masker duckbil biasa item;MASKER;NICHOLAS;2.768;PCS;130;1.500;0;;;
305210231597;;VASELIME LIP THERAPY ORIGINAL 7GR;LIPSTIK/LIPCREAM/LIPTIN/LIPBLAM;VASELINE;6;PCS;4.600;10.000;0;;;
305210256712;;VASELINE LIP THERAPY;LIPSTIK/LIPCREAM/LIPTIN/LIPBLAM;VASELINE;72;PCS;4.600;10.000;0;;;
305210464728;;VASELINE LIP THERAPY CREME BYULEE;LIPSTIK/LIPCREAM/LIPTIN/LIPBLAM;VASELINE;-2;PCS;4.200;12.000;0;;;
309974215565;;MAYBELLINE FIT ME POWDER;BEDAK ;MYBELLINE;4;PCS;17.500;25.000;0;;;
3600531324483;;FOUNDATION FIT ME MAYBELLINE TUBE;FOUNDATION;MYBELLINE;-1;BOTOL;10.000;16.000;0;;;
3811105385315;;AUTOCHECK CHOLESTROL;CEK;AUTOCHECK;47;BOTOL;152.000;170.000;0;;;
382903204700;;JARUM INSULIN 5MM;ALKES;NO MEREK;30;PCS;2.100;5.000;0;;;
382903204779;;JARUM INSULIN 4MM;JARUM;BD MEDICAL;74;PCS;2.100;4.000;0;;;
4005808694822;;NIVEA MEN BRIGHT 8H OIL CONTROL 100ML;FACIAL FOAM;NIVEA;-1;BOTOL;24.000;30.000;0;;;
4005808713257;;NIVEA BODY SERUM KUNING 180ml;BODY SERUM;NIVEA;-2;BOTOL;23.000;30.000;0;;;
4006428014717;;GUNTING KECIL;GUNTING;NO MEREK;-11;PCS;10.000;14.000;0;;;
4021447089782;;LOMATUELL H 10X10cm;KASA;NO MEREK;2;PCS;12.500;20.000;0;;;
4030539222549;;CAIRAN RL;CAIRAN;PT B BRAUN;721;PCS;8.500;15.000;0;;;
4042809258790;;HYPAFIX 5X5 CM;ALKES;NO MEREK;0;BOX;70.000;75.000;0;;;
4042809274554;;HYPAFIX UKURAN 5 CM X 1 M;ALKES;NO MEREK;8;PCS;23.000;28.000;0;;;
4569632216785;;PARACETAMOL PIM SIRUP 60 ML;OBAT;PT PIM;-11;BOTOL;5.000;10.000;0;;;
4710033035769;;LEM BULU MATA JUNIES ITEM;LEM;NO MEREK;-17;PCS;11.700;16.000;0;;;
4710614722132;;STIK CHOLESTEROL EASY TOUCH;ALKES;NO MEREK;1;BOTOL;139.000;150.000;0;;;
4710614726253;;STIK GULA EASY TOUCH ISI 25;ALKES;NO MEREK;-4;PCS;84.000;94.000;0;;;
4711146305008;;SEDOT INGUS BAYI YOUNG2;ALAT CUCI;YOUNG YOUNG;-8;PCS;30.000;40.000;0;;;
4719745505454;;DERNA ANGEL DAY;AKSESORIS;NO MEREK;-4;PCS;13.300;20.000;0;;;
4719745505461;;DERMA ANGEL NIGHT;AKSESORIS;NO MEREK;3;PCS;13.500;20.000;0;;;
4800119211658;;MAXIPEEL 3 60ML;TONER;MAXI PEEL;1;PCS;33.500;40.000;0;;;
4800136111047;;LACTACYD BABY 60ml;SABUN CAIR;LACTACYD;0;PCS;28.500;34.000;0;;;
4800318407739;;SENSODYNE COOL GEL;PASTA GIGI;SENSODYNE;0;BOTOL;23.000;29.000;0;;;
4800888157966;;VASELINE MEN HEALTHY BRIGHT 100 GR;FACIAL FOAM;VASELINE;-1;BOTOL;23.500;30.000;0;;;
4801010120223;;JOHNSONS BABY COLOGNE SLIDE 100ML;BABY COLOGNE;JOHNSONS;-1;BOTOL;18.000;23.000;0;;;
4801010127321;;JOHNSONS BABY COLOGNE HAPPY BERRIES 100ML;PARFUM;JOHNSONS;-2;BOTOL;22.000;26.000;0;;;
4809010540188;;CLARIDEM  3 60ML;TONER;CLARIDEM;231;PCS;28.400;36.000;0;;;
4809010740014;;RDL 03 60ML;TONER;RDL;491;PCS;39.600;46.000;0;;;
4809010740038;;RDL 02 60ML;TONER;RDL;289;PCS;39.600;46.000;0;;;
4809010740137;;RDL FACIAL CLEANSER PAPAYA EXTRACT 150ML;TONER;RDL;6;PCS;24.200;28.000;0;;;
4809010740212;;SABUN PAPAYA RDL ORI;SABUN BATANG;RDL;398;PCS;23.000;27.000;0;;;
4809010740489;;RDL BABYFACE SUNBLOCK CREAM;SUNCREEN;RDL;3;PCS;40.000;45.000;0;;;
4809010740885;;RDL DAY&NIGHT CREAM;CREAM WAJAH;RDL;34;PCS;10.500;18.000;0;;;
4809013300093;;SABUN KOJIE SAN 65G;SABUN BATANG;KOJIE SAN;25;PCS;15.500;21.000;0;;;
4809014128016;;KOJIE SAN FACE CREAM 30g;CREAM WAJAH;KOJIE SAN;-1;PCS;40.000;50.000;0;;;
4897016459009;;MEDICATED OIL 12 ML;MINYAK ANGIN;NO MEREK;0;BOTOL;18.000;25.000;0;;;
4897016459016;;MEDICATED OIL 20ML;MINYAK GOSOK;SSA;6;PCS;24.700;30.000;0;;;
4897016459023;;MEDICATED OIL 40ML;MINYAK GOSOK;SSA;26;PCS;38.500;45.000;0;;;
4897144700547;;GLAD2GLOW PURE MUGWORT;MASKER WAJAH;GLAD2GLOW;2;BOTOL;35.000;42.000;0;;;
4897144700585;;SKIN TINT GLAD2GLOW NO 02;FOUNDATION;GLAD2GLOW;2;PCS;44.000;52.000;0;;;
4897144700592;;SKIN TINT GLAD2GLOW NO 03;FOUNDATION;GLAD2GLOW;3;PCS;44.000;52.000;0;;;
4897144700745;;FACIAL WASH G2G ITEM 70ML;FACIAL FOAM;GLAD2GLOW;0;BOTOL;30.000;40.000;0;;;
4897144700868;;SETTING SPRAY GLAD2GLOW PINK TUA;FACE MIST;GLAD2GLOW;0;BOTOL;55.000;62.000;0;;;
4897144700882;;SETTING SPRAY GLAD2GLOW PINK;FACE MIST;GLAD2GLOW;1;BOTOL;55.000;62.000;0;;;
4897144700905;;BODY SERUM G2G NIACINAMIDE BRIGHT 180ML;HAND&BODY LOTION;GLAD2GLOW;4;BOTOL;35.000;39.000;0;;;
4897144700912;;BODY SERUM G2G RETINOL BRIGHT 180 ML;HAND&BODY LOTION;GLAD2GLOW;-4;BOTOL;31.000;38.000;0;;;
4897144700929;;FACIAL WASH G2G PINK 70ML;FACIAL FOAM;GLAD2GLOW;1;BOTOL;32.000;40.000;0;;;
4897144703265;;GLAD2GLOW DAMASK ROSE;MASKER WAJAH;GLAD2GLOW;3;BOTOL;35.000;42.000;0;;;
4897144703289;;SETTING SPRAY GLAD2GLOW UNGU;FACE MIST;GLAD2GLOW;1;BOTOL;55.000;62.000;0;;;
4897147690517;;CUSHION SKINTIFIC PINK IVORY;CUSHION;SKINTIFIC;-1;PCS;120.000;142.000;0;;;
4897147690524;;CUSHION SKINTIFIC PINK PETAL;CUSHION;SKINTIFIC;-2;PCS;120.000;142.000;0;;;
4897147690531;;CUSHION SKINTIFIC ALMOND 03A;CUSHION;SKINTIFIC;0;PCS;120.000;142.000;0;;;
4902430399425;;PANTENE KONDISIONER RAMBUT RUSAK 130ML;CONDITIONER;PANTENE;1;PCS;18.500;23.000;0;;;
4902430400602;;PANTENE SHAMPO RAMBUT RUSAK 130ML;SAMPO;PANTENE;0;PCS;19.000;23.000;0;;;
4902430400879;;SAMPO PANTENE IJO 130 ML;SAMPO;PANTENE;4;BOTOL;17.500;23.000;0;;;
4902430400886;;PANTENE SHAMPO RAMBUT RONTOK;SAMPO;PANTENE;2;BOTOL;19.000;23.000;0;;;
4902430400947;;PANTENE SHAMPO ANTIKETOMBE;SAMPO;PANTENE;3;BOTOL;19.000;23.000;0;;;
4902430400961;;CONDITIONER PANTENE IJO 130ML;CONDITIONER;PANTENE;0;BOTOL;19.600;24.000;0;;;
4902430400978;;PANTENE KONDISIONER RAMBUT RONTOK 130ML;CONDITIONER;PANTENE;-4;PCS;22.500;27.500;0;;;
4902430418300;;PANTENE SHAMPO HITAM&PANJANG 130ML;SAMPO;PANTENE;4;PCS;20.000;23.000;0;;;
4902430428316;;REJOICE SHAMPOO RICH SOFT SMOOTH 150ML;SAMPO;REJOICE;13;PCS;21.700;25.000;0;;;
4902430429375;;REJOICE SHAMPO HIJAB ANTI KETOMBE 150ML;SAMPO;REJOICE;-2;PCS;15.000;20.000;0;;;
4902430429382;;REJOICE CONDITIONER RICH SOFT SMOOTH 150ML;CONDITIONER;REJOICE;13;PCS;21.700;26.000;0;;;
4902430432269;;REJOICE SHAMPO IMPROVED DETANGLING 150ML;SAMPO;REJOICE;-6;PCS;16.000;20.000;0;;;
4902430538558;;CONDITIONER PANTENE RAMBUT KERING 160 ML;CONDITIONER;PANTENE;-2;BOTOL;25.000;29.000;0;;;
4902430553636;;SHAMPO HEAD N SHOULDERS LEMON SGAR 160 ML;SAMPO;HEAD AND SHOULDERS;3;BOTOL;21.000;25.000;0;;;
4902430782340;;CONDITIONER PANTENE HITAM GLOW 160 ML;CONDITIONER;PANTENE;-4;BOTOL;25.000;29.000;0;;;
4902430792325;;CONDITIONER PANTENE ANTI LEPEK 130ML;CONDITIONER;PANTENE;1;BOTOL;19.600;24.000;0;;;
4902430832748;;PANTENE KONDISONER PERFEC+ON INSTASMOOTH 40ml;CONDITIONER;PANTENE;-6;PCS;11.000;16.000;0;;;
4987072022306;;KOOLFEVER BAYI;PLESTER;KOBAYASHI ;11;PCS;5.500;9.000;0;;;
4987072042427;;KOOL FEVER DEWASA;KOMPRES DEMAM;KOBAYASHI ;-12;PCS;7.500;12.000;0;;;
4987072061817;;KOOL FEVER ANAK;KOMPRES DEMAM;KOBAYASHI ;11;PCS;6.500;10.000;0;;;
4987176002679;;VICKS 44 DEWASA SYRUP 27ML;OBAT;PT DARYA VARIA;-15;BOTOL;10.500;14.000;0;;;
4987176004611;;VICKS FORMULA 44 ANAK 27ML;OBAT;PT DARYA VARIA;7;BOTOL;12.000;15.500;0;;;
4987176006882;;VICKS 44 DEWASA SYRUP 54ML;OBAT;PT DARYA VARIA;12;BOTOL;19.500;24.000;0;;;
4987176006943;;VICKS 44 ANAK 54 ML;OBAT;VICKS;-1;BOTOL;21.000;25.000;0;;;
4987176008718;;VICKS VAPORUB 25g;SALEP;VICKS;31;PCS;19.400;24.000;0;;;
4987176018083;;VICKS INHALER 0,5mL;OBAT;VICKS;72;PCS;16.000;21.000;0;;;
4987176046376;;SAMPO HEAD AND SHOULDERS ITCH CARE;SAMPO;HEAD AND SHOULDERS;-1;BOTOL;20.000;25.000;0;;;
4987176064639;;REJOICE SHAMPOO KOREAN JEJU ROSE 150ML;SAMPO;REJOICE;1;PCS;18.500;22.000;0;;;
4987176076632;;CONDITIONER PANTENE MIRACLES BIOTIN 70 ML;CONDITIONER;PANTENE;-4;BOTOL;16.000;20.000;0;;;
4987176076649;;CONDITIONER PANTENE MIRACLES COLLAGEN 70 ML;CONDITIONER;PANTENE;-2;BOTOL;16.000;20.000;0;;;
4987176076656;;CONDITIONER PANTENE MIRACLES TUBE BESAR;CONDITIONER;SUNSILK;0;BOTOL;18.000;22.000;0;;;
4987176091796;;VICKS FORMULA JAHE MERAH DEWASA 28 ML;OBAT;VICKS;0;BOTOL;11.000;13.000;0;;;
4987176110725;;REJOICE CONDITIONER RICH SOFT SMOOTH 150 ML;CONDITIONER;REJOICE;0;BOTOL;17.000;25.000;0;;;
4987176142924;;DOLO NEUROBION TABLET;OBAT;PT MERCK;19;STRIP;24.500;29.000;0;;;
4987176277329;;SAMPO HEAD AND SHOULDERS MENTHOL DINGIN 145 ML;SAMPO;HEAD AND SHOULDERS;2;BOTOL;21.000;25.000;0;;;
4987176277336;;SAMPO HEAD AND SHOULDERS SELEMBUT SUTRA 145ML;SAMPO;HEAD AND SHOULDERS;-1;BOTOL;21.000;25.000;0;;;
4987176300621;;BABY BALM VIKS 8GR;BABY CREAM;VICKS;9;PCS;7.900;12.500;0;;;
4987176600554;;VICKS VAPORUB 10g;SALEP;VICKS;68;PCS;7.800;12.500;0;;;
4987188511251;;SALONPAS JET SPRAY 60ML;ALKES;HISAMITSU;-6;BOTOL;36.000;40.000;0;;;
4987188567210;;BYE-BYE FEVER BAYI;KOMPRES DEMAM;HISAMITSU;467;PCS;6.500;10.000;0;;;
4987188567227;;BYE-BYE FEVER ANAK;KOMPRES DEMAM;HISAMITSU;1.014;PCS;9.000;12.500;0;;;
5038483158333;;DUREX;PENGAMAN;DUREX;1;PCS;23.500;28.000;0;;;
5038483223505;;DUREX LOVE BIRU;ANTISEPTIC;DUREX;0;PCS;11.000;15.000;0;;;
5504102134106;;KUKU PALSU PRESS ON NAILS;AKSESORIS;NO MEREK;-3;PCS;10.000;16.000;0;;;
551000080600;;SOFTLEN WISH BLACK;SOFLEN;NO MEREK;-1;PCS;22.000;50.000;0;;;
552000080100;;SOFTLENS WISH GRAY DIA 16MM;SOFTEX;NO MEREK;-2;PCS;22.000;50.000;0;;;
552000080200;;SOFTLENS WISH BROWN DIA 16MM;SOFLEN;NO MEREK;0;PCS;22.000;50.000;0;;;
5997001379585;;POSTINOR ISI 2;PIL KB;PT TUNGGAL;-30;BOX;30.000;36.000;0;;;
6004537324046;;PENSIL ALIS MAC 2IN1;PENSIL ALIS;MAC;-5;PCS;3.000;9.000;0;;;
6225014331016;;MASKER MUKA EARLOOP GP CARE;MASKER;NO MEREK;26;BOX;15.000;20.000;0;;;
661706069175;;ATTAUBAH MADU KUNING SEHAT LAMBUNG 350gr;MADU;HERBATTAUBAH;-4;BOTOL;92.000;105.000;0;;;
672672000154;;HUDA BEAUTY MAKE UP TOOLS;AKSESORIS;HUDA BEAUTY;4;PCS;9.200;16.000;0;;;
6851829820553;;KUKU PALSU;KUKU;NO MEREK;-3;PCS;12.500;18.000;0;;;
6852692860424;;MAGNET EYELASH;AKSESORIS;NO MEREK;-20;PCS;25.000;35.000;0;;;
6888245870091;;DIE DA YAO JING;ANTISEPTIC;PT SARAS SUBUR ABADI;3;BOTOL;26.500;32.000;0;;;
6894685378790;;EYELASH VEENCOLLE;BULUMATA;NO MEREK;-1;PCS;37.500;44.000;0;;;
6902395743750;;MASKARA MAYBELINE  COLOSALL WATERPROOFT ORI;MASCARA;MYBELLINE;-4;PCS;60.000;80.000;0;;;
6902644530759;;LIQUID BLUSH SOFT PINK HIVI NO 01;EYESHADOW/BLUSHON/CONTOUR/HIGHLITER;NO MEREK;2;BOTOL;13.800;20.000;0;;;
6902644530766;;LIQUID BLUSH SOFT PINK HIVI NO 02;EYESHADOW/BLUSHON/CONTOUR/HIGHLITER;NO MEREK;1;BOTOL;13.800;20.000;0;;;
6902644530773;;LIQUID BLUSH SOFT PINK HIVI NO 03;EYESHADOW/BLUSHON/CONTOUR/HIGHLITER;NO MEREK;4;BOTOL;13.800;20.000;0;;;
6903072245734;;EYEBROW 2IN1 JEL KISS BEAUTY;EYESHADOW/BLUSHON/CONTOUR/HIGHLITER;KISS BEAUTY;-4;DUS;27.500;36.000;0;;;
6903072245857;;KISS BEAUTY EYEBROW & GEL EYELINER;EYELINER;KISS BEAUTY;-3;PCS;30.000;40.000;0;;;
6903072248759;;KISS BEAUTY EYEBTROW POWDER 2IN1;EYELINER;NO MEREK;-5;PCS;25.000;35.000;0;;;
6903072350889;;LIP CREAM;LIPSTIK/LIPCREAM/LIPTIN/LIPBLAM;NO MEREK;290;PCS;6.500;18.000;0;;;
6903072381678;;EYEBROW N GEL EYELINER KISS BEAUTY;EYELINER;KISS BEAUTY;-6;PCS;26.000;36.000;0;;;
6903072401581;;COUNTOUR STIK KISS BEAUTY;CONTOUR;KISS BEAUTY;-4;PCS;15.000;22.000;0;;;
6903072421671;;COLOR EYEBROW PENCIL KISS BEAUTY;EYELINER;KISS BEAUTY;0;PCS;10.000;17.000;0;;;
6903072434398;;EYELINER GEL BLACK N WHITE KISS BEAUTY;EYELINER;KISS BEAUTY;0;BOTOL;17.500;26.000;0;;;
6909312460011;;TIEH TA YAO GIN 30CC;MINYAK URUT;JAMU;-4;PCS;26.500;32.000;0;;;
691046661111;;UNIBEBI COUGH SYRUP 60ML;OBAT;PT UNIVERSAL ;-11;BOTOL;5.000;9.000;0;;;
6920025800505;;ASAHAN KUKU;AKSESORIS;NO MEREK;-19;PCS;8.200;10.000;0;;;
6920281800066;;KUAS BLASH ON ISI 1 BESAR;KUAS;NO MEREK;-4;PCS;10.500;16.000;0;;;
6920443296867;;LEM EYELASH LMTOP;LEM;NO MEREK;-12;PCS;9.200;15.000;0;;;
6921201901108;;NASAL OXYGEN;ALKES;HEXACARE;-2;PCS;10.000;20.000;0;;;
6921434400041;;FEMININE COMFORT DAY USE;SOFTEX;NO MEREK;2;PCS;24.500;30.000;0;;;
6921434400058;;FEMININE COMFORT;SOFTEX;FC;-2;PCS;33.000;36.000;0;;;
6921434400065;;FEMININE COMFORT PANTYLINER;SOFTEX;FC;-15;PCS;32.000;39.000;0;;;
6921836387193;;SISIR GAGANG KECIL ISI 3;SISIR;NO MEREK;-7;PCS;5.500;10.000;0;;;
6922240289141;;OZERA EYELINER ABU;EYELINER;OZERA;-8;PCS;3.400;8.000;0;;;
6922411698109;;CAIRAN OLES JERAWAT 35ML;OBAT JERAWAT;PATEN INDONESIA;10;PCS;8.000;12.000;0;;;
6922748503015;;SALEP BL 7GR;SALEP;BL;683;PCS;12.500;20.000;0;;;
6923055513162;;EYELINER BEUTICA SPIDOL;EYELINER;BEAUTICA;37;PCS;15.000;23.000;0;;;
6923492584206;;MASKARA MAYBELINE HYPER CURL;MASCARA;MYBELLINE;-5;PCS;55.000;65.000;0;;;
6923492589898;;MASCARA MAGNUM;MASCARA;MYBELLINE;29;PCS;6.300;14.000;0;;;
6923700941586;;GARNIER SERUM MASK KUNING;MASKER WAJAH;GARNIER;-4;PCS;18.000;22.000;0;;;
6923700980011;;MASKER GARNIER MEN SASET ACNE;MASKER;GARNIER;-9;PCS;18.000;23.000;0;;;
6923700981247;;MASKER GARNIE ANTI ACNE SASET;MASKER WAJAH;GARNIER;0;PCS;20.000;23.000;0;;;
6923878315066;;NEXIUM MUPS 20MG;OBAT;ASTRAZENECA;340;BIJIAN;23.400;28.000;0;;;
6923972283964;;CREAM CLARIDEM;CREAM WAJAH;CLARIDEM;-20;PCS;5.500;15.000;0;;;
6924271690927;;KUAS BRUSH ON KECIL;KUAS;NO MEREK;-30;PCS;6.300;10.000;0;;;
6924271691337;;HAIR ROLLER ISI 2;AKSESORIS;NO MEREK;1;PCS;20.000;22.000;0;;;
6924372610701;;LIQUID EYESHADOW N HIGHLITER USHAS;EYESHADOW/BLUSHON/CONTOUR/HIGHLITER;USHAS;1;PCS;18.500;25.000;0;;;
6924372621158;;USHAS EYESHADOW NUDES;EYESHADOW/BLUSHON/CONTOUR/HIGHLITER;USHAS;-2;PCS;26.300;35.000;0;;;
6924372621530;;HIGHLIGHTER 10,4GR;EYESHADOW/BLUSHON/CONTOUR/HIGHLITER;USHAS;-2;PCS;26.500;35.000;0;;;
6924372622858;;BLASH ON USHAS 04 5GR;EYESHADOW/BLUSHON/CONTOUR/HIGHLITER;USHAS;-2;PCS;19.000;30.000;0;;;
6924372691823;;EYESHADOW 8 COLOR USHAS;EYESHADOW/BLUSHON/CONTOUR/HIGHLITER;USHAS;3;PCS;28.500;37.000;0;;;
6924372694350;;EYEBROW GEL 2IN1;EYESHADOW/BLUSHON/CONTOUR/HIGHLITER;USHAS;6;PCS;28.000;35.000;0;;;
6924372698815;;EYESHADOW BEAUTICA 8 COLOR;EYESHADOW/BLUSHON/CONTOUR/HIGHLITER;BEAUTICA;-4;PCS;22.000;32.000;0;;;
6924372698822;;EYESHADOW BEAUTICA 12 COLOR;EYESHADOW/BLUSHON/CONTOUR/HIGHLITER;BEAUTICA;-6;PCS;17.500;24.000;0;;;
6924376291814;;BLASH ON DAN HIGHLITER USHAS;EYESHADOW/BLUSHON/CONTOUR/HIGHLITER;USHAS;1;PCS;26.300;35.000;0;;;
6928495811236;;MASCARA O.TWO.O GOLD;MASCARA;OTO;-3;PCS;51.000;58.000;0;;;
6928495811359;;MASCARA O.TWO.O;MASCARA;PT TIRTA;-7;PCS;51.000;55.000;0;;;
6928820029558;;GARNIER MICELLAR CLEANSING WATER 125ML;FACE CLEANCER;GARNIER;-1;PCS;31.000;33.000;0;;;
6928820029572;;GARNIER MICELLER PINK 125ML;PEMBERSIH;GARNIER;6;BOTOL;22.100;30.000;0;;;
6928836502106;;OTO DIAPERS PANTS M;PAMPERS;OTO;-22;PCS;8.200;12.000;0;;;
6928836502113;;OTO ADULTS DIAPERS PANTS XL;PAMPERS;OTO;2;PCS;8.500;12.000;0;;;
6928851112007;;SHOWER CAP;PENUTUP;NO MEREK;8;PCS;2.500;7.000;0;;;
6931388597582;;PINCET POLOS;JEPIT;NO MEREK;4;PCS;900;5.000;0;;;
6932428102582;;CUKURAN JENGGOT;CUKUR;NO MEREK;-23;PCS;1.600;7.000;0;;;
6933495810400;;EYESHADOW ANYLADY NO 8326;EYESHADOW/BLUSHON/CONTOUR/HIGHLITER;BEAUTICA;-15;PCS;17.500;26.000;0;;;
6933495813234;;EYESHADOW LEAD FACE;EYESHADOW/BLUSHON/CONTOUR/HIGHLITER;NO MEREK;-7;PCS;16.700;25.000;0;;;
6933495813364;;EYESHADOW ANYLADY NO FA014;EYESHADOW/BLUSHON/CONTOUR/HIGHLITER;NO MEREK;2;PCS;18.400;26.000;0;;;
6933495813548;;ANYLADY ALL IN ONE NO 8571;EYESHADOW/BLUSHON/CONTOUR/HIGHLITER;;-5;PCS;12.900;20.000;0;;;
6933495867695;;BLASH ON ANYLADY;EYESHADOW/BLUSHON/CONTOUR/HIGHLITER;NO MEREK;-1;PCS;13.400;20.000;0;;;
6933495868203;;EYESHADOW ANYLADY NO 8548;EYESHADOW/BLUSHON/CONTOUR/HIGHLITER;NO MEREK;-2;PCS;22.500;30.000;0;;;
6933495868227;;EYESHADOW ANYLADY N HIGHLITER NO 8550;EYESHADOW/BLUSHON/CONTOUR/HIGHLITER;NO MEREK;-13;PCS;18.400;30.000;0;;;
6933495876819;;EYESHADOW ANYLADY NO 8210;EYESHADOW/BLUSHON/CONTOUR/HIGHLITER;NO MEREK;-2;PCS;13.400;22.000;0;;;
6933546170026;;PENSIL ALIS PUTAR ITEM;PENSIL ALIS;NO MEREK;-7;PCS;3.000;8.000;0;;;
6933553466778;;HUDA 3 EALITY 2IN1;KUKU;HUDA BEAUTY;-7;PCS;5.900;10.000;0;;;
6934064300179;;BRUSH MAKEUP;KUAS;NO MEREK;-23;PCS;10.000;15.000;0;;;
6935800945838;;SUNISA;CUSHION;SUNISA;2;PCS;27.000;40.000;0;;;
6937118801363;;CONCEALER IMAN OF NOBLE;CONCEALING;NO MEREK;2;PCS;11.300;18.000;0;;;
6941073643661;;CERMIN 14366;KACA;XIUDOU;32;PCS;6.500;11.000;0;;;
6941073643678;;CERMIN KECIL XIUDOU;KACA;XIUDOU;-6;PCS;7.500;13.000;0;;;
6941073643685;;CERMIN BUKU BESAR;KACA;NO MEREK;-12;PCS;10.500;15.000;0;;;
6941073643715;;CERMIN JUMBO XIUDOU;KACA;XIUDOU;-2;PCS;18.000;24.000;0;;;
6941073643968;;CERMIN XIUDOV KECIL;KACA;XIUDOU;5;PCS;7.000;12.000;0;;;
6941073643982;;CERMIN TANGGUNG XIUDOU;KACA;XIUDOU;-10;PCS;13.400;18.000;0;;;
6941073643999;;CERMIN XIUDOV BESAR;KACA;XIUDOU;6;PCS;19.500;24.000;0;;;
6941073660187;;CERMIN TANGGUNG XIUDOU;KACA;XIUDOU;-35;PCS;11.700;16.000;0;;;
6941073676195;;TEMPAT SOFTLENS;AKSESORIS;NO MEREK;6;PCS;10.000;15.000;0;;;
6941349360933;;BIOAQUA B.B 03;CUSHION;BIOAQUA;0;PCS;50.000;60.000;0;;;
6941845806195;;BROWS GEL CREAM FOCALLURE EBONY (5);GEL;FOCALLURE;-1;PCS;23.100;30.000;0;;;
6941845806201;;BROWS GEL CREAM FOCALLURE ASH BROWN (4);GEL;FOCALLURE;-2;PCS;23.100;30.000;0;;;
6941845806218;;BROWS GEL CREAM FOCALLURE DARK BROWN (3);GEL;FOCALLURE;10;PCS;23.100;30.000;0;;;
6941845806225;;BROWS GEL CREAM FOCALLURE CHOCOLATE (2);GEL;FOCALLURE;0;PCS;23.000;30.000;0;;;
6941845806232;;BROWS GEL CREAM FOCALLURE AUBURN (1);GEL;FOCALLURE;0;PCS;23.000;30.000;0;;;
6941845806249;;FOCALLURE AUTO BROWS PEN HITAM;PENSIL ALIS;FOCALLURE;5;PCS;23.400;30.000;0;;;
6941845806256;;FOCALLURE AUTO BROWS PEN COKLAT;PENSIL ALIS;FOCALLURE;5;PCS;23.400;30.000;0;;;
6941845806829;;CONCEALER PINKFLASH;CONCEALING;PINKFLASH;1;BOTOL;18.200;25.000;0;;;
6941845807673;;ACNE PATCH FOCALLURE;AKSESORIS;NO MEREK;20;PCS;13.400;19.000;0;;;
6941845807680;;ACNE PATCH FOCALLURE MALAM;ANTISEPTIC;FOCALLURE;6;PCS;13.400;18.000;0;;;
6941845808151;;BEDAK TABUR PINKFLASH;BEDAK TABUR BAYI;NO MEREK;-5;BOTOL;22.200;30.000;0;;;
6941845808458;;LIP CREAM PINKFLASH;LIPSTIK/LIPCREAM/LIPTIN/LIPBLAM;NO MEREK;72;PCS;15.000;20.000;0;;;
6941845808526;;BLASH ON PINKFLASH;EYESHADOW/BLUSHON/CONTOUR/HIGHLITER;PINKFLASH;-6;PCS;15.600;22.000;0;;;
6941845815753;;EYESHADOW PINKFLASH BR 07;EYESHADOW/BLUSHON/CONTOUR/HIGHLITER;PINKFLASH;1;PCS;31.700;38.000;0;;;
6941845815777;;EYESHADOW PINKFLASH PK 04;EYESHADOW/BLUSHON/CONTOUR/HIGHLITER;PINKFLASH;0;PCS;31.700;38.000;0;;;
6941845869268;;MASCARA PINKFLASH PINK;MASCARA;PINKFLASH;3;PCS;17.300;25.000;0;;;
6941845869275;;MASCARA PINKFLASH HITAM;MASCARA;PINKFLASH;1;PCS;19.600;27.000;0;;;
6941864800242;;CERMIN LIPAT BUKU BESAR;KACA;SHUYA;26;PCS;15.000;26.000;0;;;
6942109808030;;PI KANG SUANG 10gr;SALEP;PI KANG SUANG;233;PCS;7.300;12.000;0;;;
6943779329641;;GUNTING HIDUNG;AKSESORIS;NO MEREK;6;PCS;3.200;7.500;0;;;
6944068311118;;CUKUR ALIS ISI 2;CUKUR;NO MEREK;8;PCS;4.600;10.000;0;;;
6946537018771;;MATRIX STEP 2;REBONDING ;MATRIX;-1;PCS;78.500;85.000;0;;;
6947099698715;;LEM BULU MATA JUNIES BENING;LEM;JUNIES;-25;PCS;11.700;16.000;0;;;
6947156201216;;ALCOHOL SAWBS;ANTISEPTIC;PT GLOBAL PHARMA ;-3;BOX;10.000;26.000;0;;;
6948832900560;;SISIR ISI 2;SISIR;NO MEREK;10;PCS;2.700;8.000;0;;;
6948832900775;;CERMIN BUKU BESAR aisu;KACA;XIUDOU;14;PCS;12.500;20.000;0;;;
6948832900782;;CERMIN TANGGUNG AISHU;KACA;NO MEREK;36;PCS;11.700;17.000;0;;;
6948832900898;;CERMIN TANGGUNG;KACA;AISHU;34;PCS;7.500;12.000;0;;;
6948832900935;;SISIR KARAKTER KECIL;SISIR;AISHU;-7;PCS;2.500;6.000;0;;;
6948832901475;;CERMIN BESAR AISHU;KACA;NO MEREK;3;PCS;15.000;20.000;0;;;
6948832911283;;CERMIN KECIL AISHU;KACA;NO MEREK;27;PCS;5.500;10.000;0;;;
6948832913577;;SISIR GAGANG BESAR;SISIR;AISHU;9;PCS;4.000;8.000;0;;;
6948832915816;;SISIR GAGANG BESAR;SISIR;AISHU;17;PCS;2.500;8.000;0;;;
6948832915861;;SISIR GAGANG KECIL;SISIR;AISHU;33;PCS;2.500;7.000;0;;;
6948832917315;;SISIR PANJANG;SISIR;AISHU;36;PCS;2.500;8.000;0;;;
6948832917384;;SISIR RAMBUT;SISIR;NO MEREK;-40;PCS;2.500;8.000;0;;;
6948832918039;;SISIR JARING JUMBO;SISIR;NO MEREK;-24;PCS;2.800;8.000;0;;;
6948832988667;;SISIR RAMBUT;SISIR;NO MEREK;0;PCS;2.700;8.000;0;;;
6952481700242;;SPON TELUR KECIL;SPON;NO MEREK;30;PCS;4.200;10.000;0;;;
6954581121651;;PINSET EYELASH;AKSESORIS;NO MEREK;-11;PCS;5.500;10.000;0;;;
6955143910980;;SUCTION DR GYM;ALKES;NO MEREK;1;PCS;10.000;16.000;0;;;
6955450301136;;KUAS LIPSTIK;ALAT MAKE UP;NO MEREK;13;PCS;1.300;5.000;0;;;
6955450303062;;KUAS ALIS;ALAT MAKE UP;NO MEREK;-9;PCS;5.000;10.000;0;;;
6955545461257;;HIGHLITER CHARMING GLOW;HIGLIGHTER;NO MEREK;3;PCS;16.700;23.000;0;;;
6956428096511;;SHOWER CAP;PENUTUP;NO MEREK;-3;PCS;8.000;12.000;0;;;
6956726800032;;CETAKAN ALIS GOHO;CEK;GOHO;18;PCS;3.000;7.000;0;;;
6956726800063;;CETAKAN ALIS GAGANG;ALAT MAKE UP;NO MEREK;3;PCS;4.500;10.000;0;;;
6957148424356;;CREAM BIOAQUA GOLD;CREAM WAJAH;BIOAQUA;0;PCS;35.000;42.000;0;;;
6957148424820;;SERUM BIOAQUA GOLD 30ML;SERUM WAJAH;BIOAQUA;1;BOTOL;25.200;32.000;0;;;
6957148424868;;FACIAL CLEANSER BIOAQUA 200ML;FACE CLEANCER;BIOAQUA;0;BOTOL;35.000;42.000;0;;;
6957148425261;;BIOAQUA CUSHION NATURAL;CUSHION;BIOAQUA;-2;PCS;70.000;80.000;0;;;
6957148425278;;CUSHION BIOAQUA IVORY;CUSHION;BIOAQUA;-2;PCS;70.000;80.000;0;;;
6957148425285;;CUSHION BIOAQUA LIGHT COMPLEXION;CUSHION;BIOAQUA;-5;PCS;65.000;70.000;0;;;
6957148425827;;PAKET BIOAQUA;CREAM WAJAH;BIOAQUA;0;PAK;40.000;60.000;0;;;
6957588500702;;JEPITAN BULU MATA LOVE ME;JEPIT;NO MEREK;5;PCS;20.000;26.000;0;;;
6958780501535;;BEAUTY SOWER;PENUTUP;NO MEREK;-2;PCS;14.000;18.000;0;;;
6959663800042;;EYELINER BEUTICA HITAM;EYELINER;BEAUTICA;-12;PCS;3.400;8.000;0;;;
6963699845892;;SPON TELUR;SPON;NO MEREK;156;PCS;4.200;10.000;0;;;
6970067230037;;BEAUTICA EYELINER PENCIL WHITE;EYELINER;BEAUTICA;12;PCS;3.400;8.000;0;;;
6970067230044;;BEAUTICA EYELINER PENCIL SILVER;EYELINER;BEAUTICA;24;PCS;3.400;8.000;0;;;
6970067230051;;BEAUTICA EYELINER PENCIL BLACK;EYELINER;BEAUTICA;26;PCS;3.000;8.000;0;;;
6970067230068;;EYELINER PENSIL BEAUTICA BIRU;EYELINER;BEAUTICA;13;PCS;3.000;8.000;0;;;
6970175255298;;GARNIER SERUM MASK SAKURA;MASKER WAJAH;GARNIER;-3;PCS;18.000;22.000;0;;;
6970175255304;;GARNIER SERUM MASK LIGHT COMPLETE;MASKER WAJAH;GARNIER;0;PCS;18.000;22.000;0;;;
6970250221842;;LIP LINER PEN;LIPSTIK/LIPCREAM/LIPTIN/LIPBLAM;NO MEREK;-32;BIJIAN;1.500;5.000;0;;;
6970335169656;;MANUAL BREAST PUMP;BABY;NO MEREK;1;PCS;90.000;105.000;0;;;
6970505536950;;LIPSTIK PENSIL PEI MEN ALOE VERA;LIPSTIK/LIPCREAM/LIPTIN/LIPBLAM;NO MEREK;3;PCS;4.600;10.000;0;;;
6970673571098;;CIANXIU LIGUID EYEBROW PENCIL DARK GREY;PENSIL ALIS;CIANXIU;-1;PAK;10.000;16.000;0;;;
6970975184064;;BLUSH ON SEVENCOOL;EYESHADOW/BLUSHON/CONTOUR/HIGHLITER;NO MEREK;2;PCS;17.500;25.000;0;;;
6970975189694;;HIGHLITER SEVENCOOL;HIGLIGHTER;NO MEREK;5;PCS;18.400;25.000;0;;;
6970975195497;;EYESHADOW SEVENCOOL ISI 4;EYESHADOW/BLUSHON/CONTOUR/HIGHLITER;NO MEREK;4;PCS;10.000;17.000;0;;;
6971251917611;;LUMBAR SPINE COOLING GEL 20 GR;SALEP;NO MEREK;18;PCS;7.000;13.000;0;;;
6971341125681;;JEPITAN BULU MATA;JEPIT;NO MEREK;-13;PCS;5.000;10.000;0;;;
6971425751010;;MAKEUP TOOLS;KUAS;PT TAISHIYA;0;PCS;10.000;15.000;0;;;
6971585870743;;BULU MATA 6D DECKINA 6D09;BULUMATA;NO MEREK;102;PCS;20.000;24.000;0;;;
6971585870750;;BULU MATA 6D DECKINA 6D13;BULUMATA;NO MEREK;-8;PCS;20.000;24.000;0;;;
6971585870767;;BULU MATA 6D DECKINA 6D20;BULUMATA;NO MEREK;-2;PCS;20.000;24.000;0;;;
6971840350492;;BSY NONI BLACK HAIR MAGIC;SEMIR RAMBUT;BSY;5;PCS;3.300;8.000;0;;;
6971956400302;;KUAS NAKEUP 1 SET;KUAS;NO MEREK;-8;PCS;12.500;20.000;0;;;
6971956400562;;ALAT KUAS MAKE UP SET HELLO KITTY;ALAT MAKE UP;NO MEREK;4;PCS;12.500;20.000;0;;;
6971956400944;;FASHION MAKEUP BRUSH;SISIR;NO MEREK;-9;PCS;7.000;10.000;0;;;
6972285321122;;BLUSHER SHINING;EYESHADOW/BLUSHON/CONTOUR/HIGHLITER;NO MEREK;0;PCS;14.000;20.000;0;;;
6972285321917;;MAKEUP HIGHLIHTER&CONTOUR;EYESHADOW/BLUSHON/CONTOUR/HIGHLITER;NO MEREK;-1;PCS;20.000;30.000;0;;;
6972285322204;;HIGHLIGHT CONTOUR BLUSH DODO GIRL;EYESHADOW/BLUSHON/CONTOUR/HIGHLITER;DODO GIRL;-12;PCS;18.800;26.000;0;;;
6972285322457;;CONTOUR POWDER DODO GIRL;EYESHADOW/BLUSHON/CONTOUR/HIGHLITER;DODO GIRL;0;PCS;19.300;28.000;0;;;
6972285322464;;CONTOUR DODO GIRL;CONTOUR;DODO GIRL;-10;PCS;17.100;25.000;0;;;
6972285323065;;GLITTER EYESHADOW CARNIVAL;EYESHADOW/BLUSHON/CONTOUR/HIGHLITER;NO MEREK;-3;PCS;15.000;20.000;0;;;
6972285325038;;BLASH ON GLITTER ISI 4 KIND;EYESHADOW/BLUSHON/CONTOUR/HIGHLITER;NO MEREK;0;PCS;10.000;15.000;0;;;
6972285325878;;BLASH ON DODO GIRL;EYESHADOW/BLUSHON/CONTOUR/HIGHLITER;DODO GIRL;-2;PCS;11.000;18.000;0;;;
6972285327551;;EYESHADOW DODO ISI 2;EYESHADOW/BLUSHON/CONTOUR/HIGHLITER;DODO GIRL;6;PCS;11.700;18.000;0;;;
6972285327605;;HIGHLIGHTER DODO GIRL;HIGLIGHTER;DODO GIRL;-12;PCS;11.700;20.000;0;;;
6972285328107;;EYESHADOW DODO ISI 4;EYESHADOW/BLUSHON/CONTOUR/HIGHLITER;NO MEREK;10;PCS;12.100;18.000;0;;;
6972285328312;;EYESHADOW DODO BONEKA;EYESHADOW/BLUSHON/CONTOUR/HIGHLITER;DODO GIRL;10;PCS;15.000;20.000;0;;;
6972311120101;;PINSET JERAWAT ISI 2;ALAT MAKE UP;NO MEREK;-8;PCS;3.000;8.000;0;;;
6972423631281;;EYEBROW POWDER BROWS;EYESHADOW/BLUSHON/CONTOUR/HIGHLITER;BROWS;-8;PCS;10.000;16.000;0;;;
6972423632523;;CONTOUR AND CONCEALER BASAH;EYESHADOW/BLUSHON/CONTOUR/HIGHLITER;NO MEREK;-1;PCS;17.500;22.000;0;;;
6972423636439;;MASKARA ALOE VERA BENING;MASCARA;NO MEREK;-7;PCS;7.000;15.000;0;;;
6972423638181;;SERUM BULU MATA;MASCARA;NO MEREK;11;PCS;6.300;17.000;0;;;
6972551122101;;SISIR SERIT BESI;SISIR;NO MEREK;58;PCS;3.400;10.000;0;;;
6972749461869;;EYELINER BULU AYAM;EYELINER;HANTIYA;36;PCS;7.500;14.000;0;;;
6972755025079;;REMIMPI HAIR LOSS TREATMENT 300ML;SAMPO;PT REMIMPI;0;PCS;31.500;37.000;0;;;
6972856070039;;SALEP ZU DAI FU;SALEP;NO MEREK;120;PCS;8.000;14.000;0;;;
6973100260831;;LIPMATTE HOLD MORNING;LIPSTIK/LIPCREAM/LIPTIN/LIPBLAM;NO MEREK;-10;PCS;6.100;17.000;0;;;
6973100264020;;LIP TINT ES CREAM HOLD MORNING;LIPSTIK/LIPCREAM/LIPTIN/LIPBLAM;NO MEREK;43;PCS;6.000;14.000;0;;;
6973263792569;;EYELINER O.TWO.O;EYELINER;OTO;-3;PCS;43.400;50.000;0;;;
6974108060201;;MAYBELLINE MATTE LIP GLOSS;LIPSTIK/LIPCREAM/LIPTIN/LIPBLAM;MYBELLINE;39;PCS;5.500;18.000;0;;;
6974908111578;;PINKFLASH ALIS POMADE NO 01;ALAT MAKE UP;PINKFLASH;-1;PCS;34.200;40.000;0;;;
6974908111585;;PINKFLASH ALIS POMADE;EYELINER;PINKFLASH;-1;PCS;34.200;40.000;0;;;
6974908111592;;PINKFLASH ALIS POMADE;ALAT MAKE UP;PINKFLASH;-1;PCS;34.200;40.000;0;;;
6974908111622;;EYESHADOW PINK FLASH RD 02;EYESHADOW/BLUSHON/CONTOUR/HIGHLITER;PINKFLASH;-2;PCS;31.700;38.000;0;;;
6974908111684;;EYESHADOW PINKFLASH BR 02;EYESHADOW/BLUSHON/CONTOUR/HIGHLITER;PINKFLASH;-1;PCS;31.700;38.000;0;;;
6974908111707;;EYESHADOW PINKFLASH BR 04;EYESHADOW/BLUSHON/CONTOUR/HIGHLITER;PINKFLASH;0;PCS;31.700;38.000;0;;;
6974908111714;;EYESHADOW PINKFLASH BR 05;EYESHADOW/BLUSHON/CONTOUR/HIGHLITER;PINKFLASH;0;PCS;31.700;38.000;0;;;
6974908112070;;PINKFLASH DUO LIPGLOSS;LIPSTIK/LIPCREAM/LIPTIN/LIPBLAM;NO MEREK;24;PCS;24.200;30.000;0;;;
6974908113046;;LIPBALM PINKFLASH;LIPSTIK/LIPCREAM/LIPTIN/LIPBLAM;NO MEREK;0;PCS;16.000;20.000;0;;;
6975115202219;;EYESHADOW PINK KEY LONG LASTING;EYESHADOW/BLUSHON/CONTOUR/HIGHLITER;NO MEREK;2;PCS;20.000;30.000;0;;;
6979952730034;;EYESHADOW DOMPET TUTU TIME NO 625A-5;EYESHADOW/BLUSHON/CONTOUR/HIGHLITER;NO MEREK;17;PCS;24.200;35.000;0;;;
6982343243334;;EYEBROW GEL ISI 1;EYESHADOW/BLUSHON/CONTOUR/HIGHLITER;NO MEREK;-8;PCS;6.500;14.000;0;;;
6983848517685;;GUNTING KECIL RIGE;AKSESORIS;NO MEREK;1;PCS;6.300;10.000;0;;;
6987621542840;;CONCEALER HUDA 2IN1;CONCEALING;HUDA BEAUTY;5;PCS;9.600;17.000;0;;;
6987645574124;;JEPITAN BULU MATA EP;ALAT MAKE UP;NO MEREK;-1;PCS;11.000;18.000;0;;;
6988316568664;;MASKARA N EYELINER PONDS;MASCARA/EYELINER;PONDS;4;PCS;8.000;16.000;0;;;
6988480325179;;PINSET JERAWAT;JEPIT;NO MEREK;44;PCS;2.000;6.000;0;;;
6988547112223;;GUNTING  KECIL;GUNTING;NO MEREK;-22;PCS;2.700;7.000;0;;;
6994657741499;;KUAS BLASH ON TABUNG BESAR;KUAS;NO MEREK;12;PCS;20.000;25.000;0;;;
6994657771175;;KUAS BLASH ON TABUNG KECIL;KUAS;NO MEREK;46;PCS;10.000;16.000;0;;;
7211105385319;;AUTOCHECK GULA;CEK;AUTOCHECK;20;BOTOL;73.000;85.000;0;;;
7237845232614;;MASKER SENSI DUCKBILL ISI 50;MASKER;SENSI;-104;BIJIAN;2.800;3.500;0;;;
7237845235912;;MASKER SENSI DUCKBIL ITEM;MASKER;SENSI;154;PCS;2.700;3.000;0;;;
7237845251110;;MASKER HIJAB SENSI;MASKER;SENSI;1;BOX;135.000;150.000;0;;;
7237846111314;;SARUNG TANGAN KARET M;SARUNG TANGAN;SENSI;214;PCS;400;5.000;0;;;
7237846111413;;SARUNG TANGAN KARET L;SARUNG TANGAN;SENSI;373;PCS;400;5.000;0;;;
725765154477;;THE ORIGINOTE SUNSCREEN SPF 50;SUNCREEN;THE ORIGINOTE;1;BOTOL;35.000;38.000;0;;;
7510304050036;;TEST PECK GEA;TES;GEA MEDICAL;-3;PCS;2.000;5.000;0;;;
7554411566554;;SKINTIFIC 5X CERAMIDE MOITURE GEL;PELEMBAB;SKINTIFIC;0;PCS;95.000;110.000;0;;;
7640129890040;;SABUN ASEPSO BATANG 80G;SABUN BATANG;ASEPSO;63;PAK;8.000;13.000;0;;;
764460291056;;THE ORIGINOTE CREAM  PINK;CREAM WAJAH;THE ORIGINOTE;2;PCS;35.000;40.000;0;;;
769503433202;;THE ORIGINOTE LIP OIL SERUM;LIPSTIK/LIPCREAM/LIPTIN/LIPBLAM;THE ORIGINOTE;1;PCS;32.500;38.000;0;;;
7736492221359;;MAYBELLINE DREAM WONDER POWDER/POUDRE 20g;BEDAK TABUR;MYBELLINE;-2;PCS;20.000;25.000;0;;;
792649503379;;THE ORIGINOTE MICELLAR WATER;FACE CLEANCER;THE ORIGINOTE;0;BOTOL;42.500;48.000;0;;;
7937693004400;;BOTTLE BRUSH;ALAT CUCI;NO MEREK;-4;PCS;7.000;12.000;0;;;
8000700000005;;SABUN DOVE BATANG BEAUTY CREAM BAR 100G;SABUN BATANG;DOVE;-6;PCS;6.000;10.000;0;;;
800142202085;;VITAMIN MAKARIZO PENCET 50ml;VITAMIN RAMBUT;MAKARIZO;6;PCS;41.500;47.000;0;;;
800142333031;;MAKARIZO ADVISOR SPRAY 70ml;HAIR SPRAY;MAKARIZO;-2;PCS;29.500;36.000;0;;;
800142384101;;CREAMBATH MAKARIZO ALOE&MELON SASET BESAR 60ML;CREAMBATH;MAKARIZO;-8;PCS;12.100;16.000;0;;;
800142384118;;MAKARIZO CREAMBATH KIWI SASET 60 ML;CREAMBATH;MAKARIZO;11;PCS;11.700;15.000;0;;;
800142384125;;CREAMBATH MAKARIZO SASET BESAR ROYAL JELLY 60ML;CREAMBATH;MAKARIZO;-10;PCS;12.100;16.000;0;;;
800142384132;;CREAMBATH MAKAREZO ALOE&MELON BOTOL;CREAMBATH;MAKARIZO;2;PCS;73.000;80.000;0;;;
800142384149;;MAKAREZO CREAMBATH MANGKOK KIWI 500ML;CREAMBATH;MAKARIZO;0;PCS;73.000;80.000;0;;;
800142384156;;MAKARIZO HAIR ENERGY FIBERTHERAPY ROYAL JELLY EXCTRACT 500ml;CREAMBATH;MAKARIZO;-1;PCS;73.000;80.000;0;;;
800142384194;;MAKARIZO HAIR ENERGY SACHET ALOE&MELON EXCTRACT;SHAMPOO&CONDITIONER;MAKARIZO;67;PCS;900;2.500;0;;;
800142384200;;MAKARIZO HAIR ENERGY SACHET OLIVE EXTRACT;SHAMPOO&CONDITIONER;MAKARIZO;-16;PCS;1.000;2.500;0;;;
800142384248;;MAKARIZO HAIR ENERGY CREAMBATH MELON;CREAMBATH;MAKARIZO;-13;PCS;6.400;10.000;0;;;
800142384255;;MAKARIZO HAIR ENERGY CREAMBATH SACHE KIWI EXCTRACT;CREAMBATH;MAKARIZO;50;PCS;6.400;10.000;0;;;
800142384262;;MAKARIZO CREAMBATH SACHET ROYAL JELLY EXTRACT;CREAMBATH;MAKARIZO;42;PCS;6.400;10.000;0;;;
800142384309;;MAKARIZO HAIR ENERGY SACHET KIWI EXCTRACT;SHAMPOO&CONDITIONER;MAKARIZO;-17;PCS;1.000;2.500;0;;;
800142384316;;MAKARIZO HAIR ENERGY SACHET ROYAL JELLY EXTRACT;SHAMPOO&CONDITIONER;MAKARIZO;105;PCS;900;2.500;0;;;
800142384385;;MAKARIZO HAIR ENERGY SCENTSATIONS MORNING DEW 100ml;HAIR SPRAY;MAKARIZO;-8;PCS;23.200;27.000;0;;;
800142384392;;MAKAREZO HAIR ENERGY 100ML;HAIR SPRAY;MAKARIZO;0;BOTOL;22.500;26.000;0;;;
800142384408;;MAKARIZO HAIR ENERGY CHERRY BLOSSOMS 100ml;HAIR SPRAY;MAKARIZO;10;PCS;23.200;27.000;0;;;
800142384415;;MAKARIZO HAIR ENERGY SCENTSATIONS FRESH BOUQUEST 100ml;HAIR SPRAY;MAKARIZO;13;PCS;23.000;27.000;0;;;
800142384422;;HAIR SPRAY MAKAREZO UNGU 30ML;PARFUM;MAKARIZO;20;BOTOL;10.500;15.000;0;;;
800142384439;;MAKAREZO HAIR ENERGY BIRU 30ML;PARFUM;MAKARIZO;-13;BOTOL;10.500;15.000;0;;;
800142384446;;HAIR SPRAY MAKAREZO PINK 30ML;PARFUM;MAKARIZO;9;BOTOL;10.500;15.000;0;;;
800142384453;;HAIR SPRAY MAKAREZO IJO 30ML;PARFUM;MAKARIZO;-12;BOTOL;10.500;15.000;0;;;
800142384491;;MAKARIZO HAIR ENERGY FIBERTHERAPY OLIVE EXCTRACT 500ml;CREAMBATH;MAKARIZO;0;PCS;72.000;78.000;0;;;
800142384507;;SHAMPO MAKARIZO ROYAL JELLY EXTRACT 170ML;SHAMPOO&CONDITIONER;MAKARIZO;12;BOTOL;20.000;25.000;0;;;
800142384514;;SAMPO MAKARIZO 170mL;SAMPO;MAKARIZO;-1;BOTOL;20.000;25.000;0;;;
800142384521;;MAKARIZO SHAMPO ALOE&MELON EXTRACT 170ML;SAMPO;MAKARIZO;9;PCS;20.000;25.000;0;;;
800142384538;;MAKARIZO SHAMPO OLIVE EXTRACT 170ML;SAMPO;MAKARIZO;1;PCS;20.000;25.000;0;;;
800142384552;;MAKARIZO HAIR ENERGY SHAMPOO 330 ML;SAMPO;MAKARIZO;-2;BOTOL;34.000;40.000;0;;;
800142384569;;SHAMPOO MAKAREZO ALOE VERA 330 ML;SHAMPOO&CONDITIONER;MAKARIZO;2;BOTOL;35.000;40.000;0;;;
800142384613;;MAKARIZO HAIR ENERGY OLIVE 60 ML SASET;CREAMBATH;MAKARIZO;4;PCS;11.700;15.000;0;;;
800142384651;;MAKARIZO CREAMBATH SACHET OLIVE EXTRACT;CREAMBATH;MAKARIZO;15;PCS;6.400;10.000;0;;;
800142384828;;MAKARIZO HAIR ENERGY SCENTSATIONS BLUE COAST 100ml;HAIR SPRAY;MAKARIZO;4;PCS;23.000;27.000;0;;;
800142384835;;MAKARIZO HAIR ENERGY SCENTSATIONS WHITE MUSK 100ml;HAIR SPRAY;MAKARIZO;4;PCS;23.000;27.000;0;;;
800142623101;;MAKARIZO REBONDING SYTEM CURLY HAIR;REBONDING ;MAKARIZO;-3;PCS;62.500;72.000;0;;;
8001841069470;;NEUROBION INJEKSI;INJEK;PT MEPROFARM;691;PCS;19.000;25.000;0;;;
810114870136;;SKINTIFIC MSH NIACINAMIDE MOISTURE GEL;PELEMBAB;SKINTIFIC;0;PCS;95.000;110.000;0;;;
810114870150;;CUSHION SKINTIFIC GOLD VANILLA (01);CUSHION;SKINTIFIC;-1;PCS;140.000;160.000;0;;;
810114870174;;SKINTIFIC COVER PERFECT CUSHION 02;CUSHION;SKINTIFIC;0;PCS;140.000;160.000;0;;;
810114870198;;SKINTIFIC COVER PERFECT CUSHION GOLD 03;CUSHION;SKINTIFIC;0;PCS;140.000;160.000;0;;;
810114870211;;CUSHION SKINTIFIC BEIGE;CUSHION;SKINTIFIC;-1;PCS;125.000;145.000;0;;;
810114870228;;SKINTIFIC REFILL CUSHION BEIGE;CUSHION;SKINTIFIC;0;PCS;100.000;125.000;0;;;
810114870235;;SKINTIFIC COVER PERFECT CUSHION GOLD 05;CUSHION;SKINTIFIC;0;PCS;125.000;145.000;0;;;
810114870488;;CUSHION SKINTIFIC ALMOND (03A);CUSHION;SKINTIFIC;0;PCS;140.000;160.000;0;;;
810114870495;;SKINTIFIC REFILL CUSHION ALMOND;CUSHION;SKINTIFIC;1;PCS;100.000;125.000;0;;;
810114871249;;SKINTIFIC VELVET MATTE CUSHION 01;CUSHION;SKINTIFIC;-1;PCS;145.000;170.000;0;;;
810114871256;;SKINTIFIC VELVET MATTE CUSHION 02;CUSHION;SKINTIFIC;0;PAK;145.000;170.000;0;;;
810114871263;;SKINTIFIC VELVET MATTE CUSHION 03;CUSHION;SKINTIFIC;-1;PCS;145.000;170.000;0;;;
810114871409;;SKINTIFIC RETINOL MOISTURIZER;PELEMBAB;SKINTIFIC;0;PCS;95.000;110.000;0;;;
810114871591;;CUSHION SKINTIFIC GOLD WARM ALMOND(3);CUSHION;SKINTIFIC;-1;PCS;125.000;145.000;0;;;
810114872451;;SKINTIFIC ULTRA COVER POWDER FOUNDATION 01;FOUNDATION;SKINTIFIC;0;PCS;130.000;145.000;0;;;
810114872475;;SKINTIFIC ULTRA COVER POWDER FOUNDATION 03;FOUNDATION;SKINTIFIC;1;PCS;130.000;145.000;0;;;
810114872499;;SKINTIFIC ULTRA COVER POWDER FOUNDATION 04;FOUNDATION;SKINTIFIC;1;PCS;130.000;145.000;0;;;
811000080800;;PURE BLACK COOL BLACK D 16MM;SOFLEN;PURE BLACK;-1;PCS;23.000;50.000;0;;;
811000080900;;PURE BLACK DIA 16.0 COFFE BLACK;SOFLEN;PURE BLACK;0;PCS;23.000;50.000;0;;;
8262456879322;;MAJAKANI RAPET WANGI PIL;JAMU;NO MEREK;-2;PCS;2.100;5.000;0;;;
8420701102322;;EXTRA VIRGIN OLIVE OIL 90ml;OBAT OLES;RS;1;PCS;33.000;40.000;0;;;
8420701102667;;EXTRA VIRGIN OLIVE OIL 250ML;JAMU;RS;1;BOTOL;60.000;75.000;0;;;
847482000070;;RANI KONE;KUKU;RANI;16;PCS;7.000;12.000;0;;;
847482000087;;RANI KONE;KUKU;RANI;17;PCS;5.200;9.000;0;;;
847482000155;;RANI KONE MERAH BATA;KUTEK;RANI;5;PCS;5.300;9.000;0;;;
847482000216;;RANI KONE KOHL;EYELINER;RANI;12;PCS;9.500;13.000;0;;;
8694677100020;;HENA RAMBUT COKLAT;CAT RAMBUT;HENNA;23;PCS;6.000;10.000;0;;;
8694677100037;;HENA RAMBUT ITEM;CAT RAMBUT;HENNA;221;PCS;6.000;10.000;0;;;
8694677102079;;HERBUL BURGANDY HENNA;CAT RAMBUT;HENNA;-79;PCS;5.900;10.000;0;;;
8759393852278;;99 NATURAL BLEACHING SOAP 100G;SABUN BATANG;NATURAL 99;0;PCS;4.000;8.000;0;;;
8800201379620;;TONER GLAD2GLOW IJO 80 ML;TONER;GLAD2GLOW;1;BOTOL;40.000;46.000;0;;;
8800201379644;;TONER GLAD2GLOW UNGU80L;TONER;GLAD2GLOW;3;BOTOL;32.000;43.000;0;;;
8801038123004;;CUKUR ALIS TINEKE;CUKUR;NO MEREK;28;PCS;1.700;5.000;0;;;
8801038123110;;CUKUR ALIS TINEKE;CUKUR;TINEKE;49;PCS;1.700;5.000;0;;;
8805123720291;;MASKARA DAN EYELINER MAC;MASCARA;MAC;1;PCS;8.000;15.000;0;;;
8805123720307;;MASCARA MAYBELLINE 2IN1;MASCARA;MYBELLINE;0;PCS;8.400;15.000;0;;;
8805123781155;;POND'S MACARA+EYELINER;MASCARA/EYELINER;PONDS;1;PCS;7.500;15.000;0;;;
8806382623187;;DRAWING EYEBROW;ALAT MAKE UP;NO MEREK;0;PCS;6.300;10.000;0;;;
8806428043689;;CERMIN SEDANG;KACA;XIUDOU;-21;PCS;9.500;14.000;0;;;
8806428060334;;CERMIN BUAH KECIL;KACA;XIUDOU;-7;PCS;5.000;10.000;0;;;
8806428094520;;PENUTUP KEPALA;PENUTUP;SHUYA;5;PCS;4.200;7.000;0;;;
8809103870198;;AIR SOFTLENS ICE 150ML;AIR SOFTLENS;ICE;7;BOTOL;25.500;30.000;0;;;
8809103870204;;AIR SOFTLENS ICE 60ML;AIR SOFTLENS;ICE;39;BOTOL;12.500;17.000;0;;;
8809600543373;;GLAD 2 GLOW POWDER FOUNDATION NO 02;BEDAK ;GLAD2GLOW;-5;PCS;58.000;90.000;0;;;
8809600864874;;CUSHION GLAD2GLOW NO 04 GINGER;CUSHION;GLAD2GLOW;0;PCS;80.000;90.000;0;;;
8809601379018;;GLAD2GLOW BRIGHTENING MOISTURIZER 30 GR;PELEMBAB;GLAD2GLOW;2;PCS;30.000;40.000;0;;;
8809601379629;;TONER GLAD2GLOW PINK 80 ML;TONER;GLAD2GLOW;9;BOTOL;30.000;40.000;0;;;
8809611114944;;SUNSCREEN GLAD2GLOW SPF 50;SUNCREEN;GLAD2GLOW;1;BOTOL;39.000;46.000;0;;;
8809611654389;;GLAD2GLOW REFILL CUSHION PRALINE;CUSHION;GLAD2GLOW;1;PCS;65.000;78.000;0;;;
8809613111521;;GLAD2GLOW 2IN1 CUSHION POWDER;CUSHION;GLAD2GLOW;2;PCS;83.000;100.000;0;;;
8809613119152;;GLAD2GLOW 2IN1 CUSHION POWDER;CUSHION;GLAD2GLOW;3;PCS;83.000;100.000;0;;;
8809613435375;;CUSHION GLAD2GLOW NO 00 AFFOGATO;CUSHION;GLAD2GLOW;0;PCS;80.000;90.000;0;;;
8809616608936;;GLAD2GLOW CENTELLA IJO;CREAM WAJAH;GLAD2GLOW;0;PCS;30.000;36.000;0;;;
8809618369651;;MICELLAR WATER G2G PINK 130ML;TONER;GLAD2GLOW;0;BOTOL;26.000;32.000;0;;;
8809618376543;;GLAD2GLOW GEL CLEANSER BLUEBERRY 70 ML;GEL;GLAD2GLOW;8;BOTOL;30.000;38.000;0;;;
8809620958553;;GLAD2GLOW REFIL CUSHION GINGER;CUSHION;GLAD2GLOW;0;PCS;65.000;78.000;0;;;
8809622345665;;CREAM G2G UNGU 30 GR;PELEMBAB;GLAD2GLOW;11;PCS;30.000;40.000;0;;;
8809622456767;;GLAD 2 GLOW BLURRING POWDER FUONDATION 03;BEDAK ;GLAD2GLOW;-7;PCS;58.000;90.000;0;;;
8809623612735;;ACNE MOISTURIZER G2G KIWI (IJO);PELEMBAB;GLAD2GLOW;-8;PCS;29.000;40.000;0;;;
8809633876288;;GLAD2GLOW REFILL CUSHION CUSTRAD;CUSHION;GLAD2GLOW;2;PCS;65.000;78.000;0;;;
8809636534413;;BODY SERUM G2G TROPICAL VELVET 300ML;HAND&BODY LOTION;GLAD2GLOW;3;BOTOL;45.000;52.000;0;;;
8809636534420;;BODY SERUM G2G CREAMY BERRY 300ML;HAND&BODY LOTION;GLAD2GLOW;1;BOTOL;45.000;52.000;0;;;
8809636534505;;BODY SERUM G2G TROPICAL VELVET 180 ML;HAND&BODY LOTION;GLAD2GLOW;1;BOTOL;31.000;38.000;0;;;
8809639407455;;MICELLAR WATER G2G BIRU KECIL;FACE TONIC;GLAD2GLOW;0;BOTOL;26.000;32.000;0;;;
8809639456750;;MOISTURIZER GLAD2GLOW SENSITIV;CREAM WAJAH;GLAD2GLOW;0;PCS;30.000;38.000;0;;;
8809646665985;;SERUM G2G RETINOL;SERUM WAJAH;GLAD2GLOW;11;BOTOL;26.000;38.000;0;;;
8809648598397;;CUSHION GLAD2GLOW NO 01 BUTTERCREAM;CUSHION;GLAD2GLOW;2;PCS;76.000;90.000;0;;;
8809650176491;;GLAD2GLOW DARK SPOT MOISTURIZER;CREAM WAJAH;GLAD2GLOW;3;PCS;30.000;40.000;0;;;
8809652637891;;GLAD2GLOW RETINOL MOISTURIZER 30 GR;PELEMBAB;GLAD2GLOW;-5;PCS;30.000;40.000;0;;;
8809655676569;;GLAD 2 GLOW BLURRING POWDER FOUNDATION 04;BEDAK ;GLAD2GLOW;0;PCS;78.000;90.000;0;;;
8809658121349;;SERUM GLAD2GLOW POWER BRIGHT 15ML;SERUM WAJAH;GLAD2GLOW;6;BOTOL;27.000;38.000;0;;;
8809665287342;;GLAD2GLOW BRIGHTENING CLEANSER 80 GR;FACE CLEANCER;GLAD2GLOW;9;BOTOL;30.000;40.000;0;;;
8809672562913;;CUSHION GLAD2GLOW NO 05;CUSHION;GLAD2GLOW;-5;PCS;80.000;90.000;0;;;
8809674598705;;GLAD2GLOW GEL CLEANSER ACNE 70 ML;GEL;GLAD2GLOW;15;BOTOL;28.000;38.000;0;;;
8809677654224;;GLAD 2 GLOW BLURRING POWDER FOUNDATION 05;BEDAK ;GLAD2GLOW;-3;PCS;78.000;90.000;0;;;
8809686947652;;CUSHION GLAD2GLOW NO 03;CUSHION;GLAD2GLOW;-2;PCS;62.000;90.000;0;;;
8809687005481;;SERUM GLAD2GLOW PEELING 15ML;SERUM WAJAH;GLAD2GLOW;11;BOTOL;30.000;40.000;0;;;
8809687397302;;SERUM G2G IJO 17ML;SERUM WAJAH;GLAD2GLOW;3;BOTOL;33.000;40.000;0;;;
8809688753909;;CUSHION GLAD2GLOW NO 02;CUSHION;GLAD2GLOW;4;PCS;62.000;90.000;0;;;
8809698873345;;MICELLAR WATER GLAD2GLOW PINK 300 ML;TONER;GLAD2GLOW;-3;BOTOL;34.000;43.000;0;;;
8851369119153;;LIPTIN CANDY SASIMI;LIPSTIK/LIPCREAM/LIPTIN/LIPBLAM;SASIMI;-38;PCS;5.500;12.000;0;;;
8851369120579;;SASIMI LIPTIN CANDY DORAEMON;LIPSTIK/LIPCREAM/LIPTIN/LIPBLAM;SASIMI;20;PAK;5.500;12.000;0;;;
8851932111805;;PONDS FACE POWDER 50g;BEDAK TABUR;PONDS;1;PCS;24.000;28.000;0;;;
8851932301572;;PONDS POWDER BB 50gr;BEDAK TABUR;PONDS;-3;PCS;30.000;34.000;0;;;
8851932378925;;POND'S WHITE BEAUTY BRIGHTENING MICELLAR WATER 1O0ml;PEMBERSIH;PONDS;-1;PCS;17.000;21.000;0;;;
8852086000175;;PRICKLY HEAT COOL PINK 150 GR;BEDAK TABUR;NO MEREK;-1;BOTOL;23.000;28.000;0;;;
8852086000205;;PRICKLY HEAT POWDER OCEAN FRESH 150 GR;BEDAK TABUR;NO MEREK;0;BOTOL;23.000;28.000;0;;;
8852086000328;;PRICKLY HEAT POWDER CLASSIC 150 GR;BEDAK TABUR;NO MEREK;4;BOTOL;23.000;28.000;0;;;
8852086000359;;SNAKE BRAND POWDER LAVENDER 150 GR;BEDAK ;NO MEREK;0;BOTOL;23.000;30.000;0;;;
8852961002102;;SUTRA MERAH 3;PENGAMAN;SUTRA;207;PCS;5.000;9.000;0;;;
8852961002126;;SUTRA MERAH 12;PENGAMAN;SUTRA;-83;PCS;21.000;26.000;0;;;
8852961003222;;SUTRA ITEM ISI 3;PENGAMAN;SUTRA;131;PCS;7.300;12.000;0;;;
8852961003246;;SUTRA ITEM 12;PENGAMAN;SUTRA;-8;PCS;25.000;32.000;0;;;
88530208;;CREAM JONSON PINK 50GR;CREAM KAKI;JOHNSONS;1;PCS;18.000;22.000;0;;;
88530215;;JOHNSONS BABY CREAM PINK 100 GR;BABY CREAM;JOHNSONS;0;BOTOL;27.000;32.000;0;;;
8854347000115;;CREAM UB;CREAM WAJAH;NO MEREK;15;PCS;13.000;20.000;0;;;
8859129809160;;CONCEALER SASIMI;CONCEALING;NO MEREK;6;PCS;6.300;13.000;0;;;
8859279809126;;SASIMI EYEBROW CREAM;MASCARA;SASIMI;-14;PCS;6.300;15.000;0;;;
8859578308511;;LIP GLOS SASIMI S919;LIPSTIK/LIPCREAM/LIPTIN/LIPBLAM;SASIMI;-20;PCS;6.300;17.000;0;;;
8859690401053;;BODY SERUM AHA 30ML;BODY SERUM;AHA;2;BOTOL;24.000;30.000;0;;;
887462312212;;TANDUK RUSA;JAMU;JAMU;2;PCS;8.800;15.000;0;;;
88820286;;CUSSONS BABY OIL MILD & GENTLE 100+100ML;BABY OIL;CUSSON BABY;13;PCS;20.000;25.000;0;;;
88820293;;CUSSON SHAMPOO AVOCADO&PRO-VIT B5 100+100ML;SHAMPO BAYI;CUSSON BABY;5;PCS;12.500;17.000;0;;;
88820309;;CUSSON BABY POWDER MILD&GENTLE 100+50g;BEDAK TABUR;CUSSON BABY;19;PCS;7.000;11.000;0;;;
8885015220061;;INSTO REGURAL 7,5ml;TETES MATA;INSTO;222;PCS;13.200;17.500;0;;;
8885015220306;;INSTO COOL 7,5ML;OBAT;COMBIPHAR;17;BOTOL;15.000;20.000;0;;;
8886020001096;;SWALLOW TOILET COLOUR BALL;PENGHARUM;SWALLOW;24;PCS;18.000;23.000;0;;;
8886020001102;;SWALLOW TOILET COLOUR BALL ISI 6;ALAT CUCI;SWALLOW;1;PCS;19.000;23.000;0;;;
8886020001256;;SWALLOW NAPHTHALENE DISK BALL;PENGHARUM;SWALLOW;-1;PCS;10.000;15.000;0;;;
8886020033431;;KAPUR AJAIB;RACUN;BAGUS;-26;PCS;3.000;7.000;0;;;
8886456203897;;DERMATIX ULTRA GEL 5GR;SALEP;NO MEREK;-5;DUS;108.000;120.000;0;;;
8888103003119;;CUSSONS BABY COLOGNE LOVELY 100ML;BABY COLOGNE;CUSSON BABY;-1;PCS;19.000;24.000;0;;;
8888103004390;;CUSSON BABY SHAMPOO ALMOND OIL&HONEY 100+100ML;SHAMPO BAYI;CUSSON BABY;2;PCS;12.500;17.000;0;;;
8888103006882;;TISSU BASAH CUSSONS BABY 50 SHEET;TISSU;CUSSON BABY;2;PCS;7.500;12.000;0;;;
8888103200013;;SABUN CUSSON BABY BATANG  MILD&GENTLE 75G;SABUN BATANG;MYBABY;4;PCS;3.800;7.000;0;;;
8888103201218;;CUSSONS BABY POWDER BIRU 200GR+60GR;BEDAK TABUR;CUSSON BABY;1;BOTOL;12.500;17.000;0;;;
8888103201317;;BEDAK CUSSONS BABY POWDER 500 GR;BEDAK TABUR;CUSSON BABY;1;BOTOL;17.500;23.000;0;;;
8888103205018;;CUSS0NS BABY OIL MILD & GENTLE 50+50ML;BABY OIL;CUSSON BABY;28;PCS;11.700;16.000;0;;;
8888103209108;;CUSSONS BABY COLOGNE SOFT 100ML;BABY COLOGNE;CUSSON BABY;1;PCS;18.000;24.000;0;;;
8888826019589;;GILLETTE FLEXI BLUE 2;AKSESORIS;GILLETTE;16;PCS;3.600;10.000;0;;;
8901138505547;;FACE WASH HIMALAYA OIL CONTROL 100 ML;FACIAL FOAM;HIMALAYA;1;BOTOL;36.500;40.000;0;;;
8901138512002;;FACE WASH HIMALAYA 100ML;FACIAL FOAM;HIMALAYA;11;BOTOL;25.000;32.000;0;;;
8901138818777;;FACIAL FOAM HIMALAYA 50ML KECIL;FACIAL WASH;HIMALAYA;-2;PCS;20.000;25.000;0;;;
8901138821845;;HIMALAYA NEEM MASK 50ML;MASKER WAJAH;HIMALAYA;7;PCS;15.500;20.000;0;;;
8901138830816;;MASKER HIMALAYA 100ML;MASKER WAJAH;HIMALAYA;7;BOTOL;20.000;30.000;0;;;
8901138837426;;HIMALAYA NEEM MASK SACHET;HAIR MASK;HIMALAYA;-6;PCS;8.500;12.000;0;;;
8901526209897;;GARNIER COLOR NATURALS 3;SEMIR RAMBUT;GARNIER;168;PCS;15.000;19.000;0;;;
8901526209910;;GARNIER COLOR NATURALS 1;SEMIR RAMBUT;GARNIER;447;PCS;15.400;19.000;0;;;
8901526211715;;GARNIER COLOR NATURALS 316;SEMIR RAMBUT;GARNIER;24;PCS;14.200;19.000;0;;;
8901526530113;;GARNIER COLOR NATURALS 4;SEMIR RAMBUT;GARNIER;12;PCS;15.000;19.000;0;;;
8901526539468;;GARNIER COLOR NATURALS 3.1;SEMIR RAMBUT;GARNIER;3;PCS;14.200;20.000;0;;;
8901526539512;;1GARNIER COLOR NATURALS 7.65;SEMIR RAMBUT;GARNIER;5;PCS;14.200;20.000;0;;;
8901526539567;;GARNIER COLOR NATURALS 7.3;SEMIR RAMBUT;GARNIER;115;PCS;15.400;20.000;0;;;
8901526539611;;GARNIER COLOR NATURALS 6.26;SEMIR RAMBUT;GARNIER;13;PCS;14.200;20.000;0;;;
8901526539666;;GARNIER COLOR NATURALS 6.62;SEMIR RAMBUT;GARNIER;1;PCS;16.500;20.000;0;;;
8901526540068;;GARNIER COLOR NATURAL 5.32;CAT RAMBUT;GARNIER;124;PCS;15.500;19.000;0;;;
8901526540112;;GARNIER COLOR NATURALS 6.64;SEMIR RAMBUT;GARNIER;36;PCS;14.200;19.000;0;;;
8901526578504;;GARNIER MEN SHAMPOO COLOR 1.0;SEMIR RAMBUT;GARNIER;46;PCS;16.000;20.000;0;;;
8901526578511;;GARNIERT MEN SHAMPOO COLOR 3.0;SEMIR RAMBUT;GARNIER;38;PCS;15.500;20.000;0;;;
8901526598342;;CAT RAMBUT GARNIER ASH BLONDE;CAT RAMBUT;GARNIER;169;PCS;15.000;20.000;0;;;
8901526598359;;GARNIER COLOR NATURAL TRUE BLUE;CAT RAMBUT;GARNIER;61;PCS;15.400;20.000;0;;;
8901526598366;;CAT RAMBUT GARNIER DEEP LAVENDER SASET;CAT RAMBUT;GARNIER;5;PCS;14.500;20.000;0;;;
8901526598373;;GARNIER COLOR NATURAL BRILLIANT PINK;CAT RAMBUT;GARNIER;19;PCS;14.200;20.000;0;;;
8901526628919;;GARNIER COLOR NATURAL RADIANT BLUEBERRY;CAT RAMBUT;GARNIER;14;PCS;14.200;20.000;0;;;
8901526631605;;GARNIER COLOR NATURAL COOL ASH;CAT RAMBUT;GARNIER;22;PCS;15.500;20.000;0;;;
8906008420265;;X2 COMFORT EXTRA 60ML;AIR SOFTLENS;X2;-33;PCS;12.100;17.500;0;;;
8906008420760;;X2 COMFORT EXTRA 120ML;AIR SOFTLENS;X2;-14;PCS;20.000;25.000;0;;;
8906008422153;;AIR X2 CONTACT 15 ML;AIR SOFTLENS;X2;5;BOTOL;23.000;29.000;0;;;
8920200733510;;BEDAK TABUR MAYBELLINE AFFINITONE 24GR;BEDAK ;MYBELLINE;-1;PCS;20.000;26.000;0;;;
8934868015024;;REXONA DEO-LOTION FREE SPIRIT SACHET;DEODORAN;REXONA;127;PCS;2.100;3.000;0;;;
8934868015031;;REXONA MEN DEO-LOTION ICE COOL SACHET;DEODORAN;REXONA;49;PCS;2.100;3.000;0;;;
8955155815318;;KUKU PALSU;KUKU;NO MEREK;-34;PCS;12.500;18.000;0;;;
8955155819286;;KUKU PALSU LULU;KUKU;NO MEREK;-1;PCS;5.500;12.000;0;;;
8955158581678;;KUKU PALSU SISA;KUKU;NO MEREK;43;PCS;10.000;20.000;0;;;
8979779055776;;FAIR & LOVELY BRIGHTENING FACIAL FOAM 100G;FACIAL WASH;FAIR & LOVELY;-1;PCS;17.000;21.000;0;;;
8980009470023;;MADU DIET 350gr;MADU;AT-THOIFAH;0;PCS;75.000;85.000;0;;;
8980009470122;;MADU PENYUBUR PRIA 350gr;MADU;AT-THOIFAH;0;PCS;85.000;95.000;0;;;
8981221040544;;VCO VIRGIN COCONUT OIL 125ML;OBAT;NO MEREK;4;BOTOL;20.000;28.000;0;;;
8987009156803;;HANDSANITIZER SPRAY 280MG;HANDSANITIZER;XMD;-3;PCS;22.000;25.000;0;;;
8987455896605;;MADU HUTAN SUPER 250ml;MADU;AT-THOIFAH;-3;PCS;40.000;70.000;0;;;
8988464010235;;MADU GEMUK FOR KIDS;MADU;AT-THOIFAH;4;BOTOL;21.000;35.000;0;;;
8988464010242;;MAPIN FOR KIDS 175 GR;JAMU;AT-THOIFAH;2;BOTOL;21.000;30.000;0;;;
8988464010259;;MADU NAFSU MAKAN FOR KIDS 175 GR;MADU;AT-THOIFAH;3;BOTOL;21.000;35.000;0;;;
8988464010273;;MADU YOUSLIM 350 GR ATH-THOIFAH;MADU;AT-THOIFAH;2;BOTOL;48.000;80.000;0;;;
8988464010297;;MADU GEMES 350gr;MADU;AT-THOIFAH;-1;BOTOL;45.000;75.000;0;;;
8988464010303;;GARDUO 350 GR;MADU;AT-THOIFAH;2;PCS;72.000;95.000;0;;;
8988464010310;;MADU STAMEN 350 GR;MADU;AT-THOIFAH;0;BOTOL;72.000;95.000;0;;;
8988464010457;;MADU MAZERO 280 GR;MADU;AT-THOIFAH;0;BOTOL;50.000;90.000;0;;;
8988464010617;;RAMUAN MADU HITAM 25 475 GR;MADU;AT-THOIFAH;-3;BOTOL;48.000;80.000;0;;;
8988464030912;;KAPSUL GAMAS ISI 60;JAMU;AT-THOIFAH;1;BOTOL;42.000;70.000;0;;;
8988464030950;;EKSTRAK IKAN GABUS KAPSUL ISI 60;JAMU;AT-THOIFAH;-8;BOTOL;48.000;80.000;0;;;
8988464030998;;WASIRGO 60KAPSUL;OBAT;AT-THOIFAH;0;PCS;60.000;60.000;0;;;
8988464031070;;KAPSUL ANGKAK ISI 60 ATH-THOIFAH;JAMU;AT-THOIFAH;-3;BOTOL;36.000;65.000;0;;;
8988464031087;;FITTENZO KAPSUL ISI 60;JAMU;AT-THOIFAH;1;BOTOL;36.000;60.000;0;;;
8988464031162;;KAPSUL SIRATIK 60 KAPSUL;MADU;AT-THOIFAH;1;PCS;48.000;65.000;0;;;
8988464031186;;SULINCAPS 60 KAPSUL;MADU;AT-THOIFAH;1;PCS;56.000;75.000;0;;;
8988464040539;;SARI KURMA ANGKAK 330 GR;MADU;AT-THOIFAH;7;BOTOL;24.000;40.000;0;;;
8988464040546;;SARI KURMA ANGKAK 280 GR;MADU;AT-THOIFAH;3;BOTOL;21.000;35.000;0;;;
8988464320419;;KING HONEY FOREST 480gr;MADU;AT-THOIFAH;0;PCS;60.000;80.000;0;;;
8988464320532;;MADU TEMULAWAK 200ml;MADU;AT-THOIFAH;-2;PCS;48.000;70.000;0;;;
8988464320563;;MADARTING 125ml;MADU;AT-THOIFAH;0;PCS;36.000;50.000;0;;;
8988464411476;;MADU PENURUN PANAS 125ml;MADU;AT-THOIFAH;5;PCS;24.000;40.000;0;;;
8988465331032;;MADU KURMA ZAHIRA 280 GR;MADU;NO MEREK;-1;BOTOL;28.000;40.000;0;;;
8990090100150;;SARIAYU LOOSE POWDER KUNING LANGSAT 14g;BEDAK TABUR;SARIAYU;1;PCS;19.000;24.000;0;;;
8990090100167;;SARIAYU LOOSE POWDER KUNING PENGANTIN;BEDAK TABUR;SARIAYU;1;PCS;19.000;24.000;0;;;
8990090102383;;SARIAYU MARTHA TILAAR COMPACT POWDER 15g;BEDAK PADAT;SARIAYU;5;PCS;27.600;32.000;0;;;
8990090102406;;SARIAYU MARTHA TILAAR COMPACT POWDER 15g;BEDAK PADAT;SARIAYU;-10;PCS;27.600;32.000;0;;;
8990090110012;;SARIAYU FOUNDATION KUNING LANGSAT 35ml;FOUNDATION;SARIAYU;7;PCS;15.500;20.000;0;;;
8990090110029;;SARIAYU FOUNDATION KUNING PENGANTIN 35ml;FOUNDATION;SARIAYU;8;PCS;14.500;19.000;0;;;
8990090120011;;SARIAYU MARTHA TILAAR MAWAR MOISTURIZER 35ml;PELEMBAB;SARIAYU;1;PCS;12.800;17.000;0;;;
8990090120271;;SARIAYU MARTHA TILAAR JERUK MOISTURIZER 35ml;PELEMBAB;SARIAYU;-1;PCS;11.000;13.000;0;;;
8990090220094;;MIRABELLA URANG ARING 180ml;MINYAK RAMBUT;MARTHA TILAAR;-1;PCS;22.500;28.000;0;;;
8990090301748;;SARIAYU MARTA TILAAR BUSA PEMBERSIH;FACIAL FOAM;SARIAYU;-1;PCS;16.000;20.000;0;;;
8990090311501;;SARIAYU FACIAL FOAM PUTIH LANGSAT 75G;FACIAL WASH;SARIAYU;2;PCS;15.000;20.000;0;;;
899020220174;;SIRUP GURAH ASYIFA 150 GR;JAMU;NO MEREK;0;BOTOL;32.000;40.000;0;;;
8990211720045;;TEH CELUP DAUN JATI CINA;OBAT;NO MEREK;-2;PCS;10.000;20.000;0;;;
8990273657983;;SUSU BUBUK KURMA DAN ALMOND 200 GR;JAMU;SENTRA HERBAL;2;DUS;85.000;125.000;0;;;
8990273657990;;SUSU BUBUK KURMA DAN ALMOND PINK 200 GR;JAMU;SENTRA HERBAL;2;DUS;85.000;125.000;0;;;
8990999010017;;GASTRUCID TAB;OBAT;EXELTIS;92;STRIP;3.800;7.000;0;;;
8990999060074;;GASTRUCID SYR 60ML;OBAT;NUFARINDO;7;BOTOL;8.500;12.500;0;;;
8990999160019;;BRONCHITIN EXPECTORANT SYRUP 60ML;OBAT;PT NUFARINDO;5;BOTOL;8.000;12.000;0;;;
8990999160224;;BRONCHITIN FLU SYRUP;OBAT;PT NUFARINDO;-6;BOTOL;6.500;12.000;0;;;
8991003042024;;IKADRYL SYRUP 60 ML;OBAT;PT IKAPHARMINDO;13;BOTOL;16.000;20.000;0;;;
8991003060639;;EMPENG HUKI;EMPENG;HUKI;27;PCS;16.700;22.000;0;;;
8991003065122;;COTTON BUDS HUKI;ALKES;HUKI;3;BOTOL;6.000;9.000;0;;;
8991006100929;;SAH ALBUMIN EKSTRAK IKAN GABUS ISI 60;OBAT;NO MEREK;-1;BOTOL;22.000;35.000;0;;;
8991038110354;;KAPAS SELECTION;KAPAS;SELECTION;624;PCS;5.300;9.000;0;;;
8991038110514;;KAPAS SELECTION 50 GR/ TANGGUNG;KAPAS;SELECTION;245;PCS;7.200;11.000;0;;;
8991038111757;;KAPAS SELECTION 75 GR;KAPAS;SELECTION;-10;PCS;9.200;12.000;0;;;
8991038772040;;CUTTONBUD CINDERELLA 50PCS;COTTON BUDS;NO MEREK;196;PCS;1.700;5.000;0;;;
8991038772194;;MEDISOFT COTTON BALL;KAPAS;MEDISOFT;16;PCS;8.000;13.000;0;;;
8991038775171;;KAPAS SELECTION BULAT;KAPAS;SELECTION;16;PCS;12.500;17.000;0;;;
8991038775553;;COTTONBUD SELECTION 100PCS;ALKES;SELECTION;222;PCS;4.500;7.000;0;;;
8991038779094;;COTTON BUDS BABY SELECTION;COTTON BUDS;SELECTION;16;PCS;3.400;6.500;0;;;
8991102020152;;SIKAT GIGI FORMULA;SIKAT;FORMULA;114;PCS;2.800;5.000;0;;;
8991102020459;;SIKAT GIGI FORMULA;SIKAT;FORMULA;-28;PCS;2.700;4.000;0;;;
8991102021678;;SIKAT GIGI FORMULA;SIKAT;FORMULA;-6;PCS;3.000;5.000;0;;;
8991102800020;;KIRANTI 150 ML;OBAT;NO MEREK;-7;BOTOL;5.500;9.000;0;;;
8991111101408;;JOHNSONS BABY POWDER PUTIH 50 GR;BEDAK ;JOHNSONS;13;BOTOL;3.400;7.000;0;;;
8991111101415;;JOHNSONS BABY POWDER PUTIH 100 GR;BEDAK TABUR;JOHNSONS;3;BOTOL;7.000;10.000;0;;;
8991111101507;;JOHNSONS POWDER 50g;BEDAK TABUR BAYI;JOHNSONS;19;PCS;4.000;7.500;0;;;
8991111101583;;JOHNSONS BABY COLOGNE BRISA 100 ML;PARFUM;JOHNSONS;0;BOTOL;22.000;26.000;0;;;
8991111101613;;JOHNSONS BABY COLOGNE UNGU 100 ML;PARFUM;JOHNSONS;-1;BOTOL;22.000;26.000;0;;;
8991111101699;;JOHNSONS BLOSSOMS BABY POWDER 500g;BEDAK TABUR;JOHNSONS;2;PCS;25.000;29.000;0;;;
8991111101736;;JOHNSONS BABY COLOGNE HEAVEN 100ML;PARFUM;JOHNSONS;0;BOTOL;22.000;26.000;0;;;
8991111101989;;BEDAK JONSON PINK 300GR;BEDAK TABUR;JOHNSONS;5;PCS;13.500;17.000;0;;;
8991111102719;;JOHNSONS BABY COLOGNE SUMMER SWING 100 ML;PARFUM;JOHNSONS;1;BOTOL;22.000;26.000;0;;;
8991111102832;;JOHNSONS BABY POWDER UNGU 300 GR;BEDAK TABUR;JOHNSONS;2;BOTOL;15.000;19.000;0;;;
8991111102849;;JOHSONS BEDTIME BABY POWDER;BEDAK TABUR;JOHNSONS;-2;PCS;21.700;25.000;0;;;
8991111103006;;JOHNSONS BABY COLOGNE POWDER MIST 100 ML;PARFUM;JOHNSONS;1;BOTOL;22.000;26.000;0;;;
8991111109121;;JOHNSONS POWDER 75g+25g;BEDAK TABUR BAYI;JOHNSONS;7;PCS;7.000;10.000;0;;;
8991111109138;;JOHSONSONS BABY POWDER 150g+50g;BEDAK TABUR;JOHNSONS;-3;PCS;10.900;14.000;0;;;
8991111111971;;CLEAN & CLEAR FOAMING FACE WASH;FACIAL WASH;CLEAN & CLEAR;21;PCS;19.000;24.000;0;;;
8991111151144;;DAKTARIN CREAM 5g;SALEP;DAKTARIN;-7;PCS;29.000;34.000;0;;;
8991111152059;;MYLANTA SYR 50ML;OBAT;MYLANTA ;58;BOTOL;15.500;20.000;0;;;
8991111153261;;LISTERINE KUMUR FRESH CITRUS 250 ML;OBAT KUMUR;LISTERINE;1;BOTOL;16.000;25.000;0;;;
8991182082385;;TEMULAWAK DAY&NIGHT CREAM 50g;CREAM WAJAH;TEMULAWAK;87;PCS;12.500;20.000;0;;;
8991380010449;;MYBELLINE HYPER CURL WATERPTOOFT;MASCARA;MYBELLINE;5;PCS;53.000;67.000;0;;;
8991380010883;;MATRIX NORMAL;REBONDING ;MATRIX;-6;PCS;63.000;71.000;0;;;
8991380010890;;MATRIX OPYI STRAIGHT;REBONDING ;MATRIX;27;PCS;63.000;71.000;0;;;
8991380700029;;FACIAL FOAM GARNIER KUNING;FACIAL FOAM;GARNIER;40;PCS;24.200;29.000;0;;;
8991380700609;;GARNIER BRIGHT COMPLETE FACE WASH SCRUB 100ML;FACIAL WASH;GARNIER;41;PCS;27.000;30.000;0;;;
8991663720034;;NEO EMKADRYL SYRUP 100ML;OBAT;PT MUDITA KURNIA;-18;BOTOL;16.000;20.000;0;;;
8991771200329;;VITACIMIN LEMON ISI 2;OBAT;PT TAKEDA;244;STRIP;1.700;3.000;0;;;
8991977110019;;MBK PUTIH;BEDAK TABUR;MBK;342;PCS;1.900;3.000;0;;;
8991977110026;;MBK SILVER;BEDAK TABUR;MBK;309;PCS;2.500;3.500;0;;;
8991977659785;;DEODORANT MBK PINK ROLL ON 40 ML;DEODORAN;MBK;13;BOTOL;9.600;15.000;0;;;
8991977659792;;MBK DEODORANT ROLL ON UNGU;DEODORAN;MBK;2;BOTOL;9.600;15.000;0;;;
8991977659808;;DEODORANT MBK BIRU ROLL ON 40 ML;DEODORAN;MBK;7;BOTOL;9.600;15.000;0;;;
8991977659815;;DEODORANT MBK ROLL ON MEN;DEODORAN;MBK;2;BOTOL;9.600;15.000;0;;;
8991990212301;;MADU GP 250 GR;MADU;NO MEREK;4;BOTOL;35.000;40.000;0;;;
8991990212318;;MADU GP HITAM PAHIT 250 GR;MADU;NO MEREK;3;BOTOL;38.000;45.000;0;;;
8991991161332;;SENSODYNE FRESH MINT 100GR;PASTA GIGI;SENSODYNE;-1;BOTOL;23.000;29.000;0;;;
8991991594062;;SENSODYNE DEEP CLEAN 100 GR;PASTA GIGI;SENSODYNE;0;BOTOL;24.000;30.000;0;;;
8992001012323;;BIOLYSIN ISAP STRAWBERRY ACTIVE;VITAMIN;BERNOFARM;-29;PCS;15.000;18.500;0;;;
8992001012330;;BIOLYSIN KIDS RASA ANGGUR;VITAMIN;BERNOFARM;-7;PCS;15.000;18.500;0;;;
8992001015607;;BIOLYSIN APPETITE SIRUP 60 ML;VITAMIN;BERNOFARM;-6;PCS;14.500;21.000;0;;;
8992001033212;;VITALONG C SASET ISI 4;OBAT;BERNOFARM;-20;STRIP;6.000;10.000;0;;;
8992001033243;;VITALONG C ISI 30;OBAT;BERNOFARM;-5;BOTOL;37.500;43.000;0;;;
8992001033601;;VITALONG C SASET ISI 4;OBAT;BERNOFARM;17;STRIP;6.000;10.000;0;;;
8992001033625;;VITALONG C ZINK BOTOL;OBAT;BERNOFARM;-7;BOTOL;50.000;55.000;0;;;
8992001082319;;BIOLYSIN KIDS RASA JERUK;VITAMIN;BERNOFARM;15;PCS;15.000;18.500;0;;;
8992001095111;;BIOLYSIN SMART 60ML;OBAT;BERNOFARM;6;BOTOL;14.500;20.000;0;;;
8992001334210;;SALEP BENOSON IJO 5GR;SALEP;BENOFARM;-1;TUBE;17.000;22.000;0;;;
8992001334265;;BENOSON-N 5g;SALEP;BENOFARM;-7;PCS;19.500;25.000;0;;;
8992001334272;;BENOSON -N 15g COKLAT;SALEP;BENOFARM;-2;PCS;40.000;45.000;0;;;
8992003121207;;TUNTAS;JAMU;JAMU;2;PCS;12.000;16.000;0;;;
8992003131206;;RAPET WANGI;JAMU;JAMU;-1;PCS;10.500;15.000;0;;;
8992003170403;;ANTANGIN JRG;OBAT;DELTO MED;108;PCS;3.400;4.500;0;;;
8992003782354;;ANTANGIN JRG SIRUP;OBAT;DELTO MED;-24;PCS;3.300;4.500;0;;;
8992003782453;;OB HERBAL DEWASA SYRUP 60ML;OBAT;PT TROPICA;27;BOTOL;14.500;20.000;0;;;
8992003783887;;OB HERBAL JUNIOR 60ML;OBAT;PT DELTO MED;-8;BOTOL;15.000;20.000;0;;;
8992003784037;;KULDON;OBAT;JAMU;8;PCS;2.600;5.000;0;;;
8992112000455;;SUMAGESIC 600mg;OBAT;DARYA VARIA;118;STRIP;2.600;5.000;0;;;
8992112000561;;ENERVON C ACTIVE SASET;OBAT;DARYA VARIA;-6;STRIP;5.400;10.000;0;;;
8992112000615;;DECOLGEN FLU;OBAT;PT MEDIFARMA ;34;PCS;2.200;3.500;0;;;
8992112001018;;ASMASOLON TABLET;OBAT;DARYA VARIA;-21;STRIP;2.000;4.000;0;;;
8992112003012;;BIOGESIC;OBAT;PT MEDIFARMA ;-3;PCS;1.800;3.000;0;;;
8992112011017;;ENERVON C SASET ISI 4;OBAT;PT DARYA VARIA;13;STRIP;4.600;8.000;0;;;
8992112011031;;ENERVON C BOTOL ISI 30;OBAT;PT DARYA VARIA;-10;BOTOL;35.000;40.000;0;;;
8992112012243;;ENERVON C PLUS SYR120ML;VITAMIN;PT MEDIFARMA ;-10;PCS;20.000;30.000;0;;;
8992112014018;;NEOZEP FORTE;OBAT;PT MEDIFARMA ;-28;PCS;2.800;4.000;0;;;
8992112019020;;ASPILETS;OBAT;DARYA VARIA;35;PCS;7.000;12.000;0;;;
8992112020019;;DIATABS;OBAT;DARYA VARIA;99;STRIP;3.000;6.000;0;;;
8992112046125;;DECOLSIN TABLET;OBAT;DARYA VARIA;-18;STRIP;3.200;6.000;0;;;
8992112051211;;DECOLGEN KIDS FLU SIRUP 60 ML;OBAT;DARYA VARIA;0;BOTOL;11.500;16.000;0;;;
8992112069025;;NALGESTAN;OBAT;DARYA VARIA;33;STRIP;8.400;12.000;0;;;
8992112088217;;COHISTAN EXPECTORANT SYRUP 60ML;OBAT;PT DARYA VARIA;-4;BOTOL;25.000;30.000;0;;;
8992112090210;;DECOLSIN SYRUP 60ML;OBAT;PT DELTO MED;4;BOTOL;19.000;24.000;0;;;
8992222010023;;MINYAK RAMBUT TANCHO POMADE 40 GR;MINYAK RAMBUT;TANCHO;3;PCS;13.000;17.000;0;;;
8992222010030;;TANCHO POMADE 60g;MINYAK RAMBUT;TANCHO;0;PCS;16.000;20.000;0;;;
8992222010047;;TANCHO POMADE 130 GR;MINYAK RAMBUT;TANCHO;2;PCS;27.000;32.000;0;;;
8992222010214;;TANCHO BUBUK;CAT RAMBUT;TANCHO;46;PCS;12.100;17.000;0;;;
8992222010221;;TANCHO CAT RAMBUT CAIR 20ML;CAT RAMBUT;TANCHO;30;BOTOL;15.500;21.000;0;;;
8992222040129;;SPALDING BODY SPRAY 50ML;DEODORAN;NO MEREK;1;BOTOL;12.500;16.000;0;;;
8992222050142;;MINYAK RAMBUT GATSBY WG BIRU 75 GR;MINYAK RAMBUT;GATSBY;1;PCS;8.400;12.000;0;;;
8992222050159;;MINYAK RAMBUT GATSBY WG KUNING 150 GR;MINYAK RAMBUT;GATSBY;0;PCS;16.000;20.000;0;;;
8992222050203;;GATSBY WG SUPER HARD 5 75g;MINYAK RAMBUT;GATSBY;-1;PCS;8.500;12.000;0;;;
8992222050210;;GATSBY POMADE 30 GR;MINYAK RAMBUT;GATSBY;11;PCS;12.500;17.000;0;;;
8992222050227;;GATSBY POMADE 80g;MINYAK RAMBUT;GATSBY;1;PCS;27.500;32.000;0;;;
8992222050241;;GATSBY THC 70g;MINYAK RAMBUT;GATSBY;40;PCS;8.500;12.500;0;;;
8992222050258;;MINYAK RAMBUT GATSBY THC 125 GR;MINYAK RAMBUT;GATSBY;-1;PCS;11.500;15.000;0;;;
8992222050364;;PARFUM SPRAY GATSBY;PARFUM;GATSBY;2;PCS;16.300;22.000;0;;;
8992222050371;;GATSBY DEODORANT SPRAY 175ML;DEODORAN;GATSBY;0;BOTOL;45.000;50.000;0;;;
8992222050418;;MINYAK RAMBUT GATSBY THC MINI(28GR);MINYAK RAMBUT;GATSBY;29;PCS;4.000;7.000;0;;;
8992222051606;;GATSBY MESSY LAYER;MINYAK RAMBUT;GATSBY;3;PCS;17.000;22.000;0;;;
8992222051729;;GATSBY TOUGH SPIKES;MINYAK RAMBUT;GATSBY;4;PCS;18.000;22.000;0;;;
8992222052979;;GATSBY HYPER SOLID 30g;MINYAK RAMBUT;GATSBY;-8;PCS;4.000;7.000;0;;;
8992222052993;;GATSBY WG HYPER SOLID 7 75g;MINYAK RAMBUT;GATSBY;16;PCS;9.000;12.000;0;;;
8992222053013;;MINYAK RAMBUT GATSBY WG MERAH 150GR;MINYAK RAMBUT;GATSBY;12;PCS;16.000;20.000;0;;;
8992222053426;;GATSBY URBAN BIRU TUA;PARFUM;GATSBY;-1;PCS;15.500;20.000;0;;;
8992222053433;;GATSBY URBAN UNGU;PARFUM;GATSBY;-1;PCS;15.500;20.000;0;;;
8992222053464;;GATSBY URBAN BIRU MUDA;PARFUM;GATSBY;-2;PCS;15.500;20.000;0;;;
8992222054492;;GATSBY POMADE SUPREME GREASE 75 GR;MINYAK RAMBUT;GATSBY;2;PCS;26.000;30.000;0;;;
8992222054966;;GATSBY POMADE COKLAT 30 GR;MINYAK RAMBUT;GATSBY;2;PCS;13.400;17.500;0;;;
8992222054980;;GATSBY POMADE SUPREME HOLD 75 GR;MINYAK RAMBUT;GATSBY;2;PCS;27.000;32.000;0;;;
8992222055482;;GATSBY POMADE PERFECT RISE 75 GR;MINYAK RAMBUT;GATSBY;4;PCS;28.000;33.000;0;;;
8992222055505;;GATSBY POMADE URBAN DRY 75 GR;MINYAK RAMBUT;GATSBY;3;PCS;28.000;33.000;0;;;
8992222056007;;GATSBY URBAN MERAH;PARFUM;GATSBY;-2;PCS;15.500;20.000;0;;;
8992222056014;;GATSBY URBAN IJO;PARFUM;GATSBY;-1;PCS;15.500;20.000;0;;;
8992222056045;;GATSBY HYPER QUIFF;MINYAK RAMBUT;GATSBY;0;PCS;17.000;22.000;0;;;
8992222057011;;GATSBY POMADE WATER BASE 75 GR;MINYAK RAMBUT;GATSBY;0;PCS;28.000;33.000;0;;;
8992222060097;;PIXY STICK DEODORANT WOODY 34g;DEODORAN;PIXY;27;PCS;10.700;15.000;0;;;
8992222060110;;PIXY STICK DEODORANT BIRU;DEODORAN;PIXY;9;PCS;10.700;15.000;0;;;
8992222060134;;ROLL ON PIXI CHYPRE;DEODORAN;PIXY;29;BOTOL;10.700;14.500;0;;;
8992222060349;;PIXY STICK DEODORANT UNGU;DEODORAN;PIXY;19;PCS;10.700;14.500;0;;;
8992222071109;;COMPACT PIXI TROPICAL BEIGE 08;BEDAK ;PIXY;0;PCS;36.000;40.000;0;;;
8992222071116;;PIXY TWO WAY CAKE TROPICAL BEIGE REFILL;BEDAK PADAT;PIXY;34;PCS;21.300;26.000;0;;;
8992222071123;;PIXY TWO WAY CAKE PERFECT FIT NATURAL BEIGE;BEDAK PADAT;PIXY;-4;PCS;41.000;45.000;0;;;
8992222071130;;PIXY TWO WAY CAKE REFILL NATURAL BEIGE;BEDAK PADAT;PIXY;63;PCS;20.900;26.000;0;;;
8992222071147;;COMPACT PIXI NO 4 IVORY;BEDAK ;PIXY;0;PCS;36.000;40.000;0;;;
8992222071154;;PIXY TWO WAY CAKE IVORY REFILL;BEDAK PADAT;PIXY;24;PCS;21.300;26.000;0;;;
8992222071444;;COMPACT PIXI YELLOW BEIGE 02;BEDAK ;PIXY;-3;PCS;35.000;45.000;0;;;
8992222071451;;PIXY TWO WAY CAKE YELLOW BEIGE REFILL;BEDAK PADAT;PIXY;23;PCS;21.300;26.000;0;;;
8992222071857;;COMPACT PIXI NATURAL WHITE;BEDAK PADAT;PIXY;-1;PCS;35.000;45.000;0;;;
8992222071871;;PIXY TWO WAY CAKE NATURAL WHITE REFILL;BEDAK PADAT;PIXY;34;PCS;20.900;26.000;0;;;
8992222071994;;PIXY PERFECT CREAMY CAKE NATURAL OCHRE;FOUNDATION;PIXY;-2;PCS;28.800;34.000;0;;;
8992222072007;;REFILL PIXI BASAH NO 01;BEDAK ;PIXY;1;PCS;28.800;34.000;0;;;
8992222072083;;COMPACT PIXI WHITE CREAM 01;BEDAK ;PIXY;0;PCS;36.000;40.000;0;;;
8992222072106;;REFILL PIXI GOLDEN BEIGE 03;BEDAK ;PIXY;0;PCS;20.500;25.000;0;;;
8992222072120;;PIXY TWO WAY CAKE WHITE CREAM REFILL;BEDAK PADAT;PIXY;14;PCS;21.300;26.000;0;;;
8992222073172;;PIXY BB CREAM BEIGE 30ml;BB CREAM;PIXY;-1;PCS;36.500;41.000;0;;;
8992222073189;;PIXY BB CREAM CREAM 30ml;BB CREAM;PIXY;-2;PCS;33.400;39.000;0;;;
8992222073196;;PIXY BB CREAM OCHRE 30ml;BB CREAM;PIXY;-4;PCS;36.500;41.000;0;;;
8992222073264;;PIXY AQUA BEAUTY PROTECTING MIST 60ml;FACE MIST;PIXY;-14;PCS;26.000;33.000;0;;;
8992222073639;;PIXY CONCEALING BASE SAND BEIGE 9g;CONCEALING;PIXY;7;PCS;31.300;39.000;0;;;
8992222073646;;PIXY CONCEALING BASE NATURAL BEIGE 9g;CONCEALING;PIXY;17;PCS;31.300;39.000;0;;;
8992222073851;;PIXY BEAUTY SKIN PRIMER BEIGE 25ml;PRIMER ;PIXY;-7;PCS;45.000;57.000;0;;;
8992222074315;;PIXY BB CREAM 04;BB CREAM;PIXY;1;PCS;33.000;38.000;0;;;
8992222074339;;PIXY CONCEALING BASE CREME BEIGE 9g;CONCEALING;PIXY;1;PCS;31.300;39.000;0;;;
8992222074346;;CONCEALING PIXI CARAMEL BEIGE NO 04;CONCEALING;PIXY;4;PCS;31.400;40.000;0;;;
8992222075107;;LIQUID FOUNDATION NATURAL WHITE 03;FOUNDATION;PIXY;-9;BOTOL;29.000;44.000;0;;;
8992222075114;;PIXI LIQUID FOUNDATION NATURAL BEIGE;FOUNDATION;PIXY;8;BOTOL;26.000;32.000;0;;;
8992222075121;;PIXI LIQUID FOUNDATION NO 05;FOUNDATION;PIXY;1;BOTOL;25.000;30.000;0;;;
8992222075275;;CUSHION PIXI FAIR IVORY C12;CUSHION;PIXY;0;PCS;61.500;70.000;0;;;
8992222075282;;CUSHION PIXI LIGHT BEIGE N23;CUSHION;PIXY;0;PCS;61.500;70.000;0;;;
8992222075299;;CUSHION PIXI NEUTRAL BEIGE N30;CUSHION;PIXY;0;PCS;61.500;70.000;0;;;
8992222091510;;PARFUM PUCELLE PINK 150ML;PARFUM;PUCCELE;9;PCS;15.000;21.000;0;;;
8992222091534;;PARFUM PUCELLE WAVY OCEAN 150ML;PARFUM;PUCCELE;-1;PCS;15.000;21.000;0;;;
8992222091718;;PARFUM PUCELLE JOLLY RHYTHM 150ML;PARFUM;PUCCELE;8;BOTOL;15.000;21.000;0;;;
8992222092937;;PARFUM PUCELLE BLOOMING BLOSSOM 150ML;PARFUM;PUCCELE;1;BOTOL;15.000;19.000;0;;;
8992222092951;;PARFUM PUCELLE PERFECT GETAWAY 150ML;PARFUM;PUCCELE;1;BOTOL;15.000;19.000;0;;;
8992222092968;;PUCCEL BELING BIRU;PARFUM;PUCCELE;-1;BOTOL;33.000;40.000;0;;;
8992222092975;;PUCCEL BELING PINK;PARFUM;PUCCELE;-1;BOTOL;33.000;40.000;0;;;
8992222092982;;PUCCEL BELING PUTIH;PARFUM;PUCCELE;-1;BOTOL;33.000;40.000;0;;;
8992222092999;;PUCCEL BELING UNGU;PARFUM;PUCCELE;-1;BOTOL;33.000;40.000;0;;;
8992222093002;;PUCCEL BELING MERAH;PARFUM;PUCCELE;-1;BOTOL;33.000;40.000;0;;;
8992222093163;;PUCCEL BELING KUNING;PARFUM;PUCCELE;-1;BOTOL;33.000;40.000;0;;;
8992222280631;;PIXY WATERPROOF MASCARA;MASCARA;PIXY;-2;PCS;36.000;42.000;0;;;
8992222280679;;PIXY EYELINER;EYELINER;PIXY;-3;PCS;20.000;25.000;0;;;
8992222280921;;EYELINER PIXI CAIR;EYELINER;PIXY;-4;PCS;35.000;38.000;0;;;
8992304009167;;GARNIER MEN  OIL CONTROL 98%;FACIAL WASH;GARNIER;25;PCS;28.400;32.000;0;;;
8992304009204;;GARNIER MENS OIL CONTROL 96 % 100 ML;FACIAL FOAM;GARNIER;-19;BOTOL;24.200;30.000;0;;;
8992304010293;;GARNIER LIGHT COMPLETE  NORMAL-OILY SKIN 20ml;CREAM WAJAH;GARNIER;-1;PCS;25.500;30.000;0;;;
8992304014451;;GARNIER LIGHT COMPLATE SACHET;CREAM WAJAH;GARNIER;105;PCS;4.600;7.500;0;;;
8992304015298;;GARNIER MEN ACNO FIGHT;FACIAL WASH;GARNIER;10;PCS;26.500;32.000;0;;;
8992304019524;;GARNIER PURE ACTIVE ACNE & OIL FOAM 100ML;FACIAL WASH;GARNIER;2;PCS;27.000;30.000;0;;;
8992304019562;;GARNIER PURE ACTIVE ACNE N OIL SCRUB 100ML;FACIAL FOAM;GARNIER;-4;BOTOL;24.200;28.000;0;;;
8992304039614;;GARNIER MENS WASABI;PEMBERSIH;GARNIER;12;PCS;28.400;32.000;0;;;
8992304046940;;GARNIER SAKURA WHITE NIGHT 20ml;CREAM WAJAH;GARNIER;3;PCS;32.200;36.000;0;;;
8992304047152;;GARNIER SAKURA GLOW FACE WASH 100ML;FACIAL WASH;GARNIER;12;PCS;27.000;30.000;0;;;
8992304047190;;GARNIER SAKURA WHITE UV DAY 20ml;CREAM WAJAH;GARNIER;0;PCS;25.500;30.000;0;;;
8992304047435;;GARNIER MEN TURBO BRIGHT 100ML;FACIAL FOAM;GARNIER;1;BOTOL;26.500;32.000;0;;;
8992304049743;;GARNIER SAKURA WHITE SACHET;CREAM WAJAH;GARNIER;388;PCS;4.600;7.500;0;;;
8992304054419;;GARNIER LIGHT COMPLETE SPF 36 50ml;CREAM WAJAH;GARNIER;-1;PCS;63.000;66.000;0;;;
8992304073441;;GARNIER MEN TURBO BRIGHT 100ML;FACIAL FOAM;GARNIER;1;BOTOL;25.000;30.000;0;;;
8992304094767;;GARNIER BRIGHT COMPLETE NIGHT 20ml;CREAM WAJAH;GARNIER;6;PCS;31.000;36.000;0;;;
8992304094774;;GARNIER LIGHT COMPLETE NIGHT 50ml;CREAM WAJAH;GARNIER;-2;PCS;66.000;70.000;0;;;
8992304096723;;GARNIER MEN OIL CONTROL MATCHA;FACIAL FOAM;GARNIER;-1;BOTOL;20.000;28.000;0;;;
8992694244513;;ZWITSAL RICH HONEY BABY POWDER 300g;BEDAK TABUR;ZWITSAL;-1;PCS;21.000;25.000;0;;;
8992694245305;;ZWITSAL BABY CREAM TUBE 50 GR;BABY CREAM;ZWITSAL;3;TUBE;17.000;24.000;0;;;
8992694246166;;ZWITSAL HAIR LOTION ALOE VERA,KEMIRI&SELEDRI 100ML;HAIR LOTION;ZWITSAL;15;PCS;17.000;22.000;0;;;
8992694246340;;ZWITSAL SHAMPOO ALOE VERA,KEMIRI&SELEDRI 100ML;SHAMPO BAYI;ZWITSAL;0;PCS;10.500;15.000;0;;;
8992694247163;;SABUN ZWITSAL BATANG RICH HONEY 70G;SABUN BATANG;ZWITSAL;11;PCS;4.600;7.500;0;;;
8992694247255;;SWITSAL HAIR&BODY ALOE VERA 200ML;HAIR&BODY WASH;ZWITSAL;-4;PCS;19.000;25.000;0;;;
8992694248047;;ZWITSAL COLAGNE SOFT TOUCH 100ML;PARFUM BAYI;ZWITSAL;-1;PCS;21.500;25.000;0;;;
8992695100207;;PANADOL TAB;OBAT;PANADOL;-60;PCS;10.300;13.500;0;;;
8992695110206;;PANADOL EXTRA;OBAT;PANADOL;-61;PCS;11.500;15.000;0;;;
8992695132031;;PANADOL SIRUP 30ml;OBAT;PANADOL;0;BOTOL;29.000;34.000;0;;;
8992695132130;;PANADOL ANAK SIRUP 1-6 TH 60 ML;OBAT;PANADOL;0;BOTOL;53.000;58.000;0;;;
8992695190208;;PANADOL FLU&BATUK;OBAT;PANADOL;-67;PCS;15.500;18.000;0;;;
8992695243034;;SCOTT'S EMULSIION VITA 200ML;VITAMIN;GSK;10;PCS;47.500;53.000;0;;;
8992695392145;;TRIAMINIC PILEK 60ML;OBAT;PT STERLING;0;BOTOL;72.500;78.000;0;;;
8992695455611;;VOLTAREN EMULGEL 5 GR;SALEP;VOLTAREN;0;PCS;36.000;40.000;0;;;
8992695465719;;VOLTAREN EMULGEL 10 GR;SALEP;VOLTAREN;-6;PCS;55.000;64.000;0;;;
8992695492142;;TRIAMINIC BP;OBAT;PT STERLING;13;BOTOL;74.000;83.000;0;;;
8992695534736;;VOLTAREN BALSEM PEREDA NYERI 20g;SALEP;VOLTAREN;0;PCS;10.000;13.000;0;;;
8992695542144;;TRIAMINIC SYRUP 60ML;OBAT;;-10;BOTOL;75.000;82.000;0;;;
8992695604767;;POLIDENT FRESH MINT 20g;LEM GIGI;POLIDENT;-50;PCS;34.000;39.000;0;;;
8992695614766;;POLIDENT K;LEM;POLIDENT;35;PCS;34.000;39.000;0;;;
8992695724069;;SENSODYNE WHITENING;PASTA GIGI;SENSODYNE;0;BOTOL;23.000;29.000;0;;;
8992695914569;;POLIDENT FRESH MINT 60g;LEM GIGI;POLIDENT;13;PCS;79.000;86.000;0;;;
8992725051219;;MYLANTA TABLET;OBAT;MYLANTA ;69;PCS;8.200;11.500;0;;;
8992725051226;;MYLANTA SYR 150ML;OBAT;MYLANTA ;1;BOTOL;38.000;45.000;0;;;
8992725910332;;LISTERINE COOL MINT 250ML;OBAT KUMUR;LISTERINE;-1;PCS;20.000;26.000;0;;;
8992725910400;;LISTERINE COOL MINT 100ML;OBAT KUMUR;LISTERINE;7;PCS;8.500;13.000;0;;;
8992725910417;;LISTERINE KUMUR IJO 100ML;OBAT KUMUR;LISTERINE;2;BOTOL;8.500;13.000;0;;;
8992727001700;;REFIL BIORE CAIR PURE MILD 400 ML;SABUN CAIR;DETTOL;-1;PCS;18.000;23.000;0;;;
8992727001724;;REFILL BIORE ANTI BACTERIAL 400ML;BODY WASH;BIORE;1;PCS;18.000;24.000;0;;;
8992727002592;;REFIL BIORE UNGU450ML;BODY WASH;BIORE;-3;PCS;18.000;23.000;0;;;
8992727002837;;BIORE PORE PACK BLACK;MASKER WAJAH;BIORE;-9;PCS;13.400;17.000;0;;;
8992727003537;;BIORE MENS DEEP FRESH 100GR;FACIAL FOAM;GARNIER;10;PCS;22.500;32.000;0;;;
8992727004121;;REFIL SABUN CAIR BIORE CLEAR FRESH 450 ML;SABUN CAIR;BIORE;0;PCS;20.000;26.000;0;;;
8992727005111;;MENS BIORE COOL OIL CLEAR 100G;FACIAL WASH;BIORE;2;PCS;23.500;32.000;0;;;
8992727005135;;MENS BIORE BRIGHT ENERGY 100G;FACIAL WASH;BIORE;9;PCS;23.500;32.000;0;;;
8992727005159;;BIORE MENS ACNE BRIGHT CARE 100 GR;FACIAL WASH;BIORE;2;BOTOL;23.500;32.000;0;;;
8992727005166;;BIORE PURE PACK MENS STRIP;MASKER;BIORE;-6;PCS;10.000;14.000;0;;;
8992727005524;;BIORE MENS ACNE BACTERIOR 100 GR;FACIAL FOAM;BIORE;-1;BOTOL;29.000;32.000;0;;;
8992727005937;;BIORE PORE PACK CHERRY;MASKER;KAO;-1;PCS;11.700;15.000;0;;;
8992727006187;;REFIL BIORE SAKURA 450ML;BODY WASH;BIORE;1;PCS;17.000;23.000;0;;;
8992727007894;;REFIL BIORE FLORAL SPA 450ML;BODY WASH;BIORE;2;PCS;17.000;23.000;0;;;
8992727007948;;MENS BIORE BRIGHT OIL CLEAR100 GR;FACIAL FOAM;BIORE;10;BOTOL;23.500;32.000;0;;;
8992727008181;;REFIL BIORE BRIGHT LOVELY SAKURA 800ML;SABUN CAIR;BIORE;0;PCS;32.000;36.000;0;;;
8992727008198;;REFILL SABUN CAIR BIORE ACTIVE ANTIBACTERIA 800ML;SABUN CAIR;BIORE;3;PCS;32.000;36.000;0;;;
8992727008969;;BIORE MENS BRIGHT EXPERT 100 GR;FACIAL FOAM;BIORE;7;BOTOL;23.500;32.000;0;;;
8992745000174;;STELLA JASMINE;AKSESORIS;STELLA;0;PCS;8.500;13.000;0;;;
8992745001089;;NYU CAT RAMBUT ASH BLONDE;CAT RAMBUT;NYU;0;BOTOL;15.000;19.000;0;;;
8992745120407;;HIT ORANGE 0,12AE 200ML;OBAT NYAMUK;HIT;-3;PCS;13.000;17.000;0;;;
8992745320050;;STELLA ORANGE ZEST;PENGHARUM;STELLA;18;PCS;9.000;13.000;0;;;
8992745320067;;STELLA APLE;PENGHARUM;STELLA;30;PCS;9.000;13.000;0;;;
8992745320074;;STELLA PINK;PENGHARUM;STELLA;12;PCS;9.000;13.000;0;;;
8992745320135;;STELLA UNGU FLORAL SENSATION;PENGHARUM;STELLA;10;PCS;9.000;13.000;0;;;
8992745320166;;AIR FRESHENER STELLA LEMON 400ML;ANTISEPTIC;STELLA;-3;BOTOL;22.000;28.000;0;;;
8992745320197;;AIR FRESHENER STELLA APPLE 400ML;ANTISEPTIC;STELLA;-1;BOTOL;22.000;28.000;0;;;
8992745320784;;STELLA LEMON SPLASH;PENGHARUM;STELLA;-7;PCS;8.500;13.000;0;;;
8992745475217;;NYU SHAMPOO NATURAL BLACK;SAMPO;NYU;-10;PCS;9.000;12.000;0;;;
8992745475279;;NYU SHAMPOO NATURAL BROWN;SAMPO;NYU;24;PCS;9.000;12.000;0;;;
8992745480426;;HIT SEMPROT LILY BLOSSOM 165ML;ANTISEPTIC;HIT;-6;BOTOL;10.000;13.000;0;;;
8992745540687;;MITU BABY REFRESHING LIME 10 SHEET;TISSU;MITU;-1;PCS;2.000;5.000;0;;;
8992745540823;8992745540823;TISU BASAH MITU BIRU;TISSU;MITU;6;PCS;7.000;11.000;0;;;
8992745540830;8992745540830;TISSU BASAH MITU PINK;TISSU;MITU;49;PCS;7.000;11.000;0;;;
8992745545088;;TISSU BASAH MITU UNGU;TISSU;MITU;-26;PCS;6.000;11.000;0;;;
8992745560982;;NYU BLEACHING;CAT RAMBUT;NYU;28;PCS;14.500;19.000;0;;;
8992745610885;;STELLA CAFELATTE;PENGHARUM;STELLA;18;PCS;8.500;13.000;0;;;
8992745610892;;STELLA LAVENDER;PENGHARUM;STELLA;10;PCS;9.000;13.000;0;;;
8992745730293;;HIT EXPERT SWEET FLOWER 0,26AE 200ML;OBAT NYAMUK;HIT;-3;PCS;13.000;17.000;0;;;
8992745999690;;NYU CHERRY RED;CAT RAMBUT;NYU;4;PCS;15.000;18.500;0;;;
8992745999775;;NYU BLUE BLACK;CAT RAMBUT;NYU;0;PCS;11.700;16.000;0;;;
8992745999782;;NYU NATURAL BLACK;CAT RAMBUT;NYU;12;PCS;14.500;19.000;0;;;
8992745999799;;NYU NATURAL BROWN;CAT RAMBUT;NYU;16;PCS;14.400;19.000;0;;;
8992745999805;;NYU COPPERY BROWN;CAT RAMBUT;NYU;4;PCS;15.000;18.500;0;;;
8992745999812;;NYU CARAMEL;CAT RAMBUT;NYU;14;PCS;14.500;17.000;0;;;
8992745999829;;NYU BURGANDY;CAT RAMBUT;NYU;1;PCS;14.500;17.000;0;;;
8992765101004;;QUICKTIGER;CUKUR;NO MEREK;-151;PCS;200;1.000;0;;;
8992771001374;;DOT PIGEON UKURAN L SOFT N ELASTIS;BABY;PIGEON;-7;PCS;8.000;13.000;0;;;
8992771002487;;BABY POWDER COMPACT PIGEON;BEDAK TABUR;PIGEON;-1;PCS;35.000;40.000;0;;;
8992771008014;;PIGEON TEENS FACE POWDER;BEDAK TABUR;PIGEON;1;PCS;21.700;27.000;0;;;
8992771008434;;COMPACT POWDER PIGEON SUITABLE FOR SENSITIVE SKIN TYPES PURE WHITE;BEDAK PADAT;PIGEON;-2;PCS;35.000;40.000;0;;;
8992771008441;;COMPACT POWDER PIGEON SUITABLE FOR SENSITIVE SKIN TYPES BEIGE;BEDAK PADAT;PIGEON;0;PCS;35.000;40.000;0;;;
8992771008588;;REFIL BEDAK PIGEON PINK NATURAL;BEDAK ;PIGEON;3;PCS;23.000;30.000;0;;;
8992771008922;;COMPACT POWDER PIGEON FOR ALL SKIN TYPES PURE WHITE;BEDAK PADAT;PIGEON;1;PCS;35.000;40.000;0;;;
8992771008939;;COMPACT PIGEON BEIGE;BEDAK PADAT;PIGEON;-1;PCS;31.100;39.000;0;;;
8992771008946;;COMPACT POWDER PIGEON FOR ALL SKIN TYPES PINK;BEDAK PADAT;PIGEON;1;PCS;35.000;40.000;0;;;
8992771008953;;COMPACT POWDER PIGEON FOR ALL SKIN TYPES NATURAL;BEDAK ;PIGEON;1;PCS;31.500;39.000;0;;;
8992771008977;;COMPACT PIGEON TEEN SAND;BEDAK ;PIGEON;0;PCS;31.100;39.000;0;;;
8992771008984;;REFILL PIGEON TEENS COMPACT POWDER PURE WHITE;BEDAK ;PIGEON;0;PCS;25.000;30.000;0;;;
8992771008991;;REFILL PIGEON TEENS INNOCENT LOOK BEIGE;BEDAK ;PIGEON;-1;PCS;25.000;30.000;0;;;
8992771010000;;REFILL PIGEON TEENS INNOCENT LOOK PINK;BEDAK ;PIGEON;0;PCS;25.000;30.000;0;;;
8992771010017;;REFIL BEDAK PIGEON NATURAL;BEDAK ;PIGEON;-4;PCS;27.000;32.000;0;;;
8992771010031;;REFIL BEDAK PIGEON TEENS SAND;BEDAK ;PIGEON;-1;PCS;25.000;30.000;0;;;
8992771010215;;FACIAL FOAM PIGEON TEENS 100GR;FACIAL FOAM;PIGEON;-9;BOTOL;22.900;28.000;0;;;
8992771010239;;FACIAL FOAM PIGEON TEENS ACNE CARE 100GR;FACIAL FOAM;PIGEON;5;BOTOL;23.200;29.000;0;;;
8992771010253;;FACIAL FOAM PIGEON TEENS OIL CONTROL 100 GR;FACIAL FOAM;PIGEON;1;BOTOL;23.100;28.000;0;;;
8992771010338;;SUNSCREEN PIGEON TEENS SPF 35 30ML;SUNCREEN;PIGEON;7;BOTOL;28.700;35.000;0;;;
8992771010567;;PIGEON TEENS BRIGHT HEROES LOOSE POWDER PINK;BEDAK TABUR;PIGEON;0;PCS;26.700;35.000;0;;;
8992772401012;8992772401012;VEGETA HERBAL;OBAT;JAMU;117;PCS;3.000;4.500;0;;;
8992772613064;;PLOSSA BLUE MOUNTAIN;MINYAK GOSOK;PLOSSA;28;PCS;10.000;14.000;0;;;
8992772613071;;PLOSSA EUCALYPTUS;MINYAK GOSOK;PLOSSA;-47;PCS;9.900;14.000;0;;;
8992772613088;;PLOSSA RED HOT;MINYAK GOSOK;PLOSSA;6;PCS;10.000;14.000;0;;;
8992772613101;;PLOSSA IJO 5ML;MINYAK ANGIN;PLOSSA;78;PCS;10.000;14.000;0;;;
8992781130569;;DARSI;JAMU;JAMU;0;PCS;19.000;25.000;0;;;
8992781220086;;EM KAPSUL 550mg;JAMU;JAMU;1;PCS;19.000;25.000;0;;;
8992781220567;;DARSI CAPSULE;JAMU;JAMU;-8;PCS;19.000;25.000;0;;;
8992796011105;;VIVA MILK CLEANSER 100ml;PEMBERSIH;VIVA;1;BOTOL;5.500;8.000;0;;;
8992796011112;;VIVA MILK CLEANSER LEMON 100ML;MILK CLEANSER;VIVA;27;PCS;6.500;9.500;0;;;
8992796011136;;VIVA MILK CLEANSER BENGKUANG 100ML;MILK CLEANSER;VIVA;158;PCS;7.000;10.000;0;;;
8992796011143;;VIVA MILK CLEANSER GREEN TEA 100ML;MILK CLEANSER;VIVA;55;PCS;7.000;9.500;0;;;
8992796011150;;VIVA MILK CLEANSER SPIRULINA;PEMBERSIH;VIVA;33;PCS;6.600;9.000;0;;;
8992796011204;;VIVA MILK CLEANSER CUCUMBER 100ML;PEMBERSIH;VIVA;18;BOTOL;6.000;9.000;0;;;
8992796011242;;MILK CLEANSER VIVA BENGKOANG 200ML;MILK CLEANSER;VIVA;-15;BOTOL;11.100;15.000;0;;;
8992796011310;;VIVA FACE TONIC LEMON 100ML;TONER;VIVA;59;PCS;6.800;9.500;0;;;
8992796011341;;VIVA FACE TONIC BENGKUANG 100ML;TONER;VIVA;126;PCS;6.800;10.000;0;;;
8992796011358;;VIVA FACE TONIC GREEN TEA 100ML;TONER;VIVA;21;PCS;6.300;9.000;0;;;
8992796011365;;VIVA FACE TONIC SPIRULINA;PEMBERSIH;VIVA;21;PCS;6.300;9.000;0;;;
8992796011402;;VIVA ASTRINGENT CUCUMBAR 100ML;TONER;VIVA;21;PCS;5.500;9.000;0;;;
8992796011440;;FACE TONIC VIVA BENGKOANG 200 ML;FACE TONIC;VIVA;-4;BOTOL;10.000;15.000;0;;;
8992796011501;;VIVA AIR MAWAR 100ML;TONER;VIVA;82;PCS;5.500;9.000;0;;;
8992796011518;;AIR MAWAR VIVA 200 ML;FACE CLEANCER;VIVA;19;BOTOL;9.200;14.000;0;;;
8992796011624;;MASKER VIVA SASET 30GR;MASKER WAJAH;VIVA;-12;PCS;5.500;10.000;0;;;
8992796011709;;ACNE LOTION VIVA 30 ML;SERUM WAJAH;VIVA;-1;BOTOL;4.500;10.000;0;;;
8992796011716;;ACNE GEL 15 GR;SALEP;VIVA;-4;BOTOL;8.900;14.000;0;;;
8992796011723;;SERUM VIVA ACNE 20 ML;SERUM WAJAH;VIVA;1;BOTOL;18.000;23.000;0;;;
8992796011808;;VIVA PELEMBAB UNDER MAKEUP 30mL;PELEMBAB;VIVA;-2;PCS;6.000;10.000;0;;;
8992796011815;;VIVA PELEMBAB WITH UV FILTER&BENGKUANG 30ml;PELEMBAB;VIVA;-2;PCS;6.700;11.000;0;;;
8992796033442;;VIVA BEDAK TABUR NO 4;BEDAK TABUR;VIVA;55;PCS;2.100;5.000;0;;;
8992796034241;;VIVA COMPACT POWDER 19g;BEDAK PADAT;VIVA;11;PCS;11.600;16.000;0;;;
8992796034296;;VIVA COMPACT POWDER KUNING LANGSAT 19g;BEDAK PADAT;VIVA;18;PCS;12.000;16.000;0;;;
8992796034449;;BEDAK VIVA NATURAL BIRU;BEDAK PADAT;VIVA;-6;PCS;12.100;16.000;0;;;
8992796034494;;COMPACT POWDER VIVA KUNING LANGSA;BEDAK PADAT;VIVA;7;PCS;12.000;16.000;0;;;
8992796045049;;VIVA LIQUID FOUNDATION NATURAL 30ml;FOUNDATION;VIVA;44;PCS;5.600;10.000;0;;;
8992796045094;;VIVA LIQUID FOUNDATION KUNING LANGSAT 30ml;FOUNDATION;VIVA;27;PCS;5.600;10.000;0;;;
8992796058537;;VIVA BLUSH ON 3;EYESHADOW/BLUSHON/CONTOUR/HIGHLITER;VIVA;-6;PCS;5.600;10.000;0;;;
8992796058544;;VIVA BLUSH ON 4;EYESHADOW/BLUSHON/CONTOUR/HIGHLITER;VIVA;0;PCS;5.700;10.000;0;;;
8992796058551;;VIVA BLUSH ON 5;EYESHADOW/BLUSHON/CONTOUR/HIGHLITER;VIVA;7;PCS;5.600;10.000;0;;;
8992796068017;;VIVA SKIN FOOD CREAM KECIL;ANTISEPTIC;VIVA;3;PCS;6.700;10.000;0;;;
8992796068024;;VIVA SKIN FOOD CREAM 30g;CREAM WAJAH;VIVA;-6;PCS;7.500;13.000;0;;;
8992796068109;;PELEMBAB VIVA DAY CREAM 22 GR;PELEMBAB;VIVA;-3;PCS;6.700;11.000;0;;;
8992796068208;;SUNSCREEN VIVA 22 GR;SUNCREEN;VIVA;7;PCS;6.900;12.000;0;;;
8992796068413;;WHITENING CREAM VIVA 15 GR;CREAM WAJAH;VIVA;-3;PCS;8.400;14.000;0;;;
8992796068420;;SERUM VIVA GLOWING WHITE 20 ML;SERUM WAJAH;VIVA;3;BOTOL;18.000;22.000;0;;;
8992796157308;;PENSIL ALIS VIVA BLACK;PENSIL ALIS;VIVA;5;PCS;28.500;35.000;0;;;
8992796157315;;PENSIL ALIS VIVA BROWN;PENSIL ALIS;VIVA;-11;PCS;28.400;35.000;0;;;
8992796157322;;PENSIL ALIS VIVA DARK BROWN;PENSIL ALIS;VIVA;16;PCS;28.400;35.000;0;;;
8992796168106;;PELEMBAB VIVA NIGHT CREAM 22 GR;PELEMBAB;VIVA;2;PCS;10.200;15.000;0;;;
8992796168526;;SERUM VIVA PPELING SERUM PINK 20 ML;SERUM RAMBUT;VIVA;4;BOTOL;16.800;22.000;0;;;
8992796168618;;SERUM VIVA ANTI AGING 20 ML;SERUM WAJAH;VIVA;1;BOTOL;16.500;21.000;0;;;
8992796168625;;SEUM VIVA VIT C COLLAGEN 20 ML;SERUM WAJAH;VIVA;3;BOTOL;17.500;23.000;0;;;
8992796168632;;SERUM VIVA GOLD WHITENING 20ML;SERUM WAJAH;VIVA;0;BOTOL;17.500;23.000;0;;;
8992796211208;;VIVA CLEAN MASK PINK 50 GR;FACIAL WASH;VIVA;-1;BOTOL;12.400;17.000;0;;;
8992796211215;;VIVA CLEAN MASK OREN 50 GR;FACIAL WASH;VIVA;-3;BOTOL;12.400;17.000;0;;;
8992796211222;;VIVA CLEAN MASK IJO 50 GR;FACIAL WASH;VIVA;-1;BOTOL;12.400;17.000;0;;;
8992799100707;;BISOLVON EXTRA SYRUP 60ML;OBAT;SANO GRATIA FARMA;-10;BOTOL;48.000;55.000;0;;;
8992799144015;;BISOLVON LARUTAN 50ML;OBAT;SANOFI;-2;BOTOL;92.500;104.000;0;;;
8992799154014;;DULCOLAC TABLET 5mg;OBAT;SANOFI;40;PCS;9.800;13.500;0;;;
8992799658178;;BISOLVON KIDS 60ML;OBAT;SANOFI;0;PCS;46.000;52.000;0;;;
8992800784803;;OBAT CACING U3;OBAT;JAMU;7;PCS;1.100;2.500;0;;;
8992803658156;;FLACENTA HAND&BODY YOGURT 500 ML;HAND&BODY LOTION;FLACENTA;6;BOTOL;15.400;19.000;0;;;
8992803658187;;FLACENTA HAND&BODY LOTION KUNING 500 ML;HAND&BODY LOTION;FLACENTA;5;BOTOL;15.000;19.000;0;;;
8992803658507;;FLACENTA HAND&BODY LOTION ROSE EXCTRACT 500ml;HAND&BODY LOTION;FLACENTA;13;PCS;15.000;19.000;0;;;
8992803658712;;FLACENTA GREEN TEA 500ml;HAND&BODY LOTION;FLACENTA;7;PCS;15.000;19.000;0;;;
8992803659849;;FLACENTA HAND&BODY LOTION VITAMIN C 500ml;HAND&BODY LOTION;FLACENTA;9;PCS;15.000;19.000;0;;;
8992803661644;;SABUN PAPAYA BDL;SABUN BATANG;NO MEREK;2;PCS;8.900;14.000;0;;;
8992803993738;;HAND N BODY FLACENTA CHERRY BLOSSOM;HAND&BODY LOTION;FLACENTA;-2;BOTOL;15.400;19.000;0;;;
8992803993929;;HAND AND BODY PLASENTA PINK 500ML;HAND&BODY LOTION;FLACENTA;-2;BOTOL;15.000;19.000;0;;;
8992803993936;;HAND N BODY FLACENTA MULBERRY;HAND&BODY LOTION;FLACENTA;-1;BOTOL;15.000;19.000;0;;;
8992807123919;;HOME SNOW39g;CREAM WAJAH;SNOW;6;PCS;10.000;14.000;0;;;
8992821100026;;ROHTO TETES MATA;TETES MATA;ROHTO;30;BOTOL;11.000;15.000;0;;;
8992821100088;;LIP ICE SHEER COLOR NATURAL;LIPSTIK/LIPCREAM/LIPTIN/LIPBLAM;ROHTO;-2;PCS;20.000;24.000;0;;;
8992821100118;;ROHTO COOL 7ml;TETES MATA;ROHTO;98;PCS;15.000;20.000;0;;;
8992821100163;;LIP ICE SHEER COLOR STRAWBERRY;LIPSTIK/LIPCREAM/LIPTIN/LIPBLAM;ROHTO;0;PCS;23.400;30.000;0;;;
8992821100309;;ACNES CREAMY WASH 100G;FACIAL WASH;ACNES;2;PCS;23.000;30.000;0;;;
8992821100392;;ACNE CREAMY WASH 50 GR;FACIAL FOAM;ACNES;5;BOTOL;14.600;20.000;0;;;
8992821100415;;ACNES GEL 9g;SALEP;ROHTO;1;PCS;16.000;23.000;0;;;
8992821100729;;SAMPHOO SELSUN BLUE 60 ML;SAMPO;ROHTO;22;BOTOL;23.500;27.500;0;;;
8992821100736;;SELSUN BLUE 120 ML;SAMPO;ROHTO;13;BOTOL;38.000;43.000;0;;;
8992821100743;;SELSUN BLUE FIVE 120 ML;SAMPO;ROHTO;2;BOTOL;41.400;47.000;0;;;
8992821101092;;SELSUN BLUE FIVE 60 ML;SAMPO;ROHTO;3;BOTOL;20.500;27.000;0;;;
8992821101108;;EYEFLUSH ROHTOO 150 ML;ALAT CUCI;ROHTO;1;BOTOL;37.000;41.000;0;;;
8992821101252;;SAMPO SELSUN YELLOW 50 ML;SAMPO;ROHTO;17;BOTOL;22.500;27.500;0;;;
8992821101269;;SAMPO SELSUN ORANGE 100 ML;SAMPO;KINO;15;BOTOL;34.000;42.000;0;;;
8992821102372;;ACNES FACE WASH COMPLETE WHITE 100 GR;FACIAL FOAM;ACNES;2;BOTOL;23.000;28.000;0;;;
8992828831367;;VITAL EAR OIL 10ml;TETES TELINGA;VITAL;18;PCS;14.600;19.000;0;;;
8992828881782;;AMBEVEN;OBAT;MEDIKON;34;STRIP;16.500;21.000;0;;;
8992828889887;;VERILEACNE GEL 10g;SALEP;VERILEANDME;-3;PCS;15.000;22.000;0;;;
8992828890012;;GLUCOSAMINE 500MG;OBAT;PT MEDIKON;5;STRIP;12.000;16.500;0;;;
8992828890425;;ZORALIN CREAM 10g;SALEP;ZORALIN;0;PCS;12.500;18.500;0;;;
8992828890593;;PROSTAKUR TABLET ISI 5;OBAT;PT MEDIKON;-6;STRIP;20.600;26.000;0;;;
8992832191167;;PARFUM BELLAGIO STAMINA 100 ML;PARFUM;BELLAGIO;2;BOTOL;25.000;33.000;0;;;
8992832191174;;BELLAGIO RAVE CULTURE 100ml;PARFUM;BELLAGIO;4;PCS;25.000;30.000;0;;;
8992832191181;;BELLAGIO ACCELERATE 100ml;PARFUM;BELLAGIO;-5;PCS;25.000;33.000;0;;;
8992832191198;;PARFUM BELLAGIO VENTURA 100 ML;PARFUM;BELLAGIO;3;BOTOL;25.000;33.000;0;;;
8992832594241;;PARFUM CASABLANCA AQUA 100 ML;PARFUM;CASABLANGKA;5;BOTOL;25.000;30.000;0;;;
8992832601161;;PARFUM CASABLANCA AQUA 100 ML;PARFUM;CASABLANGKA;9;BOTOL;11.700;17.000;0;;;
8992832601185;;CASABLANCA BODY MIST ROMANTIC;PARFUM;CASABLANGKA;-8;PCS;11.700;17.000;0;;;
8992832601192;;CASABLANCA CLASSIC;PARFUM;CASABLANGKA;9;BOTOL;12.500;17.000;0;;;
8992832601208;;CASABLANCA BODY MIST ENERGETIC 100M;PARFUM;CASABLANGKA;5;BOTOL;11.300;17.000;0;;;
8992832601215;;CASABLANCA ILLUSSION;PARFUM;CASABLANGKA;1;BOTOL;11.700;17.000;0;;;
8992832601222;;CASABLANCA BODY MIST IJO 100ML;PARFUM;CASABLANGKA;6;BOTOL;13.000;17.000;0;;;
8992832601451;;CASABLANCA BODY SPRAY PUTIH 100 ML;DEODORAN;CASABLANGKA;0;BOTOL;16.700;21.000;0;;;
8992832601468;;CASABLANCA BODY SPRAY ROSE 100ML;PARFUM;CASABLANGKA;-3;PCS;16.000;20.000;0;;;
8992832601499;;CASABLANCA BODY SPRAY MERAH 100ML;DEODORAN;CASABLANGKA;0;BOTOL;16.700;21.000;0;;;
8992832601628;;CASABLANCA DEODORANT DYNAMIC 50ml;DEODORAN;CASABLANGKA;12;PCS;11.700;16.000;0;;;
8992832601635;;CASABLANCA DEODORANT ROMANTI 50ml;DEODORAN;CASABLANGKA;12;PCS;11.700;16.000;0;;;
8992832601659;;ROLL ON CASABLANCA ETERNITY 50ML;DEODORAN;CASABLANGKA;0;BOTOL;11.000;15.000;0;;;
8992832601666;;CASABLANCA DEODORAN AMBITIOUS 50ml;DEODORAN;CASABLANGKA;13;PCS;11.700;16.000;0;;;
8992832602137;;PARFUM CASABLANCA AMBITIOUS 100 ML;PARFUM;CASABLANGKA;2;BOTOL;12.000;17.000;0;;;
8992832602144;;CASABLANCA BODY MIST INTENSE 100ML;PARFUM;CASABLANGKA;12;PCS;11.500;17.000;0;;;
8992832602168;;CASABLANCA HOMME BODY MIST COLAGNE DYNAMIC;PARFUM;CASABLANGKA;21;PCS;11.700;17.000;0;;;
8992832602854;;CASABLANCA DEODORANT PRESTIGE 50 ML;DEODORAN;CASABLANGKA;1;BOTOL;11.000;15.000;0;;;
8992832602861;;CASABLANCA DEODORAN PURE 50ml;DEODORAN;CASABLANGKA;4;PCS;11.000;15.000;0;;;
8992832603066;;CASABLANCA DEODORANT CLASSIC 50ml;DEODORAN;CASABLANGKA;-1;PCS;10.500;15.000;0;;;
8992832603158;;REGAZA PINK 100ML;PARFUM;REGAZZA;1;BOTOL;28.000;32.000;0;;;
8992832603165;;REGAZZA FEMME CALSSY;PARFUM;REGAZZA;-3;PCS;28.000;32.000;0;;;
8992832603172;;REGAZA MERAH 100ML;PARFUM;REGAZZA;16;BOTOL;28.000;32.000;0;;;
8992832603189;;REGAZA UNGU 100 ML;PARFUM;REGAZZA;1;BOTOL;25.000;32.000;0;;;
8992832603431;;ROLL ON CASABLANCA INTENSE 50ML;DEODORAN;CASABLANGKA;9;BOTOL;11.200;15.000;0;;;
8992832603608;;REGAZZA FEMME GLOW;PARFUM;REGAZZA;7;PCS;25.000;30.000;0;;;
8992832603615;;REGAZZA FEMME PURITY;PARFUM;REGAZZA;6;PCS;28.000;32.000;0;;;
8992832603622;;BELLAGIO PARFUMHOMME 100ML;PARFUM;BELLAGIO;5;BOTOL;26.000;33.000;0;;;
8992832604032;;CASABLANCA BODY SPRAY IJO 100ML;DEODORAN;CASABLANGKA;0;BOTOL;16.700;21.000;0;;;
8992832604094;;PARFUM CASABLANCA ELEGANCE 100 ML;PARFUM;CASABLANGKA;7;BOTOL;12.000;17.000;0;;;
8992832604124;;CASABLANCA BODY MIST UNGU 100ml;PARFUM;CASABLANGKA;-4;PCS;12.500;17.000;0;;;
8992832605220;;PARFUM CASABLANCA CLASSIC 100ML;PARFUM;CASABLANGKA;4;BOTOL;27.000;30.000;0;;;
8992832605237;;PARFUM CASABLANCA ROMANTIC BELING 100ML;PARFUM;CASABLANGKA;0;BOTOL;20.000;25.000;0;;;
8992832605244;;PARFUM CASABLANCA FANTASY BELING 100 ML;PARFUM;CASABLANGKA;2;BOTOL;20.000;25.000;0;;;
8992832605251;;PARFUM CASABLANCA ILLUSSION BELING 100ML;PARFUM;CASABLANGKA;0;BOTOL;20.000;25.000;0;;;
8992832605268;;PARFUM CASABLANCA ENERGTIC 100 ML;PARFUM;CASABLANGKA;-1;BOTOL;20.000;25.000;0;;;
8992832605275;;PARFUM CASABLANCA PURE BELING 100ML;PARFUM;CASABLANGKA;1;BOTOL;20.000;25.000;0;;;
8992832605282;8992832605282;PARFUM CASABLANCA AQUA 100ML;PARFUM;CASABLANGKA;0;BOTOL;20.000;25.000;0;;;
8992832605299;;PARFUM CASABLANCA BELING AMBITIOUS;PARFUM;CASABLANGKA;-1;PCS;20.000;25.000;0;;;
8992832605305;;PARFUM CASABLANCA DYNAMIC BELING 100ML;PARFUM;CASABLANGKA;-1;BOTOL;20.000;25.000;0;;;
8992832605312;;PARFUM CASABLANCA INTENSE BELING 100ML;PARFUM;CASABLANGKA;0;BOTOL;27.500;30.000;0;;;
8992832605336;8992832605336;PARFUM CASABLANCA ROYALE 100ML;PARFUM;CASABLANGKA;0;BOTOL;20.000;25.000;0;;;
8992843100158;;BETADINE 15ML;ANTISEPTIC;BETADINE;-20;PCS;15.000;20.000;0;;;
8992843100301;;BETADINE ANTISEPTIC SOLUTION 30ml;ANTISEPTIC;BETADINE;-4;PCS;26.000;30.000;0;;;
8992843100615;;BETADINE FEMININE HYGIENE 60ML;ANTISEPTIC;BETADINE;-1;PCS;35.000;41.000;0;;;
8992843101902;;BETADINE MOUTHWASH AND GARGLE 190ML;OBAT KUMUR;BETADINE;3;PCS;34.000;41.000;0;;;
8992843103050;;BETADINE ANTISEPTIC 5ML;ANTISEPTIC;BETADINE;198;PCS;6.400;10.000;0;;;
8992843120101;;SALEP BETADINE 10 GR;SALEP;BETADINE;-6;PCS;24.000;30.000;0;;;
8992843120507;;SALEP BETADINE 5g;ANTISEPTIC;BETADINE;-4;PCS;15.000;20.000;0;;;
8992843121009;;BETADIN KUMUR 100ML;OBAT KUMUR;BETADINE;0;BOTOL;24.000;30.000;0;;;
8992843131008;;BETADINE VAGINAL DOUCHE 100ML;ANTISEPTIC;BETADINE;-3;PCS;120.000;132.000;0;;;
8992843992111;;BETADINE ANTISEPTIC SKIN CLEANSER 100ML;ANTISEPTIC;BETADINE;-1;PCS;42.000;47.000;0;;;
8992846223038;;SENSITIF STRIP;TESPEK;;19;PCS;19.800;26.000;0;;;
8992846223229;;AKURAT;TESPEK;PT DANPAC PHARMA;50;PCS;8.800;15.000;0;;;
8992856877160;;SUMBER AYU NATURAL/BIRU 90ML;PEMBERSIH;SARIAYU;-1;BOTOL;10.000;14.000;0;;;
8992856877177;;SUMBER AYU DAUN SIRIH ROSE 90mL;PEMBERSIH;SUMBER AYU;-9;PCS;10.000;14.000;0;;;
8992856877184;;SUMBER AYU DAUN SIRIH FLORAL 90ml;PEMBERSIH;SUMBER AYU;0;BOTOL;8.700;12.000;0;;;
8992856890435;;SUMBER AYU DAUN SIRIH ORCHID 90ml;PEMBERSIH;SUMBER AYU;-3;BOTOL;10.000;14.000;0;;;
8992856890817;;PARFUM IZZI DAZZLING LOVE 100 ML;PARFUM;IZZI;5;BOTOL;17.000;22.000;0;;;
8992856890824;;IZZI BODY MIST SWEET LOVE;PARFUM;IZZI;8;PCS;17.000;22.000;0;;;
8992856891654;;IZZI TRUE LOVE;PARFUM;IZZI;5;PCS;16.000;21.000;0;;;
8992856892507;;VITALIS BLOSSOM 120ML;PARFUM;VITALIS;11;PCS;19.000;23.500;0;;;
8992856892521;;VITALIS BREEZE 120ML;PARFUM;VITALIS;3;PCS;19.000;23.500;0;;;
8992856893160;;VITALIS BODY SCENT BIZARRE;PARFUM;VITALIS;1;PCS;19.000;23.500;0;;;
8992856896581;;PARFUM IZZI PINK TUA 100 ML;PARFUM;IZZI;0;BOTOL;14.500;19.000;0;;;
8992856897373;;PARFUM VITALIS BELING BIRU 100ML;PARFUM;VITALIS;0;BOTOL;32.000;38.000;0;;;
8992856897380;;PARFUM VITALIS BELING UNGU 100 ML;PARFUM;VITALIS;-1;BOTOL;32.000;38.000;0;;;
8992856897731;;SUMBER AYU COKLAT 50 ML;ANTISEPTIC;SUMBER AYU;0;BOX;9.000;12.000;0;;;
8992856897748;;SUMBER AYU MANJAKANI KESET KAYU RAPET EXTRACT 90ml;PEMBERSIH;SUMBER AYU;-4;PCS;18.500;23.000;0;;;
8992856897779;;SUMBER AYU MERAH 50 ML;ANTISEPTIC;SUMBER AYU;0;BOTOL;9.000;12.000;0;;;
8992856897786;;SUMBER AYU CLEAR WHITE 90ML;PEMBERSIH;SUMBER AYU;1;PCS;19.000;24.000;0;;;
8992856898769;;PARFUM VITALIS BELING PUTIH 100 ML;PARFUM;VITALIS;1;BOTOL;32.000;38.000;0;;;
8992856899209;;SUMBER AYU PINK TUBE 50 ML;ANTISEPTIC;SUMBER AYU;0;BOTOL;9.000;12.000;0;;;
8992856899216;;SUMBER AYU PEARLY WHITE  90ML;PEMBERSIH;SUMBER AYU;-1;PCS;21.000;25.000;0;;;
8992856899537;;FACIAL FOAM SAFI BIRU 100GR;FACIAL FOAM;SAFI;1;BOTOL;20.500;33.000;0;;;
8992856899544;;FACIAL FOAM SAFI BIRU 50 GR;FACIAL FOAM;SAFI;0;BOTOL;20.500;25.000;0;;;
8992856899667;;FACIAL FOAM SAFI PINK 100 GR;FACIAL FOAM;SAFI;0;BOTOL;27.000;32.000;0;;;
8992856899889;;FACIAL FOAM SAFI PINK 50 GR;FACIAL FOAM;SAFI;2;BAL;15.000;25.000;0;;;
8992856899926;;IZZI ISI ULANG 18ML;PARFUM;IZZI;-2;PCS;7.000;10.000;0;;;
8992856900455;;FACIAL FOAM SAFI IJO 100 GR;FACIAL FOAM;SAFI;1;BOTOL;27.000;32.000;0;;;
8992856900639;;ROMANO ISI ULANG NAVY 18ML;PARFUM;ROMANO;0;PCS;7.000;10.000;0;;;
8992856900882;;VITALIS ISI ULANG BIRU 18ML;PARFUM;VITALIS;-3;PCS;7.000;10.000;0;;;
8992856900936;;ROMANO ISI ULANG 18ML;PARFUM;ROMANO;-1;PCS;7.000;10.000;0;;;
8992856902152;;PARFUM VITALIS BELING PINK 100ML;PARFUM;VITALIS;0;BOTOL;27.000;34.000;0;;;
8992856902305;;PARFUM VITALIS HIJAB CHIC 100 ML;PARFUM;VITALIS;1;BOTOL;25.000;30.000;0;;;
8992856902312;;PARFUM VITALIS HIJAB ELEGANT 100ML;PARFUM;VITALIS;0;BOTOL;25.000;30.000;0;;;
8992856902701;;IZZI KOREAN BODY MIST EVERLAND 100ML;PARFUM;IZZI;-3;PCS;15.000;19.000;0;;;
8992856906327;;PARFUM VITALIS MAKE IT HAPPEN 100 ML;PARFUM;VITALIS;1;BOTOL;30.500;35.000;0;;;
8992856906334;;PARFUM VITALIS RISE N SHINE 100 ML;PARFUM;VITALIS;1;BOTOL;30.500;35.000;0;;;
8992856907997;;PARFUM VITALIS DREAM N BELIEVE 100 ML;PARFUM;VITALIS;1;BOTOL;30.500;35.000;0;;;
8992856909359;;SUMBER AYU GODOKAN SIRIH;PEMBERSIH;SUMBER AYU;1;BOTOL;10.000;14.000;0;;;
8992857070126;;VAPE LIQUID REFILL FRUITY FRESH;OBAT NYAMUK;PT FUMAKILLA;-1;BOTOL;14.800;19.000;0;;;
8992857130325;;VAPE LIQUID REFILL SAKURA BLOSSOM;OBAT NYAMUK;PT FUMAKILLA;1;BOTOL;14.800;19.000;0;;;
8992857130646;;VAPE LIQUID REFILL FRESH ORANGE;OBAT NYAMUK;PT FUMAKILLA;2;BOTOL;14.800;19.000;0;;;
8992857130912;;VAPE LIQUID REFIL SWEET POWDER;OBAT NYAMUK;PT FUMAKILLA;2;BOTOL;14.800;19.000;0;;;
8992857130981;;VAPE PLUS LIQUID FRUITY FRESH;OBAT NYAMUK;PT FUMAKILLA;-1;BOTOL;14.800;20.000;0;;;
8992858063011;;PROCOLD FLU&BATUK;OBAT;PT KALBE FARMA;30;PCS;4.800;7.000;0;;;
8992858213119;;SALEP BIOPLASENTON;SALEP;KALBE;75;PCS;26.500;32.000;0;;;
8992858243314;;KALCINOL N 5g;SALEP;KALBE;14;PCS;11.500;16.000;0;;;
8992858245110;;SALEP KALMICETINE 20MG;SALEP;KALBE;6;TUBE;17.000;21.000;0;;;
8992858245516;;KALPANAX CREAM 5g;SALEP;KALPANAX;86;PCS;16.000;20.000;0;;;
8992858245912;;KALPANAX SALEP 6 GR;SALEP;KALPANAX;68;PCS;10.500;15.000;0;;;
8992858253313;;MYCORAL SALEP 5g;SALEP;MYCORAL;81;PCS;17.500;22.000;0;;;
8992858418316;;CEREBROVIT EXCEL;OBAT;PT KALBE FARMA;-1;STRIP;17.500;23.000;0;;;
8992858445015;;KALMICETINE 250mg;OBAT;KALBE;6;STRIP;10.500;16.000;0;;;
8992858457810;;NEPHROLIT ISI 5;OBAT;KALBE;10;STRIP;2.300;6.000;0;;;
8992858517910;;CEREBROFORT GOLD RASA JERUK 100ML;VITAMIN;PT KALBE FARMA;-2;PCS;18.000;22.000;0;;;
8992858518115;;CEREBROFORT GOLD STRAWBERRY 100ML;VITAMIN;KALBE;-5;BOTOL;19.000;26.000;0;;;
8992858518917;;CEREBROFORT GOLD RASA JERUK 100 ML;OBAT;KALBE;1;BOTOL;24.000;29.000;0;;;
8992858523201;;ENTROSTOP ANAK;OBAT;PT KALBE FARMA;67;PCS;2.700;4.000;0;;;
8992858560213;;OTOLIN DROP;TETES TELINGA;KALBE;0;BOTOL;45.000;48.000;0;;;
8992858563719;;PLANTACID SYRUP 100ML;OBAT;KALBE;2;BOTOL;13.000;17.500;0;;;
8992858563818;;PLANTACID FORTE 100ML;OBAT;KALBE;8;BOTOL;29.000;35.000;0;;;
8992858564006;;PROMAG HERBAL;OBAT;PT KALBE FARMA;219;PCS;2.500;4.000;0;;;
8992858564013;;PROVE D DROP 12,5ML;OBAT;KALBE;0;BOTOL;185.000;205.000;0;;;
8992858564112;;PROMAG SUSPENSI 60ml;OBAT;KALBE;-4;BOTOL;13.000;17.000;0;;;
8992858564204;;PROMAG SUSPENSI;OBAT;PT KALBE FARMA;17;PCS;2.400;3.500;0;;;
8992858588811;;WOODS MERAH SYRUP 100 ML;OBAT;KALBE;0;BOTOL;28.000;33.000;0;;;
8992858588866;;WOODS MERAH SYRUP 100 ML;OBAT;KALBE;-1;BOTOL;28.000;33.000;0;;;
8992858589115;;WOODS BIRU SYRUP 60ML;OBAT;PT KALBE FARMA;-33;BOTOL;24.000;28.000;0;;;
8992858589214;;WOODS MERAH SYRUP 60ML;OBAT;PT KALBE FARMA;-17;BOTOL;22.000;27.000;0;;;
8992858613315;;BETABLOK 50mg;OBAT;KALBE;-4;STRIP;5.000;10.000;0;;;
8992858644012;;KALMETHASONE 0,5mg;OBAT;KALBE;30;STRIP;1.200;4.000;0;;;
8992858658200;;ENTROSTOP DEWASA;OBAT;PT KALBE FARMA;145;PCS;8.400;11.000;0;;;
8992858658316;;ENTROSTOP DEWASA;OBAT;KALBE;-83;STRIP;8.000;10.000;0;;;
8992858663334;8992858663334;Prove D3-1000;OBAT;KALBE;-2;BOX;78.000;95.000;0;;;
8992858664812;;PRONICY 4mg;OBAT;KALBE;495;STRIP;3.300;6.500;0;;;
8992858665000;;PROMAG TABLET;OBAT;PT KALBE FARMA;209;PCS;8.300;11.000;0;;;
8992858665413;;PLANTACID FORTE TABLET;OBAT;KALBE;25;STRIP;8.500;13.000;0;;;
8992858667202;;PROCOLD FLU;OBAT;PT KALBE FARMA;2;PCS;4.400;6.000;0;;;
8992858671513;;RILLUS TABLET;OBAT;KALBE;11;STRIP;48.000;57.000;0;;;
8992858690200;;XONCE;VITAMIN;KALBE;-102;STRIP;1.300;3.000;0;;;
8992858697117;;ZEGAVIT;VITAMIN;KALBE;-16;STRIP;22.500;30.000;0;;;
8992858697131;;ZEGAVIT TABLET ISI 6;OBAT;KALBE;35;STRIP;22.500;28.000;0;;;
8992863125001;;ESTER C BOTOL ISI 30;OBAT;PT INDOCARE;-22;BOTOL;46.000;52.000;0;;;
8992863661035;;ESTER C SASET ISI 4;OBAT;PT PYRIDAM;5;STRIP;6.500;10.000;0;;;
8992866110608;;BIGEN BLACK;CAT RAMBUT;BIGEN;87;PCS;14.600;20.000;0;;;
8992867495148;;NEGATAL CAPSULE;JAMU;JAMU;-10;PCS;14.000;21.000;0;;;
8992870110137;;SALONPAS GEL 30 GR;SALEP;HISAMITSU;7;PCS;19.000;23.000;0;;;
8992870310100;;SALONPAS KOYO PUTIH UK 5X2 LEMBAR;PLESTER;HISAMITSU;5.179;BIJIAN;700;1.500;0;;;
8992870310117;;SALONPAS HOT KOYO;PLESTER;HISAMITSU;2.443;BIJIAN;700;1.000;0;;;
8992870410121;;SALONPAS HOT;KOMPRES DEMAM;HISAMITSU;-123;PCS;8.200;10.000;0;;;
8992870410206;;SALONPAS KOYO;PLESTER;HISAMITSU;-3.478;BIJIAN;800;1.500;0;;;
8992870712096;;BYE BYE FEVER ANAK;KOMPRES DEMAM;HISAMITSU;-813;PCS;7.800;12.000;0;;;
8992870712102;;BYE BYE FEVER BAYI;KOMPRES DEMAM;HISAMITSU;-351;PCS;6.500;10.000;0;;;
8992870712133;;BYEBYE FEVER DEWASA;KOMPRES DEMAM;HISAMITSU;6;PCS;10.800;15.000;0;;;
8992902151008;;NAPOLEON DEODORAN SPRAY 100ML;PARFUM;NAPOLEON;5;PCS;31.000;34.000;0;;;
8992902151015;;NAPOLEON PARFUM BODY SPRAY 100ML;PARFUM;NAPOLEON;0;PCS;31.000;34.000;0;;;
8992902152005;;PARFUM NAPOLEONMERAH 200ML;PARFUM;NAPOLEON;5;BOTOL;48.000;54.000;0;;;
8992902152012;;NAPOLEON DEODORAN SPRAY 200ML;PARFUM;NAPOLEON;10;PCS;47.500;54.000;0;;;
8992902156508;;DEODORANT SPRAY MARLBORO MERAH 65ML;DEODORAN;NAPOLEON;3;BOTOL;24.300;28.000;0;;;
8992928060186;;NATUR SHAMPO ALOE VERA EXTRACT 140ML;SAMPO;NATUR;17;PCS;26.300;32.000;0;;;
8992928061008;;NATUR HAIR TONIC ALOE VERA EXTRACT 90ML;HAIR TONIC;NATUR;0;PCS;29.000;35.000;0;;;
8992928121405;;NATUR SHAMPO GINSENG EXTRACT 140ML;SAMPO;NATUR;9;PCS;26.300;32.000;0;;;
8992928810804;;SAMPO NATUR GINSENG 80 ML;SAMPO;NATUR;1;BOTOL;14.200;18.000;0;;;
8992928811252;;NATUR HAIR TONIC GINSENG EXTRACT 90ML;HAIR TONIC;NATUR;1;PCS;31.700;37.000;0;;;
8992931005112;;TISSU TESSA;TISSU;TESSA;17;PCS;1.900;4.000;0;;;
8992944110018;;PIL BINARI;JAMU;PT BINARI;10;PCS;3.000;5.000;0;;;
8992946511790;;SABUN SHINZUI MATSU 85G;SABUN BATANG;SHINZUI;-38;PCS;4.500;6.500;0;;;
8992946512223;;SHINZUI SABUN BATANG HANNA;SABUN BATANG;SHINZUI;4;PCS;4.500;6.500;0;;;
8992946512285;;SHINZUI SABUN BATANG KIREI;SABUN BATANG;SHINZUI;51;PCS;4.500;7.000;0;;;
8992946513299;;HAND N BODY SHINZUI KIREI 100ML;HAND&BODY LOTION;SHINZUI;0;BOTOL;12.000;16.000;0;;;
8992946513398;;SHINZUI BODY SCRUB KENSHO 200g;LULUR;SHINZUI;0;PCS;13.500;18.000;0;;;
8992946514296;;SHINZUI FACIAL WASH HERBA MATSU OIL 80ML;FACIAL WASH;SHINZUI;-5;PCS;20.700;27.000;0;;;
8992946518805;;HAND BODY SHINZUI MATSU 210ml;HAND&BODY LOTION;SHINZUI;0;BOTOL;21.000;25.000;0;;;
8992946518812;;HAND BODY SINZUI HANA 210ML;HAND&BODY LOTION;SHINZUI;0;BOTOL;20.500;24.000;0;;;
8992946518829;;HAND AND BODY SHINZUI KIREI 210 ML;HAND&BODY LOTION;SHINZUI;1;BOTOL;21.000;25.000;0;;;
8992946519338;;SHINZUI BODY SCRUB MATSU 200g;LULUR;SHINZUI;-3;PCS;14.500;19.000;0;;;
8992946519345;;LULUR SINZUI HANA 200GR;LULUR;SHINZUI;0;PCS;13.400;18.000;0;;;
8992946519352;;SHINZUI BODY SCRUB KIREI 200g;LULUR;SHINZUI;3;PCS;13.400;19.000;0;;;
8992946521409;;SHINZUI SABUN BATANG SAKURA;SABUN BATANG;SHINZUI;36;PCS;4.600;7.000;0;;;
8992946521416;;SHINZUI SABUN BATANG MYORI;SABUN BATANG;SHINZUI;-18;PCS;4.600;7.000;0;;;
8992946521812;;SHINZUI BODY SCRUB MYORI 200g;LULUR;SHINZUI;2;PCS;13.400;19.000;0;;;
8992946521829;;SHINZUI BODY SCRUB SAKURA 200g;LULUR;SHINZUI;8;PCS;14.500;19.000;0;;;
8992946521836;;SABUN SINZUI KENSHO;SABUN BATANG;SHINZUI;-7;PCS;4.500;7.000;0;;;
8992946522291;;SHINZUI SAKURA BODY LOTION 100g;BODY LOTION;SHINZUI;-3;PCS;11.700;16.000;0;;;
8992946522307;;HAND BODY SHINZUI KENSHO 100ML;HAND&BODY LOTION;SHINZUI;0;BOTOL;11.500;15.000;0;;;
8992946522321;;HAND AND BODY SHINZUI SAKURA 210;HAND&BODY LOTION;SHINZUI;0;BOTOL;21.000;25.000;0;;;
8992946523519;;REFILL SABUN CAIR SHINZUI MATSU 400ML;SABUN CAIR;SHINZUI;-3;PCS;22.500;26.000;0;;;
8992946523526;;REFIL SHINZUI HANA;SABUN CAIR;SHINZUI;1;PCS;21.000;25.000;0;;;
8992946523533;;REFIL SABUN SHINZUI KIREI 400ML;SABUN CAIR;SHINZUI;22;PCS;18.500;24.000;0;;;
8992946523557;8992946523557;REFIL SHINZUI SAKURA 400ML;SABUN CAIR;SHINZUI;-18;PCS;18.800;23.000;0;;;
8992946525568;;SABUN ZINSUI PENCET HANA480 ML;SABUN CAIR;SHINZUI;-2;BOTOL;29.000;35.000;0;;;
8992946525575;;SABUN SINZUI KIREI PENCET 480 ML;SABUN CAIR;SHINZUI;0;BOTOL;30.000;35.000;0;;;
8992946525599;;SABUN SHINZUI PENCET SAKURA 480 ML;SABUN CAIR;SHINZUI;0;BOTOL;31.000;36.000;0;;;
8992946525605;;SABUN SINZUI KENSHO CAIR PENCET 480 ML;SABUN CAIR;SHINZUI;4;BOTOL;30.000;35.000;0;;;
8992946526206;;FACIAL FOAM SHINZUI ACNE 80ML;FACIAL FOAM;SHINZUI;1;BOTOL;20.500;27.000;0;;;
8992946531361;;REFILL SABUN CAIR ZEN 380 ML;SABUN CAIR;PT BINARI;3;PCS;18.000;22.000;0;;;
8992946531675;;REFIL SHINZUI KIREI 800ML;SABUN CAIR;SHINZUI;6;PCS;30.000;37.000;0;;;
8992946531866;;SABUN BATANG ZEIN PINK;SABUN BATANG;NO MEREK;0;PCS;3.500;5.500;0;;;
8992946532832;;SABUN BATANG ZEIN BIRU;SABUN BATANG;NO MEREK;0;PCS;3.500;5.500;0;;;
8992946534461;;REFILL SABUN CAIR ZEN UNGU 380 ML;SABUN CAIR;PT BINARI;2;PCS;18.000;22.000;0;;;
8992947419019;;GOOD EXTRA STRONG HAIR SPRAY 90ML;HAIR SPRAY;PT KOSMINDAH WANGI;-2;BOTOL;25.000;30.000;0;;;
8992959080207;;SOFTEX DAUN SIRIH PANTY LINERS;SOFTEX;SOFTEX;-38;PCS;6.100;10.000;0;;;
8992959117569;;SOFTEX DAUN SIRIH NON WING 8 PADS;SOFTEX;SOFTEX;-105;PCS;4.500;6.500;0;;;
8992959117583;;SOFTEX DAUN SIRIH SLIM WING ISI 10;SOFTEX;SOFTEX;-6;PCS;7.000;11.000;0;;;
8992959117606;;SOFTEX DAUN SIRIH NON WING PAD 23cm;PEMBALUT;SOFTEX;-495;BIJIAN;400;1.000;0;;;
8992959506028;;SOFTEX MATERNITY;SOFTEX;SOFTEX;4;PCS;20.000;28.000;0;;;
8992959974506;;SOFTEX DAUN SIRIH WING ISI 2 29 CM;PEMBALUT;SOFTEX;-49;PCS;2.100;4.000;0;;;
8992959974513;;SOFTEX DAUN SIRIH 36 CM MALAM;SOFTEX;SOFTEX;3;PCS;4.200;8.000;0;;;
8992959974544;;SOFTEX DAUN SIRIH WING 8 PADS;SOFTEX;SOFTEX;-85;PCS;4.300;8.000;0;;;
8992959974582;;SOFTEX DAUN SIRIH WING 23CM ISI 2;SOFTEX;SOFTEX;53;PCS;1.200;2.000;0;;;
8992959977071;;SOFTX NATURAL COOL NIGHT 10 PADS;SOFTEX;SOFTEX;-1;PCS;12.000;16.000;0;;;
8992982400010;;SMOTING MAKARIZO KOTAK BIRU;MASKER;MAKARIZO;-1;PCS;30.500;37.000;0;;;
8992982400027;;SMOTING MAKARIZO KOTAK OREN;MASKER;MAKARIZO;1;PCS;30.500;37.000;0;;;
8992982400034;;SMOTING MAKARIZO KOTAK PINK;MASKER;MAKARIZO;1;PCS;30.500;36.000;0;;;
8992982400041;;REBONDING MAKAREZO SASET BIRU;REBONDING ;MAKARIZO;5;PCS;22.000;27.000;0;;;
8992982400058;;REBONDING MAKAREZO SASET ORANGE;REBONDING ;MAKARIZO;9;PCS;20.000;27.000;0;;;
8992982400065;;REBONDING MAKAREZO SASET PINK;REBONDING ;MAKARIZO;3;PCS;20.000;27.000;0;;;
8992982400171;;MAKARIZO HAIR ENERGY VITAGLITZ MELON ISI 6;VITAMIN;MAKARIZO;0;PCS;10.400;15.000;0;;;
8992982400188;;VITAGLITZ MAKAREZO KIWI ISI 6;VITAMIN RAMBUT;MAKARIZO;5;PCS;10.400;15.000;0;;;
8992982400195;;MAKARIZO HAIR ENERGY VITAGLITZ ISI 6;VITAMIN RAMBUT;MAKARIZO;2;PCS;10.400;15.000;0;;;
8992982400478;;MAKARIZO ADVISOR VITAMAX 50 ML;SERUM RAMBUT;MAKARIZO;1;BOTOL;41.500;48.000;0;;;
8992982401222;;CREAMBATH MAKAREZO GINSENG EXTRACT KECIL;CREAMBATH;MAKARIZO;1;PCS;6.300;10.000;0;;;
8992982401703;;MAKARIZO HAIR ENERGY SCENTSATIONS 100ML;PARFUM;MAKARIZO;1;BOTOL;22.200;26.000;0;;;
8992982401819;;MAKARIZO HAIR ENERGY FIBERTHERAPY SHAMPO SACET 9ML;SAMPO;MAKARIZO;-25;PCS;1.000;2.500;0;;;
8992982403110;;MAKARIZO ADVISOR HAIR MASK;HAIR MASK;MAKARIZO;-52;PCS;6.900;12.000;0;;;
8992982403158;;MAKARIZOVITAMIN TUBE 8ML;SERUM RAMBUT;MAKARIZO;391;PCS;7.500;11.000;0;;;
8992982403172;;MAKARIZO HAIR REPAIR MASK 100ML;HAIR MASK;MAKARIZO;-17;BOTOL;26.500;32.000;0;;;
8992982501847;;REBONDING MAKARIZO STEP 2;REBONDING ;MAKARIZO;2;BOTOL;66.000;73.000;0;;;
8992989010069;;CENDO FLOXA;TETES MATA;CENDO;12;PCS;5.500;8.000;0;;;
8992989010199;;LFX CENDO MINIDOSE;TETES MATA;CENDO;-3;PCS;15.000;20.000;0;;;
8992989010564;;CENFRESH CENO MINIDOSSE;TETES MATA;CENDO;120;PCS;4.800;8.000;0;;;
8992989010571;;CENDO XITROL MINIDOSE;TETES MATA;CENDO;-74;PCS;5.400;10.000;0;;;
8992989010908;;CENDO MINIDOSE P-PRED;TETES MATA;CENDO;-3;PCS;11.000;14.000;0;;;
8993002010202;;SCARLETT COFFE BRIGHTENING SHOWER SCRUB;SABUN CAIR;SCARLET;1;BOTOL;49.500;55.000;0;;;
8993002010288;;BODY SCRUB SCARLET UNGU;LULUR;SCARLET;4;PCS;50.000;55.000;0;;;
8993002010301;;SAMPO SCARLET BIRU 250 ML;SAMPO;SCARLET;3;BOTOL;50.000;55.000;0;;;
8993002010318;;SCARLET BODY LOTION JOLLY 300ML;BODY LOTION;SCARLET;9;PCS;50.000;55.000;0;;;
8993002010325;;SCARLETT BODY WASH JOLLY 300 ML;BODY WASH;SCARLET;2;BOTOL;49.500;55.000;0;;;
8993002010332;;SCARLET BODY WASH FRESHY 300ML;SABUN CAIR;SCARLET;0;BOTOL;49.500;55.000;0;;;
8993002010349;;SCARLETT CHARMING BRIGHTENING SHOWER SCRUB;SABUN CAIR;SCARLET;3;BOTOL;53.000;58.000;0;;;
8993002010417;;SCARLETT BRIGHTENING SHOWER SCRUB  HAPPY;BODY WASH;SCARLET;0;BOTOL;49.000;55.000;0;;;
8993002010455;;BODY SERUM SCARLET HAPPY;BODY SERUM;SCARLET;1;BOTOL;49.000;55.000;0;;;
8993002010493;;BODY SERUM SCARLET JOLLY;BODY SERUM;SCARLET;0;BOTOL;49.000;55.000;0;;;
8993002010509;;BODY SERUM SCARLET CHARMING;BODY SERUM;SCARLET;0;BOTOL;49.000;55.000;0;;;
8993002010646;;SCARLETT BODY SCRUB JOLLY 250ML;LULUR;SCARLET;0;PCS;50.000;55.000;0;;;
8993002010653;;CONDITIONER SCARLET PINK;CONDITIONER;SCARLET;3;BOTOL;49.000;55.000;0;;;
8993002010875;;SCARLETT BRIGHTENING SHOWER SCRUB;BODY WASH;SCARLET;1;BOTOL;50.000;55.000;0;;;
8993002010882;;HAND N BODY SCARLETT LOVING;HAND&BODY LOTION;SCARLET;0;BOTOL;50.000;55.000;0;;;
8993002676767;;SCARLET BODY WASH MANGO 300ML;BODY WASH;SCARLET;-3;PCS;50.000;55.000;0;;;
8993002676781;;SCARLET BODY WASH CUCUMBER 300ML;BODY WASH;SCARLET;4;PCS;50.000;55.000;0;;;
8993002676798;;SCARLET BODY WASH POMEGRANTE 30ML;BODY WASH;SCARLET;5;PCS;49.500;55.000;0;;;
8993002676828;;SCARLET BODY LOTION IJO 300ML;BODY LOTION;SCARLET;1;PCS;50.000;55.000;0;;;
8993002676859;;HAND BODY SCARLETT ROMANSA;HAND&BODY LOTION;SCARLET;8;PCS;50.000;55.000;0;;;
8993002676897;;SCARLET FACIAL WASH BRIGHTENING 100ML;FACIAL WASH;SCARLET;-3;PCS;50.000;55.000;0;;;
8993002676903;;SCARLET BODY LOTION FRESHY 300ML;BODY LOTION;SCARLET;6;PCS;50.000;55.000;0;;;
8993002680009;;SCARLET BODY LOTION CHARMING 300ML;BODY LOTION;SCARLET;24;PCS;52.000;60.000;0;;;
8993002680030;;BODY SCRUB SCARLET ROMANSA;BODY SERUM;SCARLET;-3;PCS;53.000;60.000;0;;;
8993002680047;;HAND N BODY SCARLETT JOLLY;HAND&BODY LOTION;SCARLET;1;BOTOL;52.000;60.000;0;;;
8993002680061;;SCARLETT BODY LOTION HAPPY 300ML;HAND&BODY LOTION;SCARLET;8;BOTOL;52.500;60.000;0;;;
8993005112019;;JF DERMA MED;SABUN BATANG;JF;-6;PAK;11.000;15.000;0;;;
8993005112033;;SABUN JF SULFUR KULIT GATAL;SABUN BATANG;GELENIUM;9;PCS;12.500;16.000;0;;;
8993005116017;;JF DERMA PROTECT 90 GR;SABUN BATANG;JF;-2;PCS;9.000;14.000;0;;;
8993005116024;;SABUN JF ANTI ACNE 90G;SABUN BATANG;JF;1;PCS;11.300;15.500;0;;;
8993005116031;;SABUN JF ACNE PROTECT 90 GR;SABUN BATANG;JF;0;PCS;9.000;14.000;0;;;
8993005123015;;CALADINE LOTION 60ML;BEDAK GATAL;CALADINE;101;PCS;16.400;21.000;0;;;
8993005123022;;CALADINE LOTION 95ML;BEDAK GATAL;CALADINE;39;PCS;22.000;27.000;0;;;
8993005124012;;CALADINE POWDER IJO 60 GR;BEDAK TABUR;CALADINE;2;BOTOL;15.000;19.000;0;;;
8993005124029;;CALADINE POWDER ORIGINAL 100g;BEDAK GATAL;CALADINE;-6;PCS;15.000;25.000;0;;;
8993005201034;;CALADINE LOTION ALOE VERA 50ML;HAND&BODY LOTION;GELENIUM;4;BOTOL;15.000;20.000;0;;;
8993005202024;;CALADINE POWDER SOFT COMFORT 100GR;BEDAK ;CALADINE;5;BOTOL;12.500;19.000;0;;;
8993005202031;;CALADINE POWDER ACTIVE FRESH 100g;BEDAK GATAL;CALADINE;1;PCS;12.500;19.000;0;;;
8993005202055;;CALADINE POWDER SOFT COMFORT 60 GR;BEDAK ;CALADINE;1;BOTOL;10.000;14.000;0;;;
8993005202062;;CALADINE POWDER PINK 60 GR;BEDAK TABUR;CALADINE;6;BOTOL;10.000;14.000;0;;;
8993005202215;;CALADINE POWDER ADULT CARING;BEDAK GATAL;CALADINE;-2;BOTOL;12.500;18.000;0;;;
8993005212016;;BEDAK CALADINE BABY;BEDAK ;CALADINE;1;BOTOL;9.200;14.000;0;;;
8993005212023;;CALADINE BABY POWDER 55 GE;BEDAK ;CALADINE;0;BOTOL;9.500;13.000;0;;;
8993005600028;;LAXADINE SYR 60ML;OBAT;GELENIUM;-1;BOTOL;44.000;50.000;0;;;
8993005621016;;MYCORINE 5g;SALEP;GELENIUM;-1;PCS;20.000;23.000;0;;;
8993008100990;;SANMAG 120ML;OBAT;PT SANBE;-3;BOTOL;33.000;38.000;0;;;
8993008125047;;SANAFLU;OBAT;SANBE;15;PCS;2.500;3.500;0;;;
8993008235043;;POLDANMIG;OBAT;SANBE;-9;STRIP;3.200;5.000;0;;;
8993014522328;;PARCOK 75ml;MINYAK URUT;AIR MANCUR;7;BOTOL;16.000;22.000;0;;;
8993014730112;;MADURASA JERUK NIPIS SACHET;MADU;PT MADURASA;206;PCS;900;2.000;0;;;
8993014731317;;MADURASA ORIGINAL;MADU;MADU TJ;108;PCS;900;2.000;0;;;
8993034780036;;POLYCROL FORTE;OBAT;NICHOLAS;42;STRIP;6.100;10.000;0;;;
8993035123368;;ACNOL LOTION 10ML;OBAT JERAWAT;ACNOL;5;PCS;16.400;21.000;0;;;
8993041561604;;AYUDYA LULUR PENGANTIN GREEN TEA 300g;LULUR;AYUDYA;-1;PCS;16.000;20.000;0;;;
8993053121407;;PASEO 500 SHEET;TETES MATA;PASEO;260;PCS;9.900;12.000;0;;;
8993053131017;;TESSA TISSU PASEO 108 PLY;TISSU;TESSA;50;PCS;2.500;4.000;0;;;
8993058000929;;PUYER BINTANG TOEDJOE 16;OBAT;PT BINTANG TOEDJOE;94;BIJIAN;800;1.500;0;;;
8993058200107;;WAISAN SERBUK;OBAT;BINTANGTOEDJOE;-149;PCS;700;1.500;0;;;
8993058300401;;KOMIK RASA PEPPERMINT;OBAT;BINTANGTOEDJOE;60;PCS;1.500;2.500;0;;;
8993058300500;;KOMIK RASA JAHE;OBAT;BINTANGTOEDJOE;-87;PCS;1.500;2.500;0;;;
8993058300807;;KOMIK RASA JERUK NIPIS;OBAT;BINTANGTOEDJOE;3;PCS;1.500;2.500;0;;;
8993058301200;;KOMIK OBH;OBAT;BINTANGTOEDJOE;80;PCS;1.500;2.500;0;;;
8993058302900;;KOMIK KID;OBAT;BINTANGTOEDJOE;-36;PCS;1.100;2.500;0;;;
8993058303105;;KOMIX KIDS STRAWBERRY SASET;OBAT;BINTANGTOEDJOE;28;STRIP;1.100;2.500;0;;;
8993058304201;;BEJO JAHE MERAH;OBAT;PT BINTANG TOEDJOE;-54;PCS;2.300;3.500;0;;;
8993058304416;;KOMIX HERBAL 15ML ISI 4;OBAT;BINTANGTOEDJOE;51;BOTOL;2.500;5.000;0;;;
8993058304515;;KOMIX HERBAL RASA LEMON 15ML;OBAT;PT BINTANG TOEDJOE;-14;BOTOL;2.800;5.000;0;;;
8993058305208;;KOMIX HERBAL SASET ORIGINAL;OBAT;BINTANGTOEDJOE;40;PCS;2.500;5.000;0;;;
8993058500412;;SAKATONIK ABC RASA TUTTI FRUTTI;VITAMIN;KALBE;1;BOTOL;15.500;21.000;0;;;
8993079168011;;LANCAR ASI TABLET;OBAT;PT MECOSIN;-1;BOX;45.000;50.000;0;;;
8993079831526;;LASERIN DEWASA 30ML;OBAT;PT MECOSIN;84;BOTOL;7.000;10.000;0;;;
8993079831533;;LASERIN DEWASA SYRUP 60ML;OBAT;PT MECOSIN;-17;BOTOL;14.000;18.000;0;;;
8993079831557;;LASERIN MADU 60ML;OBAT;PT MECOSIN;2;BOTOL;13.500;18.500;0;;;
8993079831601;;LASERIN MADU ANAK 30ML;OBAT;PT MECOSIN;20;BOTOL;6.300;10.000;0;;;
8993079831762;;LASERIN MADU ANAK 100ML;OBAT;PT MECOSIN;-2;BOTOL;19.500;24.000;0;;;
8993079831830;;MECOVIT-D3;VITAMIN;PT MECOSIN;-4;STRIP;9.500;15.000;0;;;
8993099996472;;PAGODA SALEP 10 GR;SALEP;NO MEREK;33;PCS;7.000;10.000;0;;;
8993102140144;;FANBO COMPACT POWDER GOLD 5 22,5g;BEDAK PADAT;FANBO;20;PCS;18.000;23.000;0;;;
8993102140151;;FANBO COMPACT POWDER GOLD 5 22,5g;BEDAK PADAT;FANBO;1;PCS;18.000;23.000;0;;;
8993102684235;;FANBO EYE BROW PENCIL BLACK;PENSIL ALIS;FANBO;12;PCS;28.800;36.000;0;;;
8993102684242;;FANBO EYE BROW BROWN;PENSIL ALIS;FANBO;2;PCS;28.800;36.000;0;;;
8993113011051;;OBH COMBI BB 100ML;OBAT;COMBIPHAR;-7;PCS;17.000;21.000;0;;;
8993113021074;;PEDITOX 50ml;OBAT;NO MEREK;90;PCS;11.300;15.000;0;;;
8993113031059;;OBH COMBI PLUS 100ML;OBAT;COMBIPHAR;-16;PCS;22.000;26.000;0;;;
8993113032056;;OBH COMBI PLUS  60ML;OBAT;COMBIPHAR;76;PCS;16.000;21.000;0;;;
8993113042055;;OBH COMBI ANAK RASA STAWBEERY 60ML;OBAT;COMBIPHAR;85;BOTOL;17.000;21.000;0;;;
8993113044059;;OBH COMBI ANAK RASA JERUK 60ML;OBAT;COMBIPHAR;33;BOTOL;17.000;21.000;0;;;
8993113181051;;OB CAMBI ANTITUSIVE 60 ML;OBAT;COMBIPHAR;-19;BOTOL;16.000;20.000;0;;;
8993113185011;;COMBI ANAK BP STRAWBERRY 60 ML;OBAT;COMBIPHAR;-2;BOTOL;17.000;21.000;0;;;
8993113270052;;COMBI ANAK RASA APEL 60 ML;OBAT;COMBIPHAR;49;BOTOL;17.000;21.000;0;;;
8993113365055;;OBH COMBI HERBAL 60 ML;OBAT;COMBIPHAR;-7;BOTOL;16.000;20.000;0;;;
8993113572071;;SALEP DENOMIX 10 GR;SALEP;COMBIPHAR;11;PCS;12.500;17.000;0;;;
8993113604055;;SUCRALFATE SYR 100ML;OBAT;COMBIPHAR;100;BOTOL;11.500;18.000;0;;;
8993113605014;;SUCRALFAT TABLET 500MG;OBAT;COMBIPHAR;25;STRIP;4.500;10.000;0;;;
8993137005111;;SUN CREEN EMINA SUN BATTLE SPF 50;SUNCREEN;EMINA;0;BOTOL;40.000;45.000;0;;;
8993137005227;;LIP CREAM WARDA MATTE NO 26;LIPSTIK/LIPCREAM/LIPTIN/LIPBLAM;WARDAH;-4;PCS;52.200;58.000;0;;;
8993137005234;;LIP CREAM WARDAH  MATTE NO 27;LIPSTIK/LIPCREAM/LIPTIN/LIPBLAM;WARDAH;-1;PCS;51.000;58.000;0;;;
8993137005241;;LIP CREAM WARDAH MATTE NO 28;LIPSTIK/LIPCREAM/LIPTIN/LIPBLAM;WARDAH;0;PCS;52.200;58.000;0;;;
8993137006521;;SUNSCREEN WARDAH ACNE CALMING SPF 35;SUNCREEN;WARDAH;10;BOTOL;29.300;36.000;0;;;
8993137006538;;SUNSCREEN WARDAH ACNE CALMING SPF 35;SUNCREEN;WARDAH;1;BOTOL;30.000;35.000;0;;;
8993137008471;;FACE WASH KAHF ACNE N PORE SCRUB 100 ML;FACIAL FOAM;KAHF;1;BOTOL;30.000;37.000;0;;;
8993137008730;;ACNE PATCH EMINA;ALAT MAKE UP;EMINA;0;PAK;21.600;30.000;0;;;
8993137008815;;WARDAH ACNE FACIAL FOAM 100 ML;FACIAL FOAM;WARDAH;4;BOTOL;30.000;36.000;0;;;
8993137013154;;WARDAH LIP CREAM EXCLUSIVE NO 30;LIPSTIK/LIPCREAM/LIPTIN/LIPBLAM;WARDAH;1;BOTOL;52.200;58.000;0;;;
8993137016186;;EMINA AIRY UV GEL SPF 50 PINK;SUNCREEN;EMINA;1;BOTOL;28.500;35.000;0;;;
8993137016193;;EMINA AIRY UV GEL SPF 50 BIRU;SUNCREEN;EMINA;2;BOTOL;28.400;35.000;0;;;
8993137018852;;SUNSCREEN KAHF SPF 50;SUNCREEN;KAHF;3;BOTOL;34.000;40.000;0;;;
8993137025096;;KAHF ROLL ON PUTIH;DEODORAN;KAHF;3;BOTOL;19.600;25.000;0;;;
8993137572170;;WARDAH LIGHTENING DAY CREAM MANGKOK30 GR;PELEMBAB;WARDAH;1;PCS;41.000;46.000;0;;;
8993137572194;;WARDAH LIGHTENING NIGHT CREAM MANGKOK 30 GR;PELEMBAB;WARDAH;0;PCS;35.000;40.000;0;;;
8993137574525;;WARDAH EVERYDAY LUMINOUS FACE POWDER 01;BEDAK TABUR;WARDAH;3;PCS;36.500;42.000;0;;;
8993137574532;;WARDAH EVERYDAY LUMINOUS FACE POWDER 02;BEDAK TABUR;WARDAH;1;PCS;36.500;42.000;0;;;
8993137574549;;WARDAH EVERYDAY LUMINOUS FACE POWDER IVORY 30g;BEDAK TABUR;WARDAH;-1;PCS;35.000;40.000;0;;;
8993137574853;;EYELINER PENSIL WARDAH;EYELINER;WARDAH;-3;PCS;33.000;37.000;0;;;
8993137575201;;WARDAH EVERYDAY LUMINOUS LIQUID NO 02;FOUNDATION;WARDAH;10;BOTOL;37.500;43.000;0;;;
8993137575218;;WARDAH EVERYDAY LUMINOUS LIQUID FOUNDATION 03 35ml;FOUNDATION;WARDAH;2;PCS;34.500;40.000;0;;;
8993137575225;;WARDAH EVERYDAY LUMINOUS LIQUID FOUNDATION 01 35ml;FOUNDATION;WARDAH;-8;PCS;37.500;43.000;0;;;
8993137575898;;WARDAH LUMINOUS LIQUID FOUNDATION NATURAL 40ml;FOUNDATION;WARDAH;-3;PCS;37.500;43.000;0;;;
8993137576000;;WARDAH ACNEDERM PURE FOAMING CLEANSER  60ml;FACIAL FOAM;WARDAH;-10;PCS;19.500;25.000;0;;;
8993137576024;;WARDAH ACNEDERM DAY MOISTURIZER 40ml;CREAM WAJAH;WARDAH;0;PCS;29.500;33.000;0;;;
8993137576031;;ACNE SPOT TREATMENT GEL 15 ML;CREAM WAJAH;WARDAH;2;BOTOL;22.000;27.000;0;;;
8993137678445;;WARDAH LIGHTENING SERUM AMPOUL 5ml;SERUM WAJAH;WARDAH;4;PCS;9.200;13.000;0;;;
8993137678728;;WARDAH ACNEDERM FACE POWDER 20g;BEDAK TABUR;WARDAH;2;PCS;37.000;43.000;0;;;
8993137678773;;WARDAH EVERYDAY LUMINOUS FACE POWDER 04;BEDAK TABUR;WARDAH;-2;PCS;36.000;42.000;0;;;
8993137678858;;WARDAH EXCLUSIVE LIQUID FOUNDATION LIGHT BEIGE NO 01;FOUNDATION;WARDAH;0;BOTOL;68.000;73.000;0;;;
8993137678865;;WARDAH EXCLUSIVE LIQUID FOUNDATION SHEER PINK 02;FOUNDATION;WARDAH;1;BOTOL;68.000;74.000;0;;;
8993137678872;;WARDAH EXCLUSIVE LIQUID FOUNDATION 03;FOUNDATION;WARDAH;-1;PCS;68.000;74.000;0;;;
8993137678889;;WARDAH EXCLUSIVE LIQUID FOUNDATION 04 NATURAL;FOUNDATION;WARDAH;0;PCS;68.000;74.000;0;;;
8993137678902;;WARDAG EXCLUSIVE TWO WAY CAKE 01;BEDAK PADAT;WARDAH;0;PCS;74.500;80.000;0;;;
8993137678919;;WARDAH EXCLUSIVE TWO WAY CAKE LIGHT BEIGE NO 2;BEDAK ;WARDAH;0;PCS;74.500;80.000;0;;;
8993137679022;;WARDAH EXCLUSIVE TWO WAY CAKE SANDY BEIGE 12g;BEDAK PADAT;WARDAH;-2;PCS;73.000;80.000;0;;;
8993137679039;;WARDAH EXCLUSIVE TWO WAY CAKE NATURAL;BEDAK PADAT;WARDAH;0;PCS;74.500;80.000;0;;;
8993137679053;;REFIL WARDAH EXCLUSIVE N0 01;BEDAK PADAT;WARDAH;-1;PCS;49.500;55.000;0;;;
8993137679060;;REFIL WARDAH EXCLUSIVE N0 2;BEDAK PADAT;WARDAH;-1;PCS;49.500;55.000;0;;;
8993137679077;;REFIL WARDAH EXCLUSIVE NO 03;BEDAK PADAT;WARDAH;-1;PCS;49.500;55.000;0;;;
8993137679084;;WARDAH EXCLUSIVE TWO WAY CAKE REFILL NATURAL 12g;BEDAK PADAT;WARDAH;13;PCS;50.300;56.000;0;;;
8993137680011;;WARDAH BLUSH ON B;EYESHADOW/BLUSHON/CONTOUR/HIGHLITER;WARDAH;-2;PCS;30.000;40.000;0;;;
8993137680066;;WARDAH EYE SHADOW D;EYELINER;WARDAH;0;PCS;30.000;40.000;0;;;
8993137680110;;WARDAH EYE SHADOW I;EYESHADOW/BLUSHON/CONTOUR/HIGHLITER;WARDAH;-2;PCS;30.000;40.000;0;;;
8993137681452;;PENSIL ALIS WARDAH ITEM;PENSIL ALIS;WARDAH;1;PCS;33.500;38.000;0;;;
8993137681469;;WARDAH EYE BROW PENCIL BROWN;PENSIL ALIS;WARDAH;-5;PCS;33.000;38.000;0;;;
8993137684606;;TONER WARDAH CRYSTAL SECRET 125ML;TONER;WARDAH;2;BOTOL;65.000;72.000;0;;;
8993137685467;;WARDAH EVERYDAY LUMINOUS CREAMY FOUNDATION 01 11g;FOUNDATION;WARDAH;-3;PCS;30.000;35.000;0;;;
8993137685474;;WARDAH EVERYDAY LUMINOUS CREAMY FOUNDATION 02 11g;FOUNDATION;WARDAH;0;PCS;30.000;35.000;0;;;
8993137685597;;WARDAH LIGHTENING POWDER FOUNDATION LIGHT BEIGE 12g;BEDAK PADAT;WARDAH;3;PCS;43.000;50.000;0;;;
8993137685603;;WARDAH LIGHTENING NO 02;BEDAK PADAT;WARDAH;1;PCS;44.500;50.000;0;;;
8993137685610;;COMPACT WARDAH LIGHTENING SHEER PINK NO 03;BEDAK PADAT;WARDAH;2;PCS;44.500;50.000;0;;;
8993137685627;;WARDAH LIGHTENING POWDER NO 4;BEDAK PADAT;WARDAH;-2;PCS;44.500;50.000;0;;;
8993137685696;;WARDAH LIGHTENING POWDER FOUNDATION LIGHT BEIGE REFILL 12g;BEDAK PADAT;WARDAH;7;PCS;30.800;36.500;0;;;
8993137685702;;WARDAH LIGHTENING POWDER FOUNDATION GOLDEN BEIGE 12g;BEDAK PADAT;WARDAH;38;PCS;30.800;36.500;0;;;
8993137685719;;WARDAH LIGHTENING POWDER FOUNDATION SHEER PINK REFILL 12g;BEDAK PADAT;WARDAH;18;PCS;27.500;35.500;0;;;
8993137685726;;WARDAH LIGHTENING POWDER FOUNDATION NATURAL REFILL 12g;BEDAK PADAT;WARDAH;63;PCS;32.000;36.000;0;;;
8993137688628;;WARDAH LIGHTENING DAY CREAM 20ml;CREAM WAJAH;WARDAH;7;PCS;27.500;32.000;0;;;
8993137688666;;WARDAH LIGHTENING NIGHT CREAM 20mL;CREAM WAJAH;WARDAH;13;PCS;26.500;32.000;0;;;
8993137690683;;WARDAH EYEPERT LIQUID EYELINER;EYELINER;WARDAH;-2;PCS;33.000;40.000;0;;;
8993137690836;;WARDAH BB CREAM LIGHTENING BEAUTY BALM LIGHT 15ml;BB CREAM;WARDAH;10;PCS;28.900;36.000;0;;;
8993137690850;;WARDAH BB CREAM LIGHTENING BEAUTY BALM  NATURAL 30ml;BB CREAM;WARDAH;-1;PCS;50.000;55.000;0;;;
8993137690867;;WARDAH BB CREAM LIGHTENING BEAUTY BALM NATURAL 15ml;BB CREAM;WARDAH;10;PCS;28.900;36.000;0;;;
8993137690898;;WARDAH BB CREAM EVERYDAY BEAUTY BALM LIGHT 15ml;BB CREAM;WARDAH;6;PCS;22.500;28.000;0;;;
8993137690928;;WARDAH BB CREAM EVERYDAY BEAUTY BALM NATURAL 15ml;BB CREAM;WARDAH;3;PCS;23.000;28.000;0;;;
8993137690942;;WARDAH PERFECT BRIGHT CREAMY FOAM BRIGHTENING+SMOOTHING 60ml;FACIAL FOAM;WARDAH;9;PCS;17.500;22.000;0;;;
8993137691055;;WARDAH EXPERT MASCARA;MASCARA;WARDAH;-9;PCS;63.000;70.000;0;;;
8993137691154;;WARDAH EYEXPERT OPTINUM HI BLACK;EYELINER;WARDAH;-4;PCS;65.500;72.000;0;;;
8993137691420;;EMINA  CITY CHIC MERINGUE 12g;BEDAK PADAT;EMINA;0;PCS;45.000;50.000;0;;;
8993137691437;;EMINA CITY CHIC PEACH 12g;BEDAK PADAT;EMINA;-1;PCS;45.000;50.000;0;;;
8993137691925;;WARDAH DD CREAM 20ML;PELEMBAB;WARDAH;2;PCS;26.000;30.000;0;;;
8993137691932;;WARDAH C-DEFENCE DD CREAM 20ml;CREAM WAJAH;WARDAH;9;PCS;26.000;32.000;0;;;
8993137692311;;SERUM WARDAH CRYSTAL SECRET BOTOL 20 ML;SERUM WAJAH;WARDAH;-2;BOTOL;70.500;76.000;0;;;
8993137692335;;WARDAH FACIAL FOAM CRYSTAL SECRET 100ml;FACIAL FOAM;WARDAH;-5;PCS;29.000;37.000;0;;;
8993137692472;;WARDAH PERFECT BRIGHT MOISTURIZER SPF 28 20ml;CREAM WAJAH;WARDAH;4;PCS;25.500;30.000;0;;;
8993137692526;;WARDAH CRYTAL SECRET BRIGHTENING DAY CREAM 15ml;CREAM WAJAH;WARDAH;-3;PCS;45.500;52.000;0;;;
8993137692533;;WARDAH WHITE SECRET NIGHT CREAM 17ml;CREAM WAJAH;WARDAH;-2;PCS;44.500;50.000;0;;;
8993137692762;;EMINA SUN BATTLE SPF 30 60ml;SUNCREEN;EMINA;1;PCS;26.000;32.000;0;;;
8993137693608;;WARDAH C-DEFENSE FACE MIST 55ml;FACE MIST;WARDAH;1;PCS;31.200;37.000;0;;;
8993137693721;;WARDAH C-DEFENSE ENERGIZING CREAMY WASH 60ml;FACIAL FOAM;WARDAH;9;PCS;18.000;25.000;0;;;
8993137693769;;WARDAH EXCLUSIVE NATTE LIPCREAM RED DICTED;LIPSTIK/LIPCREAM/LIPTIN/LIPBLAM;WARDAH;-7;PCS;52.200;58.000;0;;;
8993137693776;;WARDAH EXCLUSIVE MATTE LIP CREAM FUSCHIONATELY;LIPSTIK/LIPCREAM/LIPTIN/LIPBLAM;WARDAH;-2;PCS;50.000;55.000;0;;;
8993137693783;;WARDAH EXCLUSIVE MATTE LIP CREAM SEE YOU LATTE;LIPSTIK/LIPCREAM/LIPTIN/LIPBLAM;WARDAH;-1;PCS;52.000;57.000;0;;;
8993137693790;;WARDAH EXCLUSIVE NATTE LIPCREAM PINK ME;LIPSTIK/LIPCREAM/LIPTIN/LIPBLAM;WARDAH;-3;PCS;47.000;55.000;0;;;
8993137693806;;WARDAH EXCLUSIVE NATTE LIPCREAM SOEACHLESS;LIPSTIK/LIPCREAM/LIPTIN/LIPBLAM;WARDAH;-6;PCS;52.200;58.000;0;;;
8993137693813;;WARDAH EXCLUSIVE NATTE LIPCREAM FEELING RED;LIPSTIK/LIPCREAM/LIPTIN/LIPBLAM;WARDAH;-5;PCS;49.000;57.000;0;;;
8993137694070;;WARDAH EYEPERT EYE&LIP MAKEUP REMOVER 50ml;PEMBERSIH;WARDAH;0;PCS;25.000;30.000;0;;;
8993137694155;;MASKARA WARDAH ABU ABU EYEXPERT;MASCARA;WARDAH;1;PCS;68.000;74.000;0;;;
8993137694452;;WARDAH EXCLUSIVE NATTE LIPCREAM HELLO RUBY;LIPSTIK/LIPCREAM/LIPTIN/LIPBLAM;WARDAH;-2;PCS;51.000;57.000;0;;;
8993137694469;;WARDAH EXCLUSIVE NATTE LIPCREAM PINK CREDIBLE;LIPSTIK/LIPCREAM/LIPTIN/LIPBLAM;WARDAH;-10;PCS;52.300;58.000;0;;;
8993137694476;;WARDAH EXCLUSIVE NATTE LIPCREAM MAUVE ON;LIPSTIK/LIPCREAM/LIPTIN/LIPBLAM;WARDAH;-2;PCS;51.000;57.000;0;;;
8993137694483;;WARDAH EXCLUSIVE NATTE LIPCREAM BERRY PRETTY;LIPSTIK/LIPCREAM/LIPTIN/LIPBLAM;WARDAH;-3;PCS;48.500;55.000;0;;;
8993137694490;;WARDAH EXCLUSIVE NATTE LIPCREAM OH SO NUDE;LIPSTIK/LIPCREAM/LIPTIN/LIPBLAM;WARDAH;-1;PCS;52.300;57.000;0;;;
8993137694506;;LIP WARDAH EXCLUSIF MATTE 12 PLUM IT UP;LIPSTIK/LIPCREAM/LIPTIN/LIPBLAM;WARDAH;-2;PCS;51.000;57.000;0;;;
8993137694889;;WARDAH LONGLASTING FABULOUS PEACH 2,3g;LIPSTIK/LIPCREAM/LIPTIN/LIPBLAM;WARDAH;-2;PCS;40.000;46.000;0;;;
8993137694896;;WARDAH LONGLASTING PINK SORBET 2,3g;LIPSTIK/LIPCREAM/LIPTIN/LIPBLAM;WARDAH;-1;PCS;40.000;46.000;0;;;
8993137694926;;WARDAH LONGLASTING FUCHSIA FEVER 2,3g;LIPSTIK/LIPCREAM/LIPTIN/LIPBLAM;WARDAH;-1;PCS;40.000;46.000;0;;;
8993137694940;;WARDAH LONGLASTING RASPBERRY HIP 2,3g;LIPSTIK/LIPCREAM/LIPTIN/LIPBLAM;WARDAH;-1;PCS;40.000;46.000;0;;;
8993137694957;;WARDAH LONGLASTING RED VELVET 23g;LIPSTIK/LIPCREAM/LIPTIN/LIPBLAM;WARDAH;-4;PCS;40.000;46.000;0;;;
8993137694971;;WARDAH LONGLASTING STYLISH MOCCA 2,3g;LIPSTIK/LIPCREAM/LIPTIN/LIPBLAM;WARDAH;-1;PCS;40.000;46.000;0;;;
8993137695008;;WARDAH LONGLASTING CLASSIC BROWN 2,3g;LIPSTIK/LIPCREAM/LIPTIN/LIPBLAM;WARDAH;-1;PCS;40.000;46.000;0;;;
8993137695138;;WARDAH NATURAL DAILY ALOE HYDRAMILD MULTIFUNTION GEL 100ml;PELEMBAB;WARDAH;4;PCS;31.200;37.000;0;;;
8993137695169;;FACIAL WASH WARDAH NATURE DAILY ALOE 60 ML;FACIAL FOAM;WARDAH;0;BOTOL;20.000;25.000;0;;;
8993137695190;;FACIAL FOAM WARDAH C DEFENCE 100ML;FACIAL FOAM;WARDAH;0;BOTOL;30.000;35.000;0;;;
8993137697002;;FACIAL FOAM WARDAH PERFECT BRIGHT SMOOTH GLOW 100ML;FACIAL FOAM;WARDAH;3;BOTOL;25.800;32.000;0;;;
8993137697156;;FACIAL FOAM WARDAH RENEW YOU 100ML;FACIAL FOAM;WARDAH;0;BOTOL;32.000;37.000;0;;;
8993137697194;;WARDAH EXCLUSIVE NATTE LIPCREAM FRUIT PUNCH;LIPSTIK/LIPCREAM/LIPTIN/LIPBLAM;WARDAH;-5;PCS;52.000;57.000;0;;;
8993137697200;;WARDAH EXCLUSIVE MATTE LIPCREAM MY HONEY BEE;LIPSTIK/LIPCREAM/LIPTIN/LIPBLAM;WARDAH;-1;PCS;50.000;55.000;0;;;
8993137697217;;WARDAH EXCLUSIVE NATTE LIPCREAM PINKY PLUMISE;LIPSTIK/LIPCREAM/LIPTIN/LIPBLAM;WARDAH;-2;PCS;45.000;55.000;0;;;
8993137697224;;WARDAH EXCLUSIVE NATTE LIPCREAM HEART BEET;LIPSTIK/LIPCREAM/LIPTIN/LIPBLAM;WARDAH;-1;PCS;45.000;55.000;0;;;
8993137697231;;WARDAH EXCLUSIVE NATTE LIPCREAM ROSY CHEEK;LIPSTIK/LIPCREAM/LIPTIN/LIPBLAM;WARDAH;-3;PCS;45.000;55.000;0;;;
8993137697248;;LIP WARDAH EXCLUSIF MATTE 18 SATURDATE NIGHT;LIPSTIK/LIPCREAM/LIPTIN/LIPBLAM;WARDAH;-2;PCS;45.000;55.000;0;;;
8993137698436;;WARDAH SHAMPOO ANTI KETOMBE 170ml;SAMPO;WARDAH;1;PCS;20.500;26.000;0;;;
8993137698450;;WARDAH SHAMPOO ARGAN OIL&GRAPE SEED 170ml;SAMPO;WARDAH;0;PCS;20.500;26.000;0;;;
8993137698467;;SHAMPOO WARDAH BEBAS LEPEK;SHAMPOO&CONDITIONER;WARDAH;0;BOTOL;21.000;25.000;0;;;
8993137698566;;WARDAH LONGLASTING SMOOTH LATTE 2,3g;LIPSTIK/LIPCREAM/LIPTIN/LIPBLAM;WARDAH;-1;PCS;40.000;46.000;0;;;
8993137698696;;WARDAH PERFECT MOISTURIZER NORMAL SKIN 20ml;CREAM WAJAH;WARDAH;11;PCS;22.800;30.000;0;;;
8993137698719;;WARDAH PERFECT BRIGHT CREAMY FOAM BRIGHTENING+OIL CONTROL 50ml;FACIAL FOAM;WARDAH;1;PCS;17.500;23.000;0;;;
8993137698832;;WARDAH ACNEDERM NIGHT TREATMENT MOISTURIZER 40ml;CREAM WAJAH;WARDAH;3;PCS;26.000;30.000;0;;;
8993137698870;;FACIAL FOAM WARDAH PERFECT BRIGHT OIL CONTROL 100ML;FACIAL FOAM;WARDAH;1;BOTOL;27.000;32.000;0;;;
8993137699419;;LIP TIN EMINA SCARLET;LIPSTIK/LIPCREAM/LIPTIN/LIPBLAM;EMINA;-1;PCS;35.000;40.000;0;;;
8993137699471;;LIP BALM WARDAH RASA STRAWBERRY;LIPSTIK/LIPCREAM/LIPTIN/LIPBLAM;WARDAH;-1;PCS;22.000;27.000;0;;;
8993137699488;;LIP BALM WARDAH RASA GRAPE;LIPSTIK/LIPCREAM/LIPTIN/LIPBLAM;WARDAH;-2;PCS;20.500;27.000;0;;;
8993137699563;;WARDAH CONDISONER GINSENG&ROSEMARY 170ml;SAMPO;WARDAH;-1;PCS;20.500;26.000;0;;;
8993137699570;;WARDAH CONDISONER ARGAN OIL&GRAPE SEED 170ml;CONDITIONER;WARDAH;-1;PCS;20.500;26.000;0;;;
8993137700412;;WARDAH LONGLASTING PASSIONATE FRED 2,3g;LIPSTIK/LIPCREAM/LIPTIN/LIPBLAM;WARDAH;-2;PCS;40.000;46.000;0;;;
8993137700436;;WARDAH LONGLASTING SUNRISE NUDE 2,3g;LIPSTIK/LIPCREAM/LIPTIN/LIPBLAM;WARDAH;-2;PCS;40.000;46.000;0;;;
8993137701006;;WARDAH LIGTHENING MATTE POWDER NEUTRAL FAIR (01);BEDAK TABUR;WARDAH;0;PCS;30.000;35.000;0;;;
8993137701013;;WARDAH LIGHTENING MATTE POWDER NEUTRAL BEIGE (02);BEDAK TABUR;WARDAH;2;PCS;30.000;35.000;0;;;
8993137701020;;WARDAH LIGHTENING MATTE POWDER WARM IVORY(03);BEDAK TABUR;WARDAH;1;PCS;30.000;35.000;0;;;
8993137701037;;WARDAH LIGHTENING MATTE POWDER LIGHT IVORY(04);BEDAK TABUR;WARDAH;2;PCS;30.000;35.000;0;;;
8993137701419;;FACIAL FOAM EMINA 50ML KECIL;FACIAL WASH;EMINA;18;PCS;16.500;21.000;0;;;
8993137702102;;EMINA BRIGHT STUFF MOISTURIZING CREAM 20ml;CREAM WAJAH;EMINA;12;PCS;21.000;27.000;0;;;
8993137702294;;WARDAH PERFECT BRIGHT TONE UP CREAM BRIGHT NOW 20ml;CREAM WAJAH;WARDAH;-2;PCS;21.000;25.000;0;;;
8993137702935;;MICELLAR WATER WARDAH 100 ML;TONER;WARDAH;-1;BOTOL;24.000;29.000;0;;;
8993137703055;;EMINA BRIGHT STUFF TONE UP CREAM 20ml;CREAM WAJAH;EMINA;18;PCS;22.000;27.000;0;;;
8993137703246;;BEDAK POWDER EMINA 55 GR;BEDAK TABUR;EMINA;6;BOTOL;21.700;27.000;0;;;
8993137703888;;FACIAL FOAM EMINA BESAR;FACIAL WASH;EMINA;41;PCS;24.500;30.000;0;;;
8993137705257;;WARDAH LIQUID CONCEALER NO 01;CONCEALING;WARDAH;-4;PCS;36.500;42.000;0;;;
8993137705264;;CONCEALER WARDAH LIGHTENING NO 02 BEIGE;CONCEALING;WARDAH;-2;PCS;36.500;42.000;0;;;
8993137705349;;LIP. WARDAH VELVET MATTE 02JOYFUL ORANGE;LIPSTIK/LIPCREAM/LIPTIN/LIPBLAM;WARDAH;-2;PCS;60.000;70.000;0;;;
8993137705356;;LIP. WARDAH VELVET MATTE 03 ROSE BALLERINA;LIPSTIK/LIPCREAM/LIPTIN/LIPBLAM;WARDAH;0;PCS;60.000;70.000;0;;;
8993137705394;;LIP. WARDAH VELVET MATTE  07 RED PIONEER;LIPSTIK/LIPCREAM/LIPTIN/LIPBLAM;WARDAH;0;PCS;55.000;70.000;0;;;
8993137705400;;LIP. WARDAH VELVET MATTE 08 BROWN CREATOR;LIPSTIK/LIPCREAM/LIPTIN/LIPBLAM;WARDAH;-2;PCS;60.000;70.000;0;;;
8993137706612;;LIP TIN EMINA 04 SIENNA;LIPSTIK/LIPCREAM/LIPTIN/LIPBLAM;EMINA;-1;PCS;40.000;45.000;0;;;
8993137706636;;LIP TIN EMINA 06 SASSY;LIPSTIK/LIPCREAM/LIPTIN/LIPBLAM;EMINA;0;PCS;40.000;45.000;0;;;
8993137707220;;LIP TINT EMINA NO 01;LIPSTIK/LIPCREAM/LIPTIN/LIPBLAM;EMINA;0;PCS;40.000;45.000;0;;;
8993137707237;;LIP TINT EMINA NO 02;LIPSTIK/LIPCREAM/LIPTIN/LIPBLAM;EMINA;0;PCS;40.000;45.000;0;;;
8993137707503;;EMINA BRIGHT STUFF FACE ACNE 100ML;FACIAL FOAM;EMINA;9;BOTOL;26.000;32.000;0;;;
8993137707510;;EMINA BRIGHT STUFF FOR ACNE 20ML;PELEMBAB;EMINA;2;PCS;21.000;25.000;0;;;
8993137707695;;WARDAH LIGHTENING LIQUID FOUNDATION 01;FOUNDATION;WARDAH;-2;PCS;36.000;40.000;0;;;
8993137707701;;WARDAH LIGHTENING LIQUID FOUNDATION 02;FOUNDATION;WARDAH;-2;PCS;41.000;45.000;0;;;
8993137707718;;WARDAH LIGHTENING LIQUID FOUNDATION IVORY N0 3;FOUNDATION;WARDAH;0;PCS;36.000;40.000;0;;;
8993137707725;;WARDAH LIGHTENING LIQUID FOUNDATION 04;FOUNDATION;WARDAH;-2;PCS;37.000;42.000;0;;;
8993137707732;;FACIAL FOAM WARDAH WHIP 50 ML;FACIAL FOAM;WARDAH;5;BOTOL;16.000;23.000;0;;;
8993137707787;;LIP CREAM VELVET WARDAH NO 09;LIPSTIK/LIPCREAM/LIPTIN/LIPBLAM;WARDAH;1;PCS;60.000;70.000;0;;;
8993137707800;;WARDAH VELVET MATTE 11;LIPSTIK/LIPCREAM/LIPTIN/LIPBLAM;WARDAH;0;PCS;60.000;70.000;0;;;
8993137707817;;WARDAH VELVET MATTE 12;LIPSTIK/LIPCREAM/LIPTIN/LIPBLAM;WARDAH;0;PAK;60.000;70.000;0;;;
8993137707824;;LIP CREAM VELVET WARDAH NO 13;LIPSTIK/LIPCREAM/LIPTIN/LIPBLAM;WARDAH;-2;PCS;59.700;67.000;0;;;
8993137707831;;LIP CREAM VELVET WARDAH NO 14;LIPSTIK/LIPCREAM/LIPTIN/LIPBLAM;WARDAH;0;PCS;60.000;70.000;0;;;
8993137708067;;WARDAH LIGHTENING MICERELLAR GENTLE WASH 50ml;FACIAL WASH;WARDAH;25;PCS;20.400;25.000;0;;;
8993137708258;;WARDAH LIGHTENING ESSENCE SHEET MASK;MASKER WAJAH;WARDAH;-2;PCS;16.000;20.000;0;;;
8993137708265;;WARDAH LIGHTENING CLEANSING MILK 100ml;MILK CLEANSER;WARDAH;2;PCS;16.700;22.000;0;;;
8993137708272;;WARDAH LIGHTENING FACE TONER 125ml;TONER;WARDAH;28;PCS;24.000;29.000;0;;;
8993137708289;;EMINA BRIGHT STUFF FACE WASH ACNE 50ML;FACIAL FOAM;EMINA;15;PCS;16.500;22.000;0;;;
8993137708296;;WARDAH SPF 50 AQUA FRESH ESSENCE 30ml;SUNCREEN;WARDAH;6;PCS;46.000;54.000;0;;;
8993137708302;;SUNSCREEN WARDAH  ORANGE 35ML;SUNCREEN;WARDAH;0;BOTOL;66.000;73.000;0;;;
8993137708319;;WARDAH SPF 30 ESSENIAL SUNCREEN GEL 40ml;SUNCREEN;WARDAH;37;PCS;27.500;36.000;0;;;
8993137708449;;WARDAH LIGHTENING GENTLE EXFOLIATOR 50ml;FACIAL FOAM;WARDAH;11;PCS;16.000;22.000;0;;;
8993137708456;;WARDAH LIGHTENING BLUE CLAY MASK 50g;MASKER WAJAH;WARDAH;-3;PCS;18.000;22.000;0;;;
8993137710282;;OMG MATTE KISS LIP CREAM DREAMY;LIPSTIK/LIPCREAM/LIPTIN/LIPBLAM;OMG;17;PCS;19.200;25.000;0;;;
8993137710299;;LIP CREAM OMG JUICY (2);LIPSTIK/LIPCREAM/LIPTIN/LIPBLAM;OMG;-7;PCS;18.500;24.000;0;;;
8993137710305;;OMG MATTE KISS LIP CREAM FLAME;LIPSTIK/LIPCREAM/LIPTIN/LIPBLAM;OMG;-4;PCS;18.400;24.000;0;;;
8993137710312;;OMG MATTE KISS LIP CREAM SUNSET;LIPSTIK/LIPCREAM/LIPTIN/LIPBLAM;OMG;2;PCS;19.200;25.000;0;;;
8993137710329;;LIP CREAM OMG PUNCH (5);LIPSTIK/LIPCREAM/LIPTIN/LIPBLAM;OMG;-2;PCS;18.400;24.000;0;;;
8993137710336;;OMG MATTE KISS LIPCREAM 06;LIPSTIK/LIPCREAM/LIPTIN/LIPBLAM;OMG;-6;PCS;18.500;24.000;0;;;
8993137710343;;OMG MATTE KISS LIP CREAM DELIGHT;LIPSTIK/LIPCREAM/LIPTIN/LIPBLAM;OMG;1;PCS;16.700;24.000;0;;;
8993137710350;;OMG MATTE KISS LIP CREAM SKYFALL;LIPSTIK/LIPCREAM/LIPTIN/LIPBLAM;OMG;-1;PCS;18.500;24.000;0;;;
8993137710367;;OMG MATTE KISS LIP CREAM CHARM;LIPSTIK/LIPCREAM/LIPTIN/LIPBLAM;OMG;2;PCS;18.400;24.000;0;;;
8993137710374;;OMG MATTE KISS LIP CREAM SHELL;LIPSTIK/LIPCREAM/LIPTIN/LIPBLAM;OMG;11;PCS;19.200;25.000;0;;;
8993137710381;;OMG MATTE KISS LIP CREAM BUMBLE;LIPSTIK/LIPCREAM/LIPTIN/LIPBLAM;OMG;13;PCS;19.200;25.000;0;;;
8993137710398;;OMG MATTE KISS LIP CREAM SCARLET;LIPSTIK/LIPCREAM/LIPTIN/LIPBLAM;OMG;59;PCS;19.200;25.000;0;;;
8993137710411;;FACE WASH KAHF SKIN ENERGY 100 ML;FACIAL FOAM;KAHF;27;BOTOL;32.400;38.000;0;;;
8993137710428;;FACE WASH KAHF OIL N ACNE 100 ML;FACIAL FOAM;KAHF;13;BOTOL;30.000;38.000;0;;;
8993137710848;;HANDSANITIZER GEL WARDAH;HANDSANITIZER;WARDAH;-3;PCS;10.000;13.000;0;;;
8993137711029;;EMINA BRIGHT STUFF FACE TONER 100ml;TONER;EMINA;2;PCS;25.000;30.000;0;;;
8993137711036;;WARDAH EYEXPERT 01;PENSIL ALIS;WARDAH;-1;PCS;36.000;42.000;0;;;
8993137711043;;WARDAH EYEXPERT 02;PENSIL ALIS;WARDAH;-1;PCS;36.000;42.000;0;;;
8993137711050;;WARDAH EYEXPERT 03;PENSIL ALIS;WARDAH;0;PCS;36.000;42.000;0;;;
8993137711753;;FACE MIST WARDAH BIRU;FACE MIST;WARDAH;2;BOTOL;25.600;30.000;0;;;
8993137712217;;SERUM WARDAH BIRU 8ML;SERUM WAJAH;WARDAH;-10;PCS;16.000;20.000;0;;;
8993137712224;;SERUM WARDAH LIGHTENING 30 ML;SERUM WAJAH;WARDAH;0;BOTOL;52.000;58.000;0;;;
8993137712408;;MICELLAR WATER EMINA BRIGHT STUFF 50 ML;PEMBERSIH;EMINA;0;BOTOL;14.500;20.000;0;;;
8993137712491;;WARDAH COLORFIT LAST ALL DAY LIP PAINT BROWN DERLAST 42g;LIPSTIK/LIPCREAM/LIPTIN/LIPBLAM;WARDAH;-1;PCS;50.000;57.000;0;;;
8993137712811;;SERUM EMINA 30ML;SERUM WAJAH;EMINA;7;BOTOL;44.000;50.000;0;;;
8993137713122;;LIQUID FOUNDATION WARDAH SASET NO 02;FOUNDATION;WARDAH;-1;PCS;16.000;20.000;0;;;
8993137713139;;LIQUID FOUNDATION WARDAH LIGHTENING SASET NO 03;FOUNDATION;WARDAH;-2;PCS;16.000;20.000;0;;;
8993137713146;;LIQUID FOUNDATION WARDAH BIRU NO 04 SASET;FOUNDATION;WARDAH;-1;PCS;16.000;20.000;0;;;
8993137713320;;WARDAH CRYSTAL SECRET DAY GEL 15ml;CREAM WAJAH;WARDAH;0;PCS;36.000;42.000;0;;;
8993137713467;;REFILL WARDAH COLORFIT NO 22N;BEDAK ;WARDAH;0;PCS;39.000;45.000;0;;;
8993137713474;;REFILL WARDAH COLORFIT NO 23W;BEDAK ;WARDAH;0;PCS;39.000;45.000;0;;;
8993137713498;;REFILL WARDAH COLORFIT NO 33W;BEDAK ;WARDAH;1;PCS;40.000;45.000;0;;;
8993137713504;;REFILL WARDAH COLORFIT NO 43 W;BEDAK ;WARDAH;0;PCS;40.000;45.000;0;;;
8993137713511;;REFILL WARDAH COLORFIT NO42N;BEDAK ;WARDAH;1;PCS;40.000;45.000;0;;;
8993137713634;;FACE SCRUB KAHF GENTLE EXFLOATING;FACIAL FOAM;KAHF;6;BIJIAN;30.000;38.000;0;;;
8993137713641;;SUNSCREEN KAHF SPF 35;SUNCREEN;KAHF;3;BOTOL;34.000;40.000;0;;;
8993137713696;;FACEMINA BRIGHT STUFF FACE SCRUB 50ML;FACIAL FOAM;EMINA;1;BOTOL;16.000;20.000;0;;;
8993137713733;;SERUM EMINA SASET 7,5 ML;SERUM WAJAH;EMINA;4;PCS;15.000;19.000;0;;;
8993137714112;;EMINA BB CREAM LIGHT;BB CREAM;EMINA;0;PCS;28.000;33.000;0;;;
8993137715713;;MASCARA WARDAH EYEXPERT LIFTLAST;MASCARA;WARDAH;4;PCS;53.000;60.000;0;;;
8993137715775;;CUSHION WARDAH NO 32;CUSHION;WARDAH;0;PCS;96.000;105.000;0;;;
8993137715782;;WARDAH CUSHION NO 33;CUSHION;WARDAH;1;PCS;96.000;105.000;0;;;
8993137715799;;CUSHION WARDAH NO 43;CUSHION;WARDAH;1;PCS;96.000;105.000;0;;;
8993137718936;;LIP CREAM OMG LATTE(13);LIPSTIK/LIPCREAM/LIPTIN/LIPBLAM;OMG;39;PCS;19.200;25.000;0;;;
8993137718943;;LIP CREAM OMG CAPPUCCINO(14);LIPSTIK/LIPCREAM/LIPTIN/LIPBLAM;OMG;74;PCS;19.200;25.000;0;;;
8993137718950;;LIP CREAM OMG ESPRESSO(15);LIPSTIK/LIPCREAM/LIPTIN/LIPBLAM;OMG;66;PCS;19.200;25.000;0;;;
8993137718998;;OMG LIQUID FOUNDATION IVORY (13C);FOUNDATION;OMG;-1;BOTOL;17.800;25.000;0;;;
8993137719001;;OMG LIQUID FOUNDATION LIGHT (21W);FOUNDATION;OMG;-3;BOTOL;17.800;25.000;0;;;
8993137719018;;OMG LIQUID FOUNDATION BEIGE (31W);FOUNDATION;OMG;3;BOTOL;18.800;25.000;0;;;
8993137719025;;OMG LIQUID FOUNDATION NATURAL (32N);FOUNDATION;OMG;-7;BOTOL;18.800;26.000;0;;;
8993137719032;;OMG LIQUID FOUNDATION SAND (41W);FOUNDATION;OMG;6;BOTOL;18.800;26.000;0;;;
8993137723756;;KAHF FACE WASH OIL AND COMEDO DEFENSE 100 ML;FACIAL FOAM;KAHF;28;BOTOL;34.000;40.000;0;;;
8993137732796;;LIP CREAM EXCLUSIVE WARDAH N0 19;LIPSTIK/LIPCREAM/LIPTIN/LIPBLAM;WARDAH;-1;PCS;52.200;58.000;0;;;
8993137732802;;LIP CREAM WARDAH EXCLUSIVE MATTE NO 20;LIPSTIK/LIPCREAM/LIPTIN/LIPBLAM;WARDAH;-2;PCS;53.000;58.000;0;;;
8993137732819;;LIP CREAM WARDAH EXCLUSIVE CREAMPUCCINO NO 21;LIPSTIK/LIPCREAM/LIPTIN/LIPBLAM;WARDAH;0;PCS;50.500;55.000;0;;;
8993137732826;;LIP CREAM WARDAH EXCLUSIVE NO 22;LIPSTIK/LIPCREAM/LIPTIN/LIPBLAM;WARDAH;-1;PCS;52.300;58.000;0;;;
8993137732833;;LIP CREAM WARDAH MATTE NO 23;LIPSTIK/LIPCREAM/LIPTIN/LIPBLAM;WARDAH;1;PCS;52.300;58.000;0;;;
8993137732840;;LIP CREAM WARDAH MATTE NO 24;LIPSTIK/LIPCREAM/LIPTIN/LIPBLAM;WARDAH;-1;PCS;51.000;57.000;0;;;
8993137736312;;CONCEALER WARDAH LIGHTENING GOLDEN SAND( 03);CONCEALING;WARDAH;-3;BOTOL;36.500;42.000;0;;;
8993137736961;;BB CREAM WARDAH BIRU WARM IVORY NO 03;BB CREAM;WARDAH;-1;BOTOL;30.000;36.000;0;;;
8993137736978;;BB CREAM WARDAH BIRU NEUTRAL BEIGE N0 04;BB CREAM;WARDAH;3;BOTOL;30.000;36.000;0;;;
8993137740272;;SUNSCREEN WARDAH TOSCA SPF 50;SUNCREEN;WARDAH;-7;BOTOL;28.000;34.000;0;;;
8993137741330;;DEODORANT KAHF COOLING POWER 45ML;DEODORAN;KAHF;5;BOTOL;17.600;22.500;0;;;
8993137741347;;DEODORANT KAHF EXTRA DRY 45ML;DEODORAN;KAHF;2;BOTOL;19.600;25.000;0;;;
8993137741460;;DEODORANT KAHF CLEAN FRESH 45ML;DEODORAN;KAHF;4;BOTOL;17.600;22.500;0;;;
8993163502134;;TISSU MONTISS KECIL;TISSU;NO MEREK;13;PCS;1.700;4.000;0;;;
8993176110012;;MINYAK ANGIN LANG 12ML;OBAT OLES;CAPLANG;-1;PCS;19.000;25.000;0;;;
8993176110029;;MINYAK ANGIN LANG 6 ML;MINYAK ANGIN;CAPLANG;-1;PCS;9.500;16.000;0;;;
8993176110036;;MINYAK ANGIN LANG 3ML;MINYAK ANGIN;CAPLANG;32;BOTOL;10.000;13.000;0;;;
8993176110067;;MKP CAPLANG 120ML;MINYAK ANGIN;CAPLANG;17;PCS;37.500;42.500;0;;;
8993176110074;;MKP CAPLANG 60ML;MINYAK ANGIN;CAPLANG;55;PCS;20.300;24.000;0;;;
8993176110081;;MKP CAPLANG 30ML;MINYAK ANGIN;CAPLANG;183;PCS;11.100;14.000;0;;;
8993176110098;;MKP CAPLANG 15ML;MINYAK ANGIN;CAPLANG;259;PCS;6.100;9.000;0;;;
8993176110104;;GPU MINYAK URUT 60ml;MINYAK URUT;CAPLANG;0;PCS;15.000;19.500;0;;;
8993176110111;;GPU MINYAK URUT 30ml;MINYAK URUT;CAPLANG;49;PCS;9.000;13.000;0;;;
8993176110135;;CAPLANG TELON LANG 30ML;MINYAK TELON;CAPLANG;-3;PCS;10.000;13.000;0;;;
8993176110142;;MINYAK GANDAPURA 30ML;MINYAK URUT;CAPLANG;6;PCS;7.500;12.000;0;;;
8993176120004;;MINYAK OTOT GELIGA 60 ML;MINYAK URUT;GELIGA;-3;BOTOL;27.000;32.000;0;;;
8993176120028;;BALSEM LANG 20g;OBAT OLES;CAPLANG;17;PCS;8.200;12.000;0;;;
8993176120035;;BALSEM LANG 10g;OBAT OLES;CAPLANG;-5;PCS;4.900;8.000;0;;;
8993176130591;;VFRESH AROMATHERAPY 8ML;OBAT;PT EAGLE;-5;PCS;10.000;14.000;0;;;
8993176131208;;VFRESH HOT 8ML;OBAT;PT EAGLE;-9;PCS;10.000;14.000;0;;;
8993176190014;;NORIT 125g;OBAT;CAPLANG;2;PCS;15.000;22.000;0;;;
8993176720624;;GPU BESAR 100 ML;MINYAK URUT;CAPLANG;1;BOTOL;22.500;28.000;0;;;
8993176721690;;GPU KRIM 60g;SALEP;CAPLANG;-5;PCS;8.500;13.000;0;;;
8993176803099;;CAPLANG TELON LANG 60ML;MINYAK TELON;CAPLANG;6;PCS;16.000;20.000;0;;;
8993176803204;;MINYAK GANDAPURA CAP LANG 60 ML;MINYAK URUT;CAPLANG;2;BOTOL;13.500;19.000;0;;;
8993176811094;;MKP CAPLANG 210ML;MINYAK ANGIN;CAPLANG;30;PCS;65.000;70.000;0;;;
8993176812022;;BALSEM GELIGA 20g;OBAT OLES;GELIGA;21;PCS;8.200;12.000;0;;;
8993176812039;;BALSEM GELIGA 10g;OBAT OLES;GELIGA;19;PCS;4.900;8.500;0;;;
8993189230103;;CHARM SAYAP SAFE NIGHT 29 CM;PEMBALUT;PT UNIVERSAL ;2;PCS;9.000;11.000;0;;;
8993189270284;;CHARM BODY FIT NO SWIM ISI 8;SOFTEX;ULTRASAKTI;2;PCS;3.800;5.000;0;;;
8993189270291;;CHARM NO SAYAP 23 CM;PEMBALUT;PT UNIVERSAL ;1;PCS;7.000;9.000;0;;;
8993189270796;;MAMY POKO PANTS M;PAMPERS;MAMY POKO;-29;PCS;1.600;2.500;0;;;
8993189270819;;MAMY POKO PANTS L;PAMPERS;MAMY POKO;-45;PCS;1.600;2.500;0;;;
8993189270833;;MAMY POKO PANTS XL;PAMPERS;MAMY POKO;-45;PCS;2.200;3.000;0;;;
8993189271748;;MAMY POKO PANTS S;PAMPERS;MAMY POKO;-26;PCS;2.000;2.500;0;;;
8993189272974;;MAMY POKO PANTS XXL;PAMPERS;MAMY POKO;-105;PCS;2.500;3.000;0;;;
8993212111065;;COMBANTRIN PIRANTEL PAMOAT 125;OBAT;COMBANTRIN;-9;PCS;18.500;23.000;0;;;
8993212111089;;COMBANTRI PIRANTEL PAMOAT 250;OBAT;COMBANTRIN;6;PCS;18.400;23.000;0;;;
8993212111102;;COMBANTRIN PIRANTEL PAMOAT RASA JERUK 10ml;SIRUP;COMBANTRIN;32;PCS;20.000;25.000;0;;;
8993218115012;;SAKATONIK ABC RASA STROBERI;VITAMIN;KALBE;22;PCS;15.500;21.000;0;;;
8993218125004;8993218125004;mextril;OBAT;KALBE;-7;BOX;60.000;75.000;0;;;
8993218301002;;SAKATONIK ACTIV SYRUP 100ML;OBAT;PT KALBE FARMA;6;BOTOL;15.500;20.000;0;;;
8993218320508;;SAKATONIK ABC RASA JERUK;VITAMIN;KALBE;8;PCS;15.500;21.000;0;;;
8993218321505;;SAKATONIK ABC RASA ANGGUR;VITAMIN;KALBE;1;PCS;15.500;21.000;0;;;
8993218330019;;MEXTRIL;OBAT;PT KALBE FARMA;187;PCS;3.400;4.500;0;;;
8993218627102;;FATIGON SPIRIT;VITAMIN;PT KALBE FARMA;15;PCS;9.400;13.000;0;;;
8993218627201;;FATIGON PUTIH ISI 6 STRIP;OBAT;KALBE;2;STRIP;5.800;8.000;0;;;
8993218663209;;PHARMATON TABLET ISI 6;OBAT;SANOFI;8;STRIP;20.500;26.000;0;;;
8993218673406;;SAKATONIK LIVER TABLET;OBAT;KALBE;-7;STRIP;7.500;11.000;0;;;
8993222911013;;GIOVAN;SABUN CAIR;GIOVAN;-58;BOTOL;7.200;12.000;0;;;
8993222911228;;GIOVAN BABY SOFT SKIN 90ML;BODY WASH BAYI;GIOVAN;176;PCS;7.500;12.000;0;;;
8993222921005;;GIOVAN SOAP FRESH 90ML;SABUN CAIR;GIOVAN;95;BOTOL;7.200;12.000;0;;;
8993222921029;;GIOVAN WOMEN 90ML;PEMBERSIH;GIOVAN;37;PCS;7.500;12.000;0;;;
8993222921418;;GIOVAN PINK 90ML;ANTISEPTIC;GIOVAN;-49;BOTOL;7.500;12.000;0;;;
8993237343014;;LACTACYD ALL DAY CARE 60ML;PEMBERSIH;LACTACYD;15;PCS;28.500;34.000;0;;;
8993237343045;;LACTACYD BABY 60ML;BODY WASH BAYI;LACTACYD;-6;PCS;27.000;31.000;0;;;
8993257651014;;BIO VISION;OBAT;PT INDOFARMA;-3;PCS;25.000;30.000;0;;;
8993257653551;;ZINKID;OBAT;INDOFARMA;-3;BOTOL;35.000;40.000;0;;;
8993338000113;;MAMI POMPA SUSU;POMPA ASI;INDOSAR;2;PCS;17.000;23.000;0;;;
8993338000403;;OK PLAST PLASTIC BANDAGES;ALKES;NO MEREK;-2;BOX;20.000;25.000;0;;;
8993338001127;;CHILLI PLAST 12,5mmX1m;PLESTER;INDOSAR;129;PCS;2.500;5.000;0;;;
8993338001134;;CHILLI PLAST 12,5mmX4,5m;PLESTER;INDOSAR;130;PCS;8.500;14.000;0;;;
8993338002018;;OKEPLAST JERAWAT;ALKES;NO MEREK;-5;BOX;20.000;26.000;0;;;
8993338005033;;KOYO CABE;PLESTER;INDOSAR;-137;BIJIAN;1.000;2.500;0;;;
8993347000050;;FAKTU;SALEP;PHAROS;-2;PCS;113.000;130.000;0;;;
8993347000074;;NEBACETIN OINTMENT 5g;SALEP;PHAROS;-28;PCS;25.000;32.000;0;;;
8993347000081;;NEBACETIN POWDER 5g;SERBUK;PHAROS;-11;PCS;25.000;32.000;0;;;
8993347000517;;OXOFERIN TETES 30 ML;OBAT OLES;PHAROS;2;BOTOL;76.000;110.000;0;;;
8993347001651;;ASCARDIA TABLET 80MG;OBAT;PHAROS;29;STRIP;9.500;13.000;0;;;
8993347002511;;CANDISTIN SYR 12ML;OBAT;PHAROS;-7;BOTOL;39.000;45.000;0;;;
8993347003259;;PRORIS IJO 60ML;OBAT;PHAROS;16;BOTOL;26.000;31.000;0;;;
8993347004904;;POLYSILANE SYR 100ML;OBAT;PHAROS;13;BOTOL;22.500;26.500;0;;;
8993347005055;;NOURISHSKIN ISI 30 TABLET;OBAT;PHAROS;1;STRIP;105.000;118.000;0;;;
8993347005086;;POLYSILANE SYR 180 ML;OBAT;PHAROS;22;BOTOL;30.000;36.000;0;;;
8993347006694;;FRUIT 18 JR;VITAMIN;PT PHAROS;-1;PCS;110.000;116.000;0;;;
8993347006700;;VEGE BLEND 21 JR;VITAMIN;PT PHAROS;-4;PCS;110.000;120.000;0;;;
8993347006847;;MICROLAX;OBAT;PHAROS;122;PCS;19.500;25.000;0;;;
8993347007530;;PRAXION ORANGE 60ML;OBAT;PHAROS;-9;BOTOL;25.000;30.000;0;;;
8993347007547;;PRAXION IJO 60ML;OBAT;PHAROS;-4;BOTOL;28.000;35.000;0;;;
8993347007554;;PRAXION DROP 100 MG;OBAT;PT PHAROS;-1;BOTOL;27.000;33.000;0;;;
8993347008001;;NOURISHSKINPINK ISI 15;OBAT;PHAROS;0;BOX;110.000;120.000;0;;;
8993347008148;8993347008148;PRORIS TABLET 200mg;OBAT;PHAROS;-10;STRIP;7.900;11.500;0;;;
8993347010851;;MAXIMUS;OBAT;JAMU;-1;BOX;43.000;50.000;0;;;
8993347011018;;PRORIS BIRU 60ML;OBAT;PHAROS;-9;BOTOL;27.500;35.000;0;;;
8993347012305;;ALBOTHYL 5ml;OBAT;PHAROS;-8;PCS;23.500;30.000;0;;;
8993347028511;;POLYSILANE TAB;OBAT;POLYSILINE;184;STRIP;8.200;11.000;0;;;
8993347028832;;VIOSTIN DS ISI 5;OBAT;PT PHAROS;-13;STRIP;26.500;33.000;0;;;
8993347029334;;MAXIMUS ISI 10 BIJI;OBAT;MAXIMUS;1;PCS;14.000;18.000;0;;;
8993347029792;;DISFLATYL;OBAT;PRIMA MEDIKA;32;PCS;5.000;10.000;0;;;
8993347031986;;OZEN TABLET;OBAT;PHAROS;0;BOX;21.500;30.000;0;;;
8993347033089;;SALEP BRION;SALEP;PRIMA MEDIKA;1;TUBE;95.000;110.000;0;;;
8993365011007;;MINYAK TELON TRESNO JOYO 100ML+ 30ML;MINYAK TELON;TRESNOJOYO;26;PCS;20.000;26.000;0;;;
8993365030206;;BALSEM TELON TRESNOJOYO 20g;OBAT OLES;TRESNOJOYO;-4;PCS;7.400;12.000;0;;;
8993365030404;;BALSEM TELON TRESNOJOYO 40g;OBAT OLES;TRESNOJOYO;-14;PCS;12.500;17.000;0;;;
8993365131538;;MADU TJ MURNI150gr;MADU;MADU TJ;8;PCS;19.000;23.000;0;;;
8993365132535;;MADU TJ MURNI 250g;MADU;TRESNOJOYO;-27;BOTOL;29.000;34.000;0;;;
8993365135031;;MADU TJ MURNI 500g;MADU;TRESNOJOYO;-9;PCS;52.000;60.000;0;;;
8993365140356;;MADU TJ KURMA 150g;MADU;TRESNOJOYO;12;BOTOL;18.500;23.000;0;;;
8993365140363;;MADU TJ KURMA 250g;MADU;TRESNOJOYO;4;BOTOL;23.000;28.000;0;;;
8993365150010;;TJ JOYBEE JERUK 100ml;MADU;TRESNOJOYO;-10;PCS;13.000;18.000;0;;;
8993365150058;;TJ JOYBEE STRAWBERRY 100ml;MADU;TRESNOJOYO;-3;PCS;13.000;18.000;0;;;
8993365160019;;MADU TJ JAHE MERAH 150g;MADU;TRESNOJOYO;-1;PCS;18.000;22.000;0;;;
8993365170018;;MADU TJ PANAS DALAM 150g;MADU;TRESNOJOYO;3;PCS;18.500;23.000;0;;;
8993365600140;;MADU TJ LEMON 150g;MADU;TRESNOJOYO;-4;BOTOL;15.000;20.000;0;;;
8993379254469;;SABUN BATANG LERVIA 90 GR;SABUN BATANG;LEIVY ;-5;PCS;3.500;7.000;0;;;
8993379260095;;SABUN BATANG LERVIA PINK;SABUN BATANG;LEIVY ;2;PCS;3.500;7.000;0;;;
8993417001161;;OVALE JERUK NIPI 60 ML;TONER;OVALE;-2;BOTOL;9.000;13.000;0;;;
8993417001178;;OVALE BENGKOANG 60ML;FACE CLEANCER;KINO;27;BOTOL;9.600;14.000;0;;;
8993417001277;;OVALE BENGKOANG 100ML;TONER;OVALE;11;PCS;16.300;20.000;0;;;
8993417001376;;OVALE BENGKOANG 200ML;TONER;OVALE;39;PCS;26.300;30.000;0;;;
8993417006036;;OVAL LEMON 60ML;FACE TONIC;OVALE;15;BOTOL;9.800;13.000;0;;;
8993417010033;;OVAL LEMON 100ML;FACE TONIC;OVALE;27;PCS;16.300;20.000;0;;;
8993417020032;;OVAL ALOE VERA  200ML;TONER;OVALE;-1;PCS;25.000;30.000;0;;;
8993417036217;;ESKULIN KIDS HAIR&BODY WASH NATURAL SMOOTH 280ML;HAIR&BODY WASH;ESKULIN;-2;PCS;21.000;25.000;0;;;
8993417112232;;ESKULIN GEL ROMANTIS DAY 100ML;PARFUM;ESKULIN;-7;PCS;14.600;19.500;0;;;
8993417112270;;ESKULIN GEL DREAM DAY 100ML;PARFUM;ESKULIN;-2;PCS;14.600;19.500;0;;;
8993417112294;;ESKULIN JEL HUJAB PERFECT DAY 100 ML;PARFUM;ESKULIN;-1;BOTOL;13.000;18.000;0;;;
8993417113215;;PARFUM ESKULIN GEL IJO 100 ML;PARFUM;ESKULIN;0;BOTOL;14.500;18.000;0;;;
8993417162114;;RESIK-V DAUN SIRIH AROMA MAWAR 90ml;PEMBERSIH;RESIK-V;-3;PCS;10.000;14.000;0;;;
8993417162138;;RESIK-V DAUN SIRIH UNGU;PEMBERSIH;RESIK-V;-3;PCS;10.000;14.000;0;;;
8993417162145;;RESIK-V DAUN SIRIH HIJAU;PEMBERSIH;RESIK-V;-3;PCS;10.000;14.000;0;;;
8993417165016;;MANJAKANI COKLAT 50ML;PEMBERSIH;RESIK-V;20;BOTOL;9.600;14.500;0;;;
8993417165115;;RESIK-V KHASIAT MANJAKANI FEMININE HYGIENE 90ml;PEMBERSIH;RESIK-V;17;PCS;18.000;23.500;0;;;
8993417165122;;MANJAKANI MADURA MERAH 50 ML;PEMBERSIH;RESIK-V;7;BOTOL;10.500;15.000;0;;;
8993417165139;;MANJAKANI PUTIH 60ML;PEMBERSIH;RESIK-V;6;BOTOL;10.000;14.000;0;;;
8993417165221;;MANJAKANI MERAH 90ML;PEMBERSIH;RESIK-V;0;BOTOL;19.000;23.000;0;;;
8993417165238;;RESIK-V KHASIAT MANJAKANI WHITENING 90mL;PEMBERSIH;RESIK-V;-8;PCS;19.000;23.000;0;;;
8993417168215;;RESIK-V GODOKAN SIRIH 100ml;PEMBERSIH;RESIK-V;12;PCS;19.600;25.000;0;;;
8993417172144;;PARFUM SPRAY B&B UNGU 60ML;PARFUM;KINO;0;BOTOL;9.500;13.000;0;;;
8993417172229;;PARFUM B&B KIDS KIWI MELON 100ML;PARFUM;B&B;-1;PCS;13.000;16.000;0;;;
8993417172243;;PARFUM B&B KIDS ANGGUR 100ML;PARFUM;B&B;-6;PCS;13.000;16.000;0;;;
8993417172281;;PARFUM B&B KIDS AROMA 100ML;PARFUM;B&B;-9;PCS;13.500;17.000;0;;;
8993417176128;;B&B BODY POWDER BLOSSOM 60 GR;BEDAK TABUR BAYI;B&B;14;BOTOL;6.000;10.000;0;;;
8993417176135;;BEDAK B&B IO KECIL;BEDAK ;B&B;0;BOTOL;6.000;9.000;0;;;
8993417176227;;B&B BODY POWDER STRAWBERRY 150g;BEDAK TABUR;B&B;9;PCS;11.000;15.000;0;;;
8993417176234;;BEDAK B&B POWDER KIWI N LEMON 150 GR;BEDAK TABUR;B&B;2;BOTOL;10.500;15.000;0;;;
8993417200014;;ELIPS HAIR VITAMIN KUNING;VITAMIN RAMBUT;ELIPS;22;PCS;11.300;14.500;0;;;
8993417200021;;EILPS PINK ISI 8;VITAMIN;ELIPS;67;PCS;11.300;14.500;0;;;
8993417200038;;ELIPS HAIR VITAMIN UNGU;VITAMIN RAMBUT;ELIPS;57;PCS;11.300;14.500;0;;;
8993417200045;;ELIPS HAIR VITAMIN ITEM;VITAMIN RAMBUT;ELIPS;3;PCS;11.300;14.500;0;;;
8993417200069;;ELIPS HAIR VITAMIN PINK UNGU;VITAMIN RAMBUT;ELIPS;65;PCS;11.300;14.500;0;;;
8993417200076;;ELLIPS SMOOTH&SILKY;VITAMIN RAMBUT;ELIPS;-13;PCS;9.500;12.000;0;;;
8993417200083;;ELLIPS SILKY BLACK;VITAMIN;ELIPS;-4;PCS;10.000;12.000;0;;;
8993417200427;;ELIPS HAIR VITAMIN PINK BOTOL;VITAMIN RAMBUT;ELIPS;-1;PCS;60.000;70.000;0;;;
8993417200724;;ELIPS SCH PINK;VITAMIN RAMBUT;ELIPS;76;PCS;1.400;2.500;0;;;
8993417200748;;ELIPS SASET ITEM;VITAMIN RAMBUT;ELIPS;123;PCS;1.400;2.500;0;;;
8993417212215;;ESKULIN GEL PREPPY DAY 100ML;PARFUM;ESKULIN;7;PCS;14.600;18.000;0;;;
8993417212222;;ESKULIN COLOGNE GEL IJO 100ML;PARFUM;ESKULIN;0;BOTOL;15.500;20.000;0;;;
8993417212239;;ESKULIN COLOGNE GEL MUSIC DAY;PARFUM;ESKULIN;2;PCS;14.000;18.000;0;;;
8993417212246;;ESKULIN JEL THURSDAY 100ML;PARFUM;ESKULIN;-9;BOTOL;14.600;19.500;0;;;
8993417212253;;ESKULIN GEL FRIDAY FESTIVE DAY100ML;PARFUM;ESKULIN;-7;BOTOL;15.500;20.000;0;;;
8993417212260;;ESKULIN GEL CHIC DAY 100ML;PARFUM;ESKULIN;2;PCS;15.000;19.000;0;;;
8993417212277;;ESKULIN GEL SUNDAY LOVE DAY 100ML;PARFUM;ESKULIN;-5;BOTOL;15.200;19.500;0;;;
8993417229718;;SLEEK BABY 450 ML;SABUN CAIR;KINO;1;BOTOL;25.000;30.000;0;;;
8993417312212;;PARFUM MASTER KIDS 80 ML;PARFUM;KINO;2;BOTOL;14.000;18.000;0;;;
8993417312229;;PARFUM MASTER KIDS 100ML;PARFUM;MASTER KIDS;5;PCS;14.000;18.000;0;;;
8993417312236;;PARFUM MASTER KIDS SPIDERMAN;PARFUM;KINO;-1;BOTOL;14.000;18.000;0;;;
8993417312243;;PARFUM MASTER KIDS 80 ML;PARFUM;KINO;6;BOTOL;14.000;18.000;0;;;
8993417312250;;PARFUM MASTER KIDS AVENGERS;PARFUM;KINO;10;BOTOL;14.000;18.000;0;;;
8993417312274;;MASTER KIDS PARFUM BUMBLEBEE 100ML;PARFUM;MASTER KIDS;3;BOTOL;13.500;17.000;0;;;
8993417355219;;ESKULIN KIDS HAIR&BODY MERAH 280ML;HAIR&BODY WASH;ESKULIN;6;PCS;22.000;27.000;0;;;
8993417355226;;ESKULIN KIDS HAIR&BODY WASH SOFT&PROTECT 280ML;HAIR&BODY WASH;ESKULIN;-1;PCS;22.000;27.000;0;;;
8993417364914;;OVALE FACIAL MASK YAM BEAN;MASKER WAJAH;OVALE;-1;PCS;8.000;11.000;0;;;
8993417364921;;OVALE FACIAL MASK LEMON;MASKER WAJAH;OVALE;-10;PCS;7.000;11.000;0;;;
8993417364938;;OVALE FACIAL MASK AVOCADO;MASKER WAJAH;OVALE;1;PCS;8.000;11.000;0;;;
8993417364945;;OVALE FACIAL MASK CUCUMBER;MASKER WAJAH;OVALE;-17;PCS;7.000;10.000;0;;;
8993417372216;;PARFUM ESKULIN KIDS MERAH 100ML;PARFUM;KINO;9;BOTOL;14.000;19.000;0;;;
8993417372223;;ESKULIN KIDS SPRAY COLOGNE 100ML;PARFUM;ESKULIN;-2;PCS;14.000;19.000;0;;;
8993417372230;;PARFUM ESKULIN KIDS PINK 100ML;PARFUM;KINO;-1;BOTOL;14.000;19.000;0;;;
8993417400247;;ESKULIN KIDS SHAMPOO&CONDITIONER SNOW WHITE 200ML;SHAMPOO&CONDITIONER;ESKULIN;-1;PCS;13.000;17.000;0;;;
8993417402234;;ESKULIN KIDS PINK 125ML;PARFUM;ESKULIN;0;BOTOL;16.000;20.000;0;;;
8993417412141;;ESKULIN KIDS PARFUM STRAWBERRY 60 ML;PARFUM;ESKULIN;1;BOTOL;8.000;12.000;0;;;
8993417412158;;ESKULIN KIDS MAHKOTA MANGGA 60 ML;PARFUM;ESKULIN;1;BOTOL;8.000;12.000;0;;;
8993417412172;;ESKULIN KIDS MAHKOTA UNGU KECIL;PARFUM;KINO;0;BOTOL;8.000;12.000;0;;;
8993417412219;;ESKULIN KIDS MAHKOTA MANGO 125 ML;PARFUM;KINO;-2;BOTOL;15.500;20.000;0;;;
8993417412226;;ESKULIN MAHKOTA BIRU 125ML;PARFUM;KINO;2;BOTOL;15.500;20.000;0;;;
8993417412240;;ESKULIN MAHKOTA SNOW WHITE 125ML;PARFUM;ESKULIN;-4;PCS;15.500;20.000;0;;;
8993417412264;;ESKULIN MAHKOTA FLORAL 125ML;PARFUM;ESKULIN;0;BOTOL;15.500;20.000;0;;;
8993417412271;;ESKULIN MAHKOTA RAPUNZEL 125ML;PARFUM;ESKULIN;0;PCS;15.500;20.000;0;;;
8993417451416;;CAT RAMBUT SASHA DUSTY PINK;CAT RAMBUT;SALSA;2;PCS;11.300;15.000;0;;;
8993417451423;;CAT RAMBUT SASHA SMOKEY LILIAC;CAT RAMBUT;SALSA;4;PCS;11.300;15.000;0;;;
8993417451430;;CAT RAMBUT SASHA SKY BLUE;CAT RAMBUT;SALSA;4;PCS;11.300;15.000;0;;;
8993417451478;;CAT RAMBUT SASHA GREEN TOSCA;CAT RAMBUT;SALSA;9;PCS;11.300;15.000;0;;;
8993417451485;;CAT RAMBUT SASHA ASH GREY;CAT RAMBUT;SALSA;-1;PCS;11.300;15.000;0;;;
8993417476235;;BEDAK B&B POWDER LYCHEE 150 GR;BEDAK TABUR;B&B;2;BOTOL;11.000;15.000;0;;;
8993417489914;;ELIPS HAIR MASK JOJOBA OIL;HAIR MASK;ELIPS;34;PCS;7.200;11.000;8;;;
8993417489921;;ELLIPS HAIR MASK SMOOTH N SHINY;HAIR MASK;ELIPS;5;PCS;7.100;11.000;0;;;
8993417489938;;ELLIPS VITAMIN HAIR MASK UNGU;MASKER;ELIPS;4;PCS;7.200;11.000;0;;;
8993417591419;;CAT RAMBUT SASHA NATURAL BLACK;CAT RAMBUT;SALSA;4;PCS;11.300;15.000;0;;;
8993417591426;;CAT RAMBUT SASHA CHOCOLATE BROWN;CAT RAMBUT;SALSA;1;PCS;11.300;15.000;0;;;
8993417591433;;CAT RAMBUT SASHA BURGUNDY;CAT RAMBUT;SALSA;3;PCS;11.300;15.000;0;;;
8993417591464;;CAT RAMBUT SASHA BLUE BLACK;CAT RAMBUT;SALSA;2;PCS;11.300;15.000;0;;;
8993417591471;;CAT RAMBUT SASHA GOLDEN;CAT RAMBUT;SALSA;4;PCS;11.300;15.000;0;;;
8993417591495;;CAT RAMBUT SASHA DARK MAHOGANY BROWN;CAT RAMBUT;SALSA;4;PCS;11.300;15.000;0;;;
8993417592416;;CAT RAMBUT SASHA PASSION RED;CAT RAMBUT;SALSA;4;PCS;11.300;15.000;0;;;
8993417594410;;CAT RAMBUT SASHA BLEACHING;CAT RAMBUT;SALSA;7;PCS;12.200;16.000;0;;;
8993430101091;;EFISOL LIQUID;OBAT;PT NOVELL;0;BOTOL;28.000;33.000;0;;;
8993430101107;;COOLING 5 COOL MINT 15ML;OBAT;PT NOVELL;5;BOTOL;30.000;35.000;0;;;
8993430101497;;COOLING 5 CHERRY 15ML;OBAT;PT NOVELL;4;BOTOL;32.000;36.000;0;;;
8993430102142;;CHOL;OBAT;PT NOVELL;-2;STRIP;19.000;23.000;0;;;
8993430103200;;LANSOPRAZOLE KAPSUL;OBAT;NOVELL;137;STRIP;11.000;16.000;0;;;
8993430105358;;MECOBALAMIN 500mg;OBAT;NOVELL;-36;STRIP;8.800;13.000;0;;;
8993430160111;;CETIRIZINE HYDROCHLORIDE 10mg;OBAT;NOVELL;1.712;STRIP;4.000;7.500;0;;;
8993430161460;;VELACOM PLUS 2/500 TABLET;OBAT;NOVELL;-12;STRIP;45.000;52.000;0;;;
8993430169633;;EGOJI GUMMY RASA JERUK ISI 5;OBAT;EGOJI;1;PCS;7.600;10.000;0;;;
8993430170356;;COOLING 5 PLUS RASA JERUK 15ML;OBAT;PT NOVELL;-10;BOTOL;31.000;37.000;0;;;
8993430170691;;ETORICOXIB 90 MG;OBAT;NOVELL;-5;STRIP;55.000;70.000;0;;;
8993430171995;;VELUTINE VIAL 4ML;OBAT;NOVELL;3;BOTOL;9.000;16.000;0;;;
8993463121301;;FAIR CHEEK FOUNDATION CREAM 15g;FOUNDATION;FC;-3;PCS;13.000;15.000;0;;;
8993478101039;;ACTIFED KUNING 60ml;SIRUP;GSK;-1;BOTOL;59.000;65.000;0;;;
8993478101053;;ACTIVED MERAH SYRUP 60ML;OBAT;;-5;BOTOL;59.000;65.000;0;;;
8993478101077;;ACTIFED IJO SYRUP 60ML;OBAT;PT GLAXO;4;BOTOL;60.000;66.000;0;;;
8993498210018;;ANTIMO ANAK JERUK;OBAT;PHAROS;-41;PCS;2.500;4.000;0;;;
8993498210186;;LIVRON B-PLEK;VITAMIN;PHAROS;28;STRIP;4.200;7.500;0;;;
8993498210230;;ANTIMO DEWASA;OBAT;PT PHAROS;54;PCS;4.300;6.500;0;;;
8993498210285;;ANTIMO ANAK STRAWBERRY SACHET;OBAT;PHAROS;65;PCS;2.500;4.000;0;;;
8993515000004;;PIMTRAKOL PLUS SL APEL 60ML;OBAT;PT PIM;-5;BOTOL;13.500;18.000;0;;;
8993515100537;;CTM PIM ISI 12;OBAT;PT PIM;49;DUS;1.100;5.000;0;;;
8993515361136;;PIMACOLIN PLUS RASA APEL 60ML;OBAT;PT PIM;3;BOTOL;9.200;14.000;0;;;
8993515361143;;PIMACOLIN RASA MILK 60ML;OBAT;PT PIM;1;BOTOL;9.500;14.000;0;;;
8993515361563;;PIM TRA KOL RASA LEMON SYR 60ML;OBAT;PT PIM;19;BOTOL;14.500;18.000;0;;;
8993515361570;;PIM TRA KOL RASA CHERRY SYR 60ML;OBAT;PT PIM;3;BOTOL;14.500;19.000;0;;;
8993515361648;;PIMTRAKOL KIDS STRAWBERRY;OBAT;PT PIM;-10;PCS;14.000;19.000;0;;;
8993560022006;;DETTOL ANTISEPTIK 45ML;ANTISEPTIC;DETTOL;-1;PCS;8.500;13.000;0;;;
8993560022020;;DETTOL ANTISEPTIK 95ml;ANTISEPTIC;DETTOL;13;BOTOL;22.000;27.000;0;;;
8993560022044;;DETTOL ANTISEPTIK 245ML;DETTOL;DETTOL;-6;BOTOL;38.000;42.000;0;;;
8993560024031;;DETTOL SABUN BATANG OREN;SABUN BATANG;DETTOL;-7;PCS;4.500;6.000;0;;;
8993560024154;;SABUN BATANG DETOL FRESH 100 GR;SABUN BATANG;DETTOL;-3;PAK;5.000;7.000;0;;;
8993560024208;;SABUN DETTOL BATANG SENSITIVE 100 GR;SABUN BATANG;DETTOL;-7;PCS;4.500;6.000;0;;;
8993560024277;;SABUN BATANG DETTOL INVIGORATE 100 GR;SABUN BATANG;DETTOL;-8;PCS;5.000;7.000;0;;;
8993560024550;;DETTOL SABUN BATANG ORIGIONAL;SABUN BATANG;DETTOL;18;PCS;5.000;7.000;0;;;
8993560024567;;SABUN BATANG DETOL KUNING;SABUN BATANG;DETTOL;6;PCS;5.000;7.000;0;;;
8993560024574;;SABUN BATANG DETTOL COOL 100 GR;SABUN BATANG;DETTOL;-3;PCS;5.000;7.000;0;;;
8993560024901;;SABUN BATANG DETOL RE-ENERGIZEL 100 GR;SABUN BATANG;DETTOL;-7;PCS;5.000;7.000;0;;;
8993560025007;;SABUN BATANG DETTOL COOL;SABUN BATANG;DETTOL;11;PCS;4.500;6.000;0;;;
8993560025120;;SABUN DETTOL BATANG RE-ENERGIZE BAR 100g;SABUN BATANG;DETTOL;-45;PCS;5.000;7.000;0;;;
8993560025205;;SABUN DETTO BATANG PINK 100 GR;SABUN BATANG;DETTOL;6;PCS;5.000;7.000;0;;;
8993560025274;;SABUN BATANG DETTOL LASTING FRESH 100 GR;SABUN BATANG;DETTOL;5;PCS;5.000;7.000;0;;;
8993560025465;;SABUN BATANG DETTOL MOISTURE 100GR;SABUN BATANG;DETTOL;1;PCS;5.000;7.000;0;;;
8993560025496;;SABUN DETTOL BATANG ORIGINAL 60G;SABUN BATANG;DETTOL;-1;PCS;2.500;3.500;0;;;
8993560025502;;SABUN DETTOL BATANG COOL 60G;SABUN BATANG;DETTOL;-1;PCS;2.500;3.500;0;;;
8993560026042;;REFILL BODY WASH DETTOL FRESH;SABUN CAIR;DETTOL;0;PCS;19.000;23.000;0;;;
8993560026073;;REFILL BODY WASH DETTOL COOL;SABUN CAIR;DETTOL;-1;PCS;19.000;24.000;0;;;
8993560026806;;REFILL BODY WASH DETTOL LASTING FRESH 410 GR;SABUN CAIR;DETTOL;1;PCS;17.500;23.000;0;;;
8993560027100;;REFILL DETOLL ONZEN 410ML;SABUN CAIR;DETTOL;0;PCS;17.500;23.000;0;;;
8993560155780;;SABUN DETTOL BATANG FRESH 60G;SABUN BATANG;DETTOL;-1;PCS;2.500;5.000;0;;;
8993560155810;;SABUN BATANG DETTOL LASTING FRESH 60G;SABUN BATANG;DETTOL;12;PCS;2.500;5.000;0;;;
8993560156145;;REFIL DETTOL INVIGORATE 410ML;SABUN CAIR;DETTOL;-1;PCS;17.500;23.000;0;;;
8993560156619;;SABUN BATANG DETTOL PINK 60 GR;SABUN BATANG;DETTOL;0;PCS;2.500;5.000;0;;;
8993560156626;;SABUN BATANG DETTOL ORANGE 65 GR;SABUN BATANG;DETTOL;-1;PCS;2.800;4.500;0;;;
8993560157036;;REFILL BODY WASH DETTOL TROPICAL SPLASH;SABUN CAIR;DETTOL;0;PCS;18.500;23.000;0;;;
8993583090372;;RESPROXOL SYRUP 60ML;OBAT;PT AFI FARMA;-7;BOTOL;4.000;9.000;0;;;
8993583171415;8993583171415;SALEP 24;SALEP;EXELTIS;46;PCS;5.000;9.000;0;;;
8993583772339;;ANTASIDA DOEN;BOTOL;PT AFI FARMA;23;BOTOL;5.000;8.000;0;;;
8993883070210;;SIRPLUS RASA MELON 100 ML;OBAT;MEPRO;0;BOTOL;12.000;17.000;0;;;
8993883070227;;SIRPLUS RASA ANGGUR 100 ML;OBAT;MEPRO;1;BOTOL;12.000;17.000;0;;;
8993883070234;;SIRPLUS RASA JERUK 60 ML;OBAT;MEPRO;0;BOTOL;12.000;17.000;0;;;
8993883070463;;INTUNAL SIRUP 60 ML;OBAT;MEPRO;4;BOTOL;12.000;16.000;0;;;
8993883070500;8993883070500;INTUNAL-F;OBAT;MEPRO;105;PCS;2.600;5.000;0;;;
8993883070852;;INTUNAL FORTE TABLET ISI 10;OBAT;MEPRO;106;STRIP;6.500;10.000;0;;;
8993883800015;;SUNSCREEN IMPLORA SPF 40;SUNCREEN;IMPLORA;-1;BOTOL;25.000;33.000;0;;;
8993883800039;;IMPLORA JELLY TINT MARIPOSA (01);LIPSTIK/LIPCREAM/LIPTIN/LIPBLAM;IMPLORA;1;PCS;15.500;21.000;0;;;
8993883800046;;IMPLORA JELLY TINT SAVVY RED (2);LIPSTIK/LIPCREAM/LIPTIN/LIPBLAM;IMPLORA;0;PCS;15.500;20.000;0;;;
8993883800053;;IMPLORA JELLY TINT TRUE VINTAGE (03);LIPSTIK/LIPCREAM/LIPTIN/LIPBLAM;IMPLORA;-1;PCS;15.500;21.000;0;;;
8993883800060;;IMPLORA JELLY TINT ROSY POSY ( 04);LIPSTIK/LIPCREAM/LIPTIN/LIPBLAM;HANASUI;2;PCS;16.300;20.000;0;;;
8993883800077;;IMPLORA JELLY TINT DREAM PEACH (5);LIPSTIK/LIPCREAM/LIPTIN/LIPBLAM;IMPLORA;-6;PCS;15.500;21.000;0;;;
8993883800084;;IMPLORA JELLY TINT FLAMINGO ( 06 );LIPSTIK/LIPCREAM/LIPTIN/LIPBLAM;IMPLORA;2;PCS;15.500;20.000;0;;;
8993883800091;;IMPLORA JELLY TINT SANGRIA (7);LIPSTIK/LIPCREAM/LIPTIN/LIPBLAM;IMPLORA;4;PCS;15.500;21.000;0;;;
8993883800107;;IMPLORA JELLY TINT BURNT ORANGE (8);LIPSTIK/LIPCREAM/LIPTIN/LIPBLAM;IMPLORA;0;PCS;16.300;21.000;0;;;
8993883800114;;IMPLORA JELLY TINT ROSEWOOD (9);LIPSTIK/LIPCREAM/LIPTIN/LIPBLAM;IMPLORA;0;PCS;15.500;21.000;0;;;
8993883801135;;IMPLORA SHEET MASK LEMON;MASKER;IMPLORA;0;PCS;3.300;10.000;0;;;
8993883801142;;MASKER IMPLORA SASET BLUEBERRY;MASKER;IMPLORA;4;PCS;3.300;10.000;0;;;
8993883801159;;IMPLORA SHEET MASK ALOE VERA;MASKER;IMPLORA;4;PCS;3.300;10.000;0;;;
8993883801166;;IMPLORA SHEET MASK PAPAYA;MASKER;IMPLORA;2;PCS;3.400;10.000;0;;;
8993883801173;;IMPLORA SHEET MASK AVOCADO;MASKER;IMPLORA;0;PCS;3.400;10.000;0;;;
8993883801456;;SUNSCREEN IMPLORA SPF 30;SUNCREEN;IMPLORA;3;PCS;22.100;28.000;0;;;
8993883801968;;IMPLORA INTENSE MATTE LIPSTICK;LIPSTIK/LIPCREAM/LIPTIN/LIPBLAM;IMPLORA;4;BOTOL;15.900;21.000;0;;;
8993883801975;;IMPLORA INTENSE MATTE LIPSTICK NO 08;LIPSTIK/LIPCREAM/LIPTIN/LIPBLAM;IMPLORA;3;BOTOL;15.900;21.000;0;;;
8993883801982;;IMPLORA INTENSE MATTE LIPSTICK NO 09;LIPSTIK/LIPCREAM/LIPTIN/LIPBLAM;IMPLORA;1;BOTOL;16.000;21.000;0;;;
8993883801999;;IMPLORA INTENSE MATTE LIPSTICK NO 10;LIPSTIK/LIPCREAM/LIPTIN/LIPBLAM;IMPLORA;1;BOTOL;16.000;21.000;0;;;
8993883880024;;APIALIS SIRUP 100ml;VITAMIN;LAPI;1;PCS;45.000;55.000;0;;;
8993883880031;;APIALIS DROP 10ml;VITAMIN;LAPI;-8;PCS;55.000;62.000;0;;;
8993883880055;;VITACUR SIRUP 100ML;OBAT;LAPI;2;BOTOL;40.000;47.000;0;;;
8993883880079;;L-BIO BUBUK SASET 1GR;OBAT;LAPI;10;PCS;8.500;11.000;0;;;
8993883880338;;EYEVIT SIRUP 60 ML;OBAT;LAPI;3;BOTOL;58.000;70.000;0;;;
8993883880512;;EYEVIT TABLET ISI 5;VITAMIN;LAPI;-7;STRIP;28.600;34.000;0;;;
8993883880932;;ALERHIS KAPLET ISI 4;OBAT;LAPI;-1;STRIP;10.000;14.000;0;;;
8994037801339;;ESENSES WATERPROOF VOLUME MASCARA;MASCARA;ESENSES;43;PCS;18.500;25.000;0;;;
8994037802527;;ESENSES STAY ON EYELINER;EYELINER;ESENSES;4;PCS;17.200;25.000;0;;;
8994065001268;;SERUM SUSU DOMBA 18ml;SERUM WAJAH;SUDOM;-4;PCS;20.000;25.000;0;;;
8994065002166;;PENSIL ALIS PEACH 2IN1;PENSIL ALIS;NO MEREK;11;PCS;2.000;6.000;0;;;
8994066110112;;TOP LADY;CAT RAMBUT;TOP LADY;140;PCS;7.700;11.000;0;;;
8994254001048;;HUFALERZIN SYRUP 60ML;OBAT;PT HUFA;-22;BOTOL;6.500;12.000;0;;;
8994254001079;;HUFAMAG PLUS SYR 60ML;OBAT;PT GRATIA;9;BOTOL;8.500;12.000;0;;;
8994254001093;;DEXYL SIRUP 60 ML;OBAT;HUFA;2;BOTOL;5.500;10.000;0;;;
8994254001222;;HUFAGRIPP BP 60ML;OBAT;PT GRATIA;-1;BOTOL;19.900;25.000;0;;;
8994254001338;;HUFAGRIPP PILEK 60ML;OBAT;PT GRATIA;-7;BOTOL;16.000;20.000;0;;;
8994254001499;;HUFAGRIP BP SIRUP DEWASA 60 ML;OBAT;HUFA;16;BOTOL;16.500;22.000;0;;;
8994254001505;;HUFAGRIP BP BERDAHAK;OBAT;HUFA;-22;BOTOL;19.000;23.000;0;;;
8994254001529;;HUFAGRIP MERAH 60ML;OBAT;PT HUFA;-5;BOTOL;14.500;22.000;0;;;
8994254001536;;HUFAGRIP DEMAM PARACETAMOL 60 ML;OBAT;HUFA;-2;BOTOL;14.500;20.000;0;;;
8994254011115;;HUFAGRIPP FLU & BATUK 60ML;OBAT;PT GRATIA;67;BOTOL;22.000;26.500;0;;;
8994324300583;;KELLY LEMON SOAP 75G;FACIAL WASH;KELLY;112;PCS;18.400;23.000;0;;;
8994324300637;;KELLY LEMON SOAP 25G;FACIAL WASH;KELLY;57;PCS;9.000;13.000;0;;;
8994324300675;;KELLY SOAP K;FACIAL FOAM;KELLY;-7;PCS;5.500;9.000;0;;;
8994324300705;;KELLY PEARL CREAM 15g;CREAM WAJAH;KELLY;235;PCS;10.500;15.000;0;;;
8994324300736;;KELLY PEARL CREAM 5g;CREAM WAJAH;KELLY;161;PCS;6.100;10.000;0;;;
8994388101126;;CANDESARTAN CILEXETIL 16MG;OBAT;OGB;87;STRIP;6.700;12.000;0;;;
8994388101140;;ACARBOSE 50MG;OBAT;DEXA MEDICA;7;STRIP;7.000;12.000;0;;;
8994388101157;;ACARBOSE 100MG;OBAT;DEXA MEDICA;6;STRIP;11.000;15.000;0;;;
8994388102536;;CEFIXIME TRIHYDRATE 200mg;OBAT;OGB;54;STRIP;10.000;18.000;0;;;
8994388103762;;HERBAKOF SYRUP 60ML;OBAT;TERUMO;-4;BOTOL;13.500;19.000;0;;;
8994388103823;;FOLAMIL GENIO GOLD;OBAT;DEXA MEDICA;-7;BOTOL;148.000;155.000;0;;;
8994388104172;;GLUVAS 1MG;OBAT;DEXA MEDICA;0;STRIP;27.000;33.000;0;;;
8994388104189;;GLUVAS 2MG;OBAT;DEXA MEDICA;0;STRIP;45.400;52.000;0;;;
8994388104714;;GLIMEPRIDE 1mg;OBAT;OGB;49;STRIP;2.000;6.000;0;;;
8994388104721;;GLIMEPIRIDE 2MG;OBAT;OGB;-9;STRIP;2.300;7.000;0;;;
8994388104738;;GLIMEPIRIDE 3mg;OBAT;OGB;18;STRIP;2.600;8.000;0;;;
8994388105339;;MELOXICAM 7.5mg;OBAT;OGB;111;STRIP;3.300;7.000;0;;;
8994388105346;;MELOXICAM 15mg;OBAT;OGB;254;STRIP;3.700;8.000;0;;;
8994388105896;;STIMUNO RASA JERUK 60ml;VITAMIN;DEXA MEDICA;-5;PCS;28.000;33.000;0;;;
8994388105964;;CEFIXIME TRIHYDRATE 100mg;OBAT;OGB;34;STRIP;7.000;13.000;0;;;
8994388106558;;SUCRALFATE SIRUP DEXA;OBAT;DEXA MEDICA;-18;BOTOL;12.000;18.000;0;;;
8994388107623;;VOMETA TABLET;OBAT;DEXA MEDICA;10;STRIP;51.000;60.000;0;;;
8994388108477;;CEFADROXIL OGB 500mg;OBAT;OGB;-373;STRIP;13.800;17.000;0;;;
8994388108811;;RHINOFED TABLET;OBAT;DEXA MEDICA;-5;STRIP;26.600;35.000;0;;;
8994388108835;;RHINOFED SYR 60ML;OBAT;TERUMO;-2;BOTOL;40.000;45.000;0;;;
8994388109603;;MOMETASONE FUROATE CREAM 1GR;SALEP;DEXA MEDICA;1;TUBE;25.000;30.000;0;;;
8994388109832;;BISOPROLOL FUMARATE 2,5 MG;OBAT;DEXA MEDICA;51;STRIP;2.200;6.000;0;;;
8994388110135;;DEXYCOL 500mg;OBAT;DEXA MEDICA;99;STRIP;13.500;20.000;0;;;
8994388110296;;VOLTADEX;OBAT;DEXA MEDICA;2.233;STRIP;2.700;6.000;0;;;
8994388110333;;TEOSAL TABLET;OBAT;DEXA MEDICA;524;STRIP;1.700;5.000;0;;;
8994388110401;;SISTENOL KAPLET ISI 10;OBAT;DEXA MEDICA;3;BOTOL;29.000;34.000;0;;;
8994388110456;;VOMETA SYRUP 60ML;OBAT;DEXA MEDICA;-9;BOTOL;62.500;70.000;0;;;
8994388110555;;VOMETA DROP 10ML;OBAT;DEXA MEDICA;-3;BOTOL;52.000;60.000;0;;;
8994388111170;;RHINOS SR;OBAT;TERUMO;-32;BIJIAN;8.000;12.000;0;;;
8994388111378;;VECTRINE 300MG;OBAT;DEXA MEDICA;0;STRIP;62.500;67.000;0;;;
8994388111781;;NEURODEX;OBAT;DEXA MEDICA;58;STRIP;5.300;10.000;0;;;
8994388112559;;VASTIGO;OBAT;DEXA MEDICA;-32;STRIP;11.500;16.000;0;;;
8994388112764;;FOLAMIL GENIO;OBAT;TERUMO;-4;PCS;138.000;144.000;0;;;
8994388113242;;STIMUNO GRAPE FLAVOR 60ml;VITAMIN;TERUMO;-8;PCS;28.000;33.000;0;;;
8994388122978;;OXYVIT C+;OBAT;DEXA MEDICA;-7;STRIP;6.800;12.000;0;;;
8994388123265;;RAMIPIL 5mg;OBAT;OGB;-4;STRIP;3.500;7.000;0;;;
8994388130140;;STIMUNO ORIGINAL FLAVOR 60ML;VITAMIN;TERUMO;9;PCS;28.000;33.000;0;;;
8994388145939;;RHINOS SDROP 10ML;OBAT;TERUMO;-2;BOTOL;78.000;84.000;0;;;
8994388145946;;RHINOS JUNIOR;SIRUP;DEXA MEDICA;-15;PCS;68.000;75.000;0;;;
8994388170177;;DEXA M 0,75MG;OBAT;DEXA MEDICA;408;STRIP;1.300;4.500;0;;;
8994388180299;;NIFEDIPINE 10mg;OBAT;OGB;32;STRIP;1.700;5.000;0;;;
8994388180732;;CAPTROPIL 12,5mg;OBAT;OGB;186;STRIP;1.100;3.500;0;;;
8994388181029;;BISOPROLOL FUMARATE 5mg;OBAT;OGB;17;STRIP;3.400;8.000;0;;;
8994388181043;;GLIQUIDONE 30mg;OBAT;OGB;8;STRIP;12.500;17.500;0;;;
8994388181081;;METHYLPREDNISOLONE 4mg;OBAT;OGB;2.781;STRIP;1.800;5.000;0;;;
8994388181104;;METHYLPREDNISOLONE 16MG;OBAT;DEXA MEDICA;-12;STRIP;6.800;13.000;0;;;
8994388181401;;CLOPIDOGREL BISULFATE 75mg;OBAT;OGB;20;STRIP;7.500;12.000;0;;;
8994448820059;;WHITENING GOLD FACE SERUM 20 ML;SERUM WAJAH;NO MEREK;2;BOTOL;12.800;18.000;0;;;
8994448820066;;FEMININE INTIMATE SPRAY 20 ML;ANTISEPTIC;NO MEREK;2;BOTOL;16.200;20.000;0;;;
8994448820073;;ALOE VERA MOISTURE GEL MANGKOK 100 ML;GEL;NO MEREK;1;PCS;19.500;25.000;0;;;
8994448820080;;ALOE VERA PEELING GEL 130 ML;GEL;NO MEREK;1;BOTOL;17.000;22.000;0;;;
8994448820295;;EXFOLIATING GEL DNA SALMON 130 ML;GEL;NO MEREK;1;BOTOL;17.000;23.000;0;;;
8994448820318;;EXFLOATING GEL Y&G;GEL;NO MEREK;0;BOTOL;17.000;23.000;0;;;
8994448820370;;SUNSCREEN Y & G SPF 50;SUNCREEN;NO MEREK;2;BOTOL;27.200;32.000;0;;;
8994448833011;;SUNSCREEN MADAMGIE SPF 30 KUNING 50 ML;SUNCREEN;MADAM QIE;7;BOTOL;22.000;29.000;0;;;
8994451720063;;MADU GURAH AL FIAT 60 ML;MADU;NO MEREK;2;BOTOL;20.000;30.000;0;;;
8994453710000;;NUTRIFLAKES 30 GR;MADU;NO MEREK;5;BOTOL;88.000;100.000;0;;;
8994455780643;;EYELINER PINKFLASH ITEM;EYELINER;NO MEREK;33;PCS;13.100;20.000;0;;;
8994455780650;;EYELINER PINKFLASH BROWN;EYELINER;PINKFLASH;16;PCS;13.100;20.000;0;;;
8994455850001;;ETAWALIN 200 GR;MADU;NO MEREK;-22;BOX;85.000;98.000;0;;;
8994460553041;;SCORA SALICYLIC ACID 75ML;FACIAL FOAM;SCORA;5;BOTOL;30.000;40.000;0;;;
8994460553058;;FACIAL FOAM SCORA D-PANTHENOL 100 ML;FACIAL FOAM;SCORA;5;BOTOL;35.000;40.000;0;;;
8994460553201;;SCORA TUNE UP CREAM 30 GR;PELEMBAB;SCORA;0;BOTOL;28.000;35.000;0;;;
8994460553218;;SUNSCREEN SCORA SPF 40;SUNCREEN;SCORA;3;BOTOL;33.000;42.000;0;;;
8994461020009;;MINOSEP KUMUR 60 ML;OBAT KUMUR;NO MEREK;0;BOTOL;23.000;28.000;0;;;
8994461020016;;MINOSEP 200ML;CAIRAN;NO MEREK;8;BOTOL;42.000;48.000;0;;;
8994472000014;;MINYAK CAP KAPAK 3ml;MINYAK ANGIN;PT YAHI UTAMA;29;PCS;5.800;10.000;0;;;
8994472000021;;MINYAK CAP KAPAK 5ML;MINYAK ANGIN;PANTENE;15;PCS;10.300;15.000;0;;;
8994472000038;;MINYAK CAP KAPAK 10ML;MINYAK ANGIN;PANTENE;42;PCS;16.100;20.000;0;;;
8994472000045;;MINYAK KAPAK 14ML;MINYAK ANGIN;PT YAHI UTAMA;3;BOTOL;21.000;25.000;0;;;
8994472000052;;MINYAK ANGIN CAP KAPAK 28 ML;MINYAK ANGIN;PANTENE;26;BOTOL;35.000;40.000;0;;;
8994472000069;;MINYAK ANGIN CAP KAPAK 56 ML;MINYAK ANGIN;NO MEREK;1;BOTOL;65.000;70.000;0;;;
8994487120134;;CAVIPLEX SUPLEMEN MAKAN;VITAMIN;ERLA;289;STRIP;6.300;10.000;0;;;
8994523121040;;SERUM VENON UNGU;SERUM RAMBUT;VENON;-1;BOTOL;54.700;60.000;0;;;
8994523121231;;VENON HAIR TREATMENT COAT ITEM 160 ML;VITAMIN RAMBUT;VENON;0;BOTOL;54.700;60.000;0;;;
8994523122115;;VENON SERUM RAMBUT PINK 125ML;SERUM RAMBUT;VENON;-3;BOTOL;56.500;63.000;0;;;
8994523122122;;VENON HAIR SERUM UNGU 125ML;SERUM RAMBUT;VENON;-1;BOTOL;56.500;63.000;0;;;
8994554001045;;OXYCAN;ALKES;NO MEREK;3;BOTOL;45.000;60.000;0;;;
8994568145445;;DERMOVEL CREAM 0,1 % 5GR;SALEP;PT FERRON;-1;TUBE;40.000;50.000;0;;;
8994573000050;;NEUROBION;VITAMIN;PT MERCK;0;PCS;25.000;30.000;0;;;
8994573000807;;SANGOBION KAPSUL ISI 10;OBAT;PT MERCK;347;STRIP;19.800;24.000;0;;;
8994573590162;;NEUROBION FORTE;VITAMIN;PT MERCK;23;PCS;42.000;49.000;0;;;
8994573590261;;SANGOBION SYRUP 250ML;OBAT;PT AFI FARMA;0;BOTOL;39.500;45.000;0;;;
8994591006782;;ZAM-BUK 8 GR;OBAT;PT BAYER;6;PCS;17.000;21.000;0;;;
8994591006898;;BEPANTHEN BABY OINTMENT 10GR;SALEP;BAYER;1;TUBE;47.500;55.000;0;;;
8994591007109;;CANESTEN CREAM 5g;SALEP;CANESTEN;35;PCS;27.000;32.000;0;;;
8994591007116;;TONIKUM BAYER SYRUP 330ML;OBAT;PT BAYER;-3;BOTOL;30.000;35.000;0;;;
8994591007123;;TONIKUM BAYER SYRUP 100ML;OBAT;PT BAYER;8;BOTOL;14.500;19.000;0;;;
8994591010017;;CDR RASA JERUK MANDARIN 10TABLET;VITAMIN;CDR;-15;PCS;40.000;50.000;0;;;
8994591020047;;REDOXON ISAP ISI 2;OBAT;BAYER;-2;STRIP;8.500;11.000;0;;;
8994591070011;;REDOXON TRIPLE ACTION 10TABLET;VITAMIN;REDOXON;-19;PCS;40.000;45.000;0;;;
8994591090026;;BEPANTHEN BABY 20g;SALEP;BAYER;-3;PCS;63.000;70.000;0;;;
8994591120013;;ZAMBUK 25GR;OBAT OLES;PT BAYER;-2;PCS;35.000;40.000;0;;;
8994591190016;;INCIDAL ISI 4;OBAT;PT ACTAVIS;-720;PCS;17.300;21.000;0;;;
8994705042989;;GOLIATH POWER;CUKUR;GILLETTE;-51;PCS;3.000;7.000;0;;;
8994707000062;;FEMINIME 60ML;PEMBERSIH;FEMIGIENE;-2;PCS;20.000;25.000;0;;;
8994707002592;;PROSIX TABLET 10MG;OBAT;PT ETERCON;3;STRIP;13.000;18.000;0;;;
8994757000999;;LANADEXON 0,5mg;OBAT;LANDSON;18;STRIP;1.400;4.000;0;;;
8994757001651;;ONDANSENTRON HCI 4mg;OBAT;LANDSON;36;STRIP;3.500;6.500;0;;;
8994757001668;;ONDANSETRON HCI 8mg;OBAT;LANDSON;29;STRIP;4.500;12.000;0;;;
8994757002498;;LANAMOL 500mg;OBAT;LANDSON;-27;STRIP;2.800;6.500;0;;;
8994757002627;;ADROME 10mg;OBAT;LANDSON;5;STRIP;5.000;10.000;0;;;
8994805003064;;AMLODIPINE BESILATE 5mg;OBAT;HEXPHARM;1.276;STRIP;2.500;5.500;0;;;
8994805003163;;AMLODIPINE BESILATE 10mg;OBAT;HEXPHARM;1.973;STRIP;4.500;8.500;0;;;
8994805010765;;BINTAMOX 500mg;OBAT;KALBE;318;STRIP;5.300;12.000;0;;;
8994805022058;;CEFTRIAXONE SODIUM 1g;INJEK;HEXPHARM;306;PCS;6.000;15.000;0;;;
8994805022461;;CIPROFLOXACIN HCI 500mg;OBAT;HEXPHARM;-19;STRIP;4.400;9.000;0;;;
8994805023451;;CETIRIZINE HCL HJ;OBAT;HEXPHARM;115;STRIP;2.000;6.000;0;;;
8994805030152;;DANASONE 0,5mg;OBAT;KALBE;48;STRIP;1.000;4.000;0;;;
8994805051263;;FENOFIBRATE 300MG;OBAT;HEXPHARM;2;PCS;18.000;23.000;0;;;
8994805090163;;LAMBUCID SYR 100ML;OBAT;KALBE;-3;BOTOL;9.500;14.000;0;;;
8994805091757;;LANSOPRAZOLE KAPSUL 30mg HJ;OBAT;HEXPHARM;75;STRIP;7.200;12.000;0;;;
8994805092075;;LAMBUCID TABLET;OBAT;HEXPHARM;90;PCS;2.500;6.000;0;;;
8994805101463;;METFORMIN HCL 500mg;OBAT;HEXPHARM;1.184;STRIP;1.900;5.000;0;;;
8994805140462;;RANITIDINE HCL 150mg;OBAT;HEXPHARM;538;STRIP;2.100;5.000;0;;;
8994805151666;;SIMVASTATIN 10mg;OBAT;HEXPHARM;473;STRIP;1.800;5.000;0;;;
8994805152069;;SPASMINAL;OBAT;KALBE;134;STRIP;9.400;14.000;0;;;
8994873000019;;SUNTIKAN KB CYCLOFEM;OBAT;PT TUNGGAL;-6;PCS;5.000;20.000;0;;;
8994873000163;;THROMBOPHIO GEL 20g;SALEP;THROMBOGEL ;3;PCS;55.000;65.000;0;;;
8994873000200;;THROMBOGEL GEL 10g;SALEP;THROMBOGEL ;-12;PCS;45.000;51.000;0;;;
8994873000408;;SALEP BABYCARE 20 GR;SALEP;PT TUNGGAL;3;PCS;22.000;28.000;0;;;
8994887001446;;DERMAFIX 10X25 CM;ALKES;ONE MED;-12;PCS;11.000;18.000;0;;;
8994887007264;;ULTRAFIX UK 5CMX5CM;ALKES;NO MEREK;-26;BOX;13.000;20.000;0;;;
8994887008711;;DOUBLE SPIKE 7CM;ALKES;ONE MED;9;PCS;3.000;10.000;0;;;
8994902001550;;SPONS BEDAK BAYI LUSTY BUNNY;SPON;CANDY;41;PCS;7.000;10.000;0;;;
8994902017797;;TEMPAT BEDAK BAYI ISI 1;AKSESORIS;NO MEREK;14;PCS;8.900;13.500;0;;;
8994902017803;;TEMPAT BEDAK BAYI ISI 2;TEMPAT BEDAK BAYI;VANVIN;7;PCS;14.200;20.000;0;;;
8994902018886;;COTTON BUDS BABY LUSTY BUNNY;COTTON BUDS;NO MEREK;2;PCS;4.000;6.500;0;;;
8994942001824;;XL PROFESSIONNEL SPA REGENERATING 125ml;SERUM RAMBUT;XL;-4;PCS;70.000;75.000;0;;;
8994942002388;;SHAMPOO KUDA  UNGU 350ML;SAMPO;VIENNA;3;PCS;36.700;42.000;0;;;
8994942002395;;SHAMPOO KUDA PINK 350ML;SAMPO;VIENNA;3;PCS;37.000;42.000;0;;;
8994942002418;;SAMPO KUDA NOURISH DAN REPAIR;SAMPO;VIENNA;-5;BOTOL;36.700;42.000;0;;;
8994942004702;;SHAMPOO KUDA BIRU 350ML;SHAMPOO&CONDITIONER;VIENNA;0;PCS;32.000;36.000;0;;;
8994942031449;;ACNE PACK;AKSESORIS;NO MEREK;1;PCS;28.500;33.000;0;;;
8994993000029;;FACIAL FOAM GARNIER PURE ACTIVE 100ML;FACIAL FOAM;GARNIER;4;BOTOL;19.500;25.000;0;;;
8994993001187;;GARNIER SAKURA WHITE SACHET;FACIAL FOAM;GARNIER;125;PCS;4.600;7.000;0;;;
8994993001194;;GARNIER LIGHT COMPLATE SACHET;FACIAL FOAM;GARNIER;65;PCS;4.600;7.500;0;;;
8994993001323;;GARNIER MEN OIL CONTROL 3in1 CHARCOAL 100ml;FACIAL FOAM;GARNIER;18;PCS;25.000;30.000;0;;;
8994993001378;;GARNIER MENS OIL CONTROL 50 ML;FACIAL FOAM;GARNIER;-4;BOTOL;15.000;20.000;0;;;
8994993002429;;GARNIER PELEMBAB KUNING SIANG TUBE 20 ML;PELEMBAB;GARNIER;2;PCS;22.000;27.000;0;;;
8994993002672;;CREAM GARNIER SASET MALAM KUNING;PELEMBAB;GARNIER;55;PCS;5.500;8.000;0;;;
8994993009015;;FF GARNIER KUNING VIT C SUPER WHIP;FACIAL FOAM;GARNIER;3;PCS;22.500;27.000;0;;;
8994993009534;;GARNIER SAKURA GLOW FASIAL FOAM 100ML;FACIAL FOAM;GARNIER;5;BOTOL;22.500;28.000;0;;;
8994993010004;;GARNIER SERUM KUNING;SERUM WAJAH;GARNIER;9;PCS;20.000;22.000;0;;;
8994993011377;;GARNIER BOOSTER SERUM VITAMIN C 30ML;SERUM WAJAH;GARNIER;-2;PCS;75.000;80.000;0;;;
8994993011476;;SUNSCREEN GARNIER SASETS SUPER UV MATTE 15ML;SUNCREEN;GARNIER;1;PCS;35.000;40.000;0;;;
8994993011575;;GARNIER BOOSTER SERUM 7,5ML;SERUM WAJAH;GARNIER;-4;PCS;20.000;22.000;0;;;
8994993013845;;GARNIER MICELLAR CLEANSING WATER VIT. C 125ML;FACE CLEANCER;GARNIER;13;PCS;24.000;30.000;0;;;
8994993015153;;FACIAL FOAM GARNIER 3IN1 ANTI ACNE 90 ML;FACIAL FOAM;GARNIER;-2;BOTOL;16.000;20.000;0;;;
8994993018222;;FACE WASH GARNIER BRIGHT ANTI ACNE 100 ML;FACIAL FOAM;GARNIER;1;BOTOL;23.000;28.000;0;;;
8994993019656;;MECELLAR GARNIER BIRU SALICYLIC BHA 125 ML;FACE CLEANCER;GARNIER;10;BOTOL;26.500;31.000;0;;;
8994993023325;;SUNSCREEN GARNIER KUNING 30 ML;SUNCREEN;GARNIER;0;BOTOL;57.000;65.000;0;;;
8995026302417;;XL PROFESSIONEL SPA INUIGORATING 125ml;SERUM RAMBUT;XL;-2;PCS;67.000;77.000;0;;;
8995026302424;;XL PROFESSIONNEL SPA REUITALIZING 125ml;SERUM RAMBUT;XL;-1;PCS;67.000;77.000;0;;;
8995026305906;;XL PROFESSIONNEL HAIR SMOOTHIE MASK GRAPE&BLUEBERRY;HAIR MASK;XL;-11;PCS;5.900;10.000;0;;;
8995026305913;;XL PROFESSIONNEL STRAWBERRY&RASPBERRY;MASKER;XL;-11;PCS;5.900;10.000;0;;;
8995026305920;;XL PROFESSIONNEL HAIR SMOOTHIE MASK OEASH&KIWI;HAIR MASK;XL;-13;PCS;6.000;10.000;0;;;
8995026801019;;BEDAK MARCKS CREME;BEDAK TABUR;KIMIA FARMA;44;PCS;18.200;23.000;0;;;
8995026801026;;BEDAK MARCKS PUTIH;BEDAK TABUR;KIMIA FARMA;27;PCS;18.400;23.000;0;;;
8995026801033;;BEDAK MARCKS ROSE;BEDAK TABUR;KIMIA FARMA;26;PCS;18.200;23.000;0;;;
8995026801040;;SALICYL KF 60g;BEDAK GATAL;KIMIA FARMA;53;PCS;8.400;12.000;0;;;
8995026802016;;BATUGIN ELIXIR SYRUP 300ML;OBAT;PT KIMIA FARMA;-2;BOTOL;40.000;50.000;0;;;
8995026806038;;BATUGIN ELIXIR SYRUP 120ML;OBAT;PT KIMIA FARMA;4;BOTOL;32.500;38.000;0;;;
8995026806137;;BEDAK MARCK POWDER CREME;BEDAK ;MARSCKS;0;PCS;20.000;28.000;0;;;
8995026806144;;BEDAK MARCK BEAUTY POWDER WHITE 20 GR;BEDAK ;MARSCKS;0;PCS;20.000;25.000;0;;;
8995026806151;;BEDAK MARCK TABUR KOTAK PINK;BEDAK TABUR;KIMIA FARMA;1;PCS;22.500;27.000;0;;;
8995026806168;;BEDAK MARCK POWDER KOTAK INVISIBLE;BEDAK TABUR;KIMIA FARMA;0;PCS;22.000;27.000;0;;;
8995026806175;;BEDAK MARCK BEAUTY POWDER KOTAK NATURAL BEIGE;BEDAK TABUR;KIMIA FARMA;-1;PCS;20.000;28.000;0;;;
8995026806182;;BEDAK MARCKS INVISIBLE;BEDAK TABUR;KIMIA FARMA;9;PCS;19.200;23.000;0;;;
8995026806199;;BEDAK MARCKS NATURAL BEIGE;BEDAK ;MARSCKS;14;PCS;18.200;23.000;0;;;
8995026806212;;ASIFIT ISI 30 KAPLET;OBAT;KIMIA FARMA;5;BOX;66.000;72.000;0;;;
8995026806274;;MARCKS COMPACT POWDER PINK 12g;BEDAK PADAT;MARSCKS;0;PCS;20.000;26.000;0;;;
8995026806281;;MARSCKS COMPACT POWDER PUTIH;BEDAK PADAT;MARSCKS;-4;PCS;18.500;23.000;0;;;
8995026806298;;COMPACT MARCKS TEENS CREME;BEDAK PADAT;MARSCKS;2;PCS;22.500;28.000;0;;;
8995026806304;;MARCKS TEENS COMPACT POWDER;BEDAK ;MARSCKS;1;PCS;22.500;28.000;0;;;
8995026806311;;MARCKS COMPACK POWDER NATURAL BEIGE 12g;BEDAK PADAT;MARSCKS;-2;PCS;22.500;28.000;0;;;
8995026807417;;ENKASARI HERBAL SYRUP 120ML;OBAT;PT KALBE FARMA;-2;BOTOL;20.000;25.000;0;;;
8995027903934;;KAMPER TOILET;PENGHARUM;NO MEREK;6;PCS;8.000;11.000;0;;;
8995028200414;;PINCET EMAS CASANDRA;JARUM;CASANDRA;6;PCS;3.200;8.000;0;;;
8995028208953;;MASCARA CASANDRA;MASCARA;CASANDRA;1;BOTOL;20.000;25.000;0;;;
8995102800448;;SAFE CARE AROMATHERAPY 10ML;OBAT;PT SURABAYA;93;PCS;13.500;18.000;0;;;
8995102800738;;SAFE CARE HOT 10 ML;MINYAK ANGIN;PT SURABAYA;-1;BOTOL;13.500;18.000;0;;;
8995103900123;;SISMAX SIRUP 60 ML;OBAT;PT METISKA;1;BOTOL;18.000;23.000;0;;;
8995151110116;;MUSTIKA RATU MASKER BENGKUANG;MASKER WAJAH;MUSTIKA RATU ;-6;PCS;9.200;12.000;0;;;
8995151110321;;CREAM MASKER MUSTIKA RATU TUBE 125 GR;MASKER;MUSTIKA RATU ;5;BOTOL;29.200;33.000;0;;;
8995151110437;;MUSTIKA RATU KREM MASKER 60g;MASKER WAJAH;MUSTIKA RATU ;0;PCS;17.500;22.000;0;;;
8995151120115;;MUSTIKA RARU MINYAK ZAITUN 175ml;MINYAK ZAITUN;MUSTIKA RATU ;25;PCS;28.400;34.000;0;;;
8995151120917;;MUSTIKA RATU MINYAK ZAITUN 75ml;MINYAK ZAITUN;MUSTIKA RATU ;117;PCS;18.500;23.000;0;;;
8995151130121;;MUSTIKA RATU HAIR OIL CEMCEMAN 175ML;MINYAK RAMBUT;MUSTIKA RATU ;-3;PCS;21.000;26.000;0;;;
8995151130138;;MUSTIKA RATU HAIR TONIC 175ML;HAIR TONIC;MUSTIKA RATU ;-3;PCS;20.000;25.000;0;;;
8995151220808;;PARFUM PUTERI PINK 245 ML;PARFUM;MUSTIKA RATU ;-3;BOTOL;23.500;29.000;0;;;
8995151220907;;PARFUM PUTERI UNGU 245ML;PARFUM;MUSTIKA RATU ;-3;BOTOL;23.500;29.000;0;;;
8995177800022;;JAMU PASAK BUMI;JAMU;PT SINGA BANTENG;20;PCS;2.400;5.000;0;;;
8995177800053;;KAPSUL PASAK BUMI ISI 24;JAMU;PT SINGA BANTENG;1;DUS;25.000;30.000;0;;;
8995179500029;;SHAMPO METAL FORTIS 100ML;SAMPO;FORTIS;5;PCS;16.400;22.000;0;;;
8995179500388;;SAMPO METAL KECIL 60 ML;SAMPO;NO MEREK;1;BOTOL;9.200;12.000;0;;;
8995179500715;;SABUN PAPAYA FORTIS 85 GR;SABUN BATANG;NO MEREK;11;PCS;8.000;12.500;0;;;
8995179500722;;SABUN TIMUN FORTIS BATANG 85G;SABUN BATANG;FORTIS;51;PCS;8.500;12.500;0;;;
8995201800011;;COUNTERPAIN CREAM 15g;SALEP;COUNTERPAIN;7;PCS;27.000;32.000;0;;;
8995201800028;;COUNTERPAIN CREAM 30g;SALEP;COUNTERPAIN;4;PCS;42.000;47.000;0;;;
8995201800035;;COUNTERPAIN 60MG;SALEP;COUNTERPAIN;-5;PCS;60.000;70.000;0;;;
8995201800042;;COUNTERPAIN COOL CREAM 15 GR;SALEP;PT THAISO;-9;TUBE;26.000;31.000;0;;;
8995201800080;;TEMPRA DROP 15ML;OBAT;PT THAISO;-11;BOTOL;47.000;55.000;0;;;
8995201800097;;TEMPRA SYRUP 60ML;OBAT;PT THAISO;-16;BOTOL;44.000;50.000;0;;;
8995201800141;;TEMPRA FORTE 60ML;OBAT;PT THAISO;-26;BOTOL;48.000;55.000;0;;;
8995201800707;;COUNTERPAIN CREAM 120g;SALEP;COUNTERPAIN;-2;PCS;95.000;100.000;0;;;
8995201800974;;TEMPRA SIRUP 30ML;OBAT;PT TAISO;56;BOTOL;24.000;30.000;0;;;
8995201801605;;TEMPRA FORTE STRAWBERRY 30 ML;OBAT;PT TEMPO SCAN;0;BOTOL;26.000;31.000;0;;;
8995201801612;;TEMPRA FORTE STRAWBERRY 60ML;OBAT;PT THAISO;0;BOTOL;47.000;53.000;0;;;
8995201801636;;TEMPRA FORTE SYRUP 60 ML RASA ANGGUR;OBAT;PT TAISO;13;BOTOL;47.500;53.000;0;;;
8995201801650;;TEMPRA DROP STRAWBERRY;OBAT;PT TAISO;0;BOTOL;46.000;55.000;0;;;
8995205300654;;SPON BEDAK BAYI;SPON;NO MEREK;-36;PCS;6.300;10.000;0;;;
8995225801032;;URANG-ARING 100ML;MINYAK RAMBUT;URANG-ARING;90;PCS;12.500;16.000;0;;;
8995225801049;;MINYAK ORANG ARING FORA 65 ML;MINYAK RAMBUT;URANG-ARING;71;BOTOL;9.900;13.500;0;;;
8995225801063;;MINYAK KEMIRI 65ML;MINYAK RAMBUT;JAMU;26;PCS;12.100;16.000;0;;;
8995226900055;;ZENIREX SYRUP 60ML;OBAT;PT BAYER;6;BOTOL;7.500;12.000;0;;;
8995226900062;;TRIOCID SIRUP 60 ML;OBAT;ZENITH;5;BOTOL;7.000;12.000;0;;;
8995226900277;;COLDREXIN SYR 60ML;OBAT;ZENITH;-8;BOTOL;8.500;13.000;0;;;
8995226900291;;FLUMIN TABLET;OBAT;ZENITH;54;STRIP;4.200;9.000;0;;;
8995227500124;;LARUTAN CAP KAKI TIGA 200 ML;JAMU;KINO;191;BOTOL;3.100;6.000;0;;;
8995227500261;;LARUTAN CAP KAKI TIGA 500ML;CAIRAN;KINO;82;BOTOL;6.500;8.500;0;;;
8995227700104;;BUFANTACID FORTE 60ML;OBAT;BUFA;12;BOTOL;10.000;15.000;0;;;
8995227700241;;BUFANTACID TABLET;OBAT;ZENITH;-9;PCS;3.000;5.000;0;;;
8995228500215;;DULCOLACTOL SYP 60ML;OBAT;PT AVENTIS PHARMA;-3;BOTOL;65.000;73.000;0;;;
8995228500338;;DULCOLAX ISI 10 5 mg;OBAT;SANOFI;-6;PCS;17.000;22.000;0;;;
8995232700052;;MELANOX CREAM 15g;SALEP;SDM;12;PCS;35.000;40.000;0;;;
8995232700069;;PABANOX SUNBLOCK CREAM 20g;SALEP;PABANOX;-3;PCS;52.000;60.000;0;;;
8995232700151;;PARASOL SPF 33 SUNSCREEN CREAM;CREAM WAJAH;PT SURYA DERMATO MEDICA;1;PCS;65.000;75.000;0;;;
8995232700243;;KLODERMA SALEP COKLAT 5GR;SALEP;PT SURYA DERMATO MEDICA;1;PCS;37.500;42.000;0;;;
8995232700250;;KLODERMA COKLAT 0,05% 10GR;SALEP;PT SURYA DERMATO MEDICA;-7;PCS;37.500;43.000;0;;;
8995232700274;;SALEP KLODERMA  IJO  0,05%;SALEP;PT SURYA DERMATO MEDICA;-2;PCS;37.500;42.000;0;;;
8995232700281;;SALEP KLODERMA IJO 10 GR;SALEP;PT SURYA DERMATO MEDICA;-7;PCS;37.500;45.000;0;;;
8995232700403;;KETOMED CREAM 2%;SALEP;PT SURYA DERMATO MEDICA;-6;TUBE;29.000;36.000;0;;;
8995232700427;;KETOMED 60ML;SAMPO;KETOMED;7;PCS;47.500;54.000;0;;;
8995232700472;;BENZOLAC CL AGNE GEL;SALEP;PT SURYA DERMATO MEDICA;2;PCS;36.000;40.000;0;;;
8995232700526;;MEDI-KLIN GEL OREN 15 GR;SALEP;PT SURYA DERMATO MEDICA;-1;PCS;28.000;33.000;0;;;
8995232700540;;MEDI-KLIN TR GEL 15g;SALEP;SDM;-3;PCS;47.000;55.000;0;;;
8995232700557;;NIACEF GEL 4% 15GR;GEL;PT SURYA DERMATO MEDICA;2;TUBE;34.000;40.000;0;;;
8995232700564;;VITACID CREAM 0,025%;CREAM WAJAH;PT SURYA DERMATO MEDICA;2;PCS;29.000;36.000;0;;;
8995232700588;;VITACID CREAM 0,05 % 20 GR;CREAM WAJAH;PT SURYA DERMATO MEDICA;3;PCS;44.000;48.000;0;;;
8995232700601;;VITACID CREAM 0,1%;SALEP;PT SURYA DERMATO MEDICA;0;PCS;48.000;55.000;0;;;
8995232700656;;REFAQUIN 15g;SALEP;SDM;27;PCS;72.000;82.000;0;;;
8995232700670;;VITAQUIN CREAM 5% 15g;SALEP;SDM;47;PCS;72.000;81.000;0;;;
8995232700700;;BENZOLAC 2 1/2%;SALEP;SDM;-15;PCS;17.000;22.000;0;;;
8995232700724;;BENZOLAC 5%;SALEP;PT SURYA DERMATO MEDICA;-5;PCS;21.000;28.000;0;;;
8995232702056;;REFAQUIN 10g;SALEP;SDM;0;PCS;48.000;55.000;0;;;
8995858192620;;MIXAGRIP FLU&BATUK;OBAT;KALBE;43;PCS;3.400;4.500;0;;;
8995858999991;;MIXAGRIP FLU;OBAT;KALBE;113;PCS;3.000;4.000;0;;;
8996200900023;;HEROCYN BESAR 150g;BEDAK GATAL;HEROCYN;15;PCS;16.000;21.000;0;;;
8996200900030;;HEROCYN BABY POWDER 200g;BEDAK TABUR;HEROCYN;8;PCS;12.100;18.000;0;;;
8996200900047;;HEROCYN BABY POWDER 100g;BEDAK GATAL;HEROCYN;12;BOTOL;8.000;13.000;0;;;
8996200900085;;BEDAK HEROCYN DEWASA  50g;BEDAK GATAL;HEROCYN;70;PCS;7.700;12.000;0;;;
8996200900092;;HEROCYN 85g;BEDAK GATAL;HEROCYN;36;PCS;12.000;16.500;0;;;
8996200900177;;HALMEZIN SYRUP 100ML;OBAT;PT CORONET CROWN;2;BOTOL;29.000;35.000;0;;;
8996200900658;;DEMACOLIN SYRUP 60ML;OBAT;;-3;BOTOL;17.000;22.000;0;;;
8996838100567;;NELLCO SPESIAL OBH P.E 55ML;OBAT;NELLCO;-16;PCS;19.000;26.000;0;;;
8996838101014;;NELLCO SPECIAL OBH P.E 100ML;OBAT;NELLCO;2;PCS;26.000;35.000;0;;;
8996838101762;;NELLCO SAET 7,5ML;OBAT;NELLCO;-10;PCS;1.200;2.000;0;;;
8996838161056;;RHEUMASON MINYAK ANGIN 10 ML;MINYAK ANGIN;NELLCO;3;BOTOL;10.500;14.000;0;;;
8996838181061;;RHEUMASON AROMATHERAPY 10 ML;MINYAK ANGIN;NELLCO;3;BOTOL;10.500;14.000;0;;;
8996838201004;;OBH NELLCO SYR 100ML;OBAT;NELLCO;-5;PCS;13.000;20.000;0;;;
8996838210556;;OBH NELLCO 55ML;OBAT;NELLCO;-11;PCS;9.500;15.000;0;;;
8996838302008;;RHEUMASON INHALER;ALAT MAKE UP;NELLCO;-6;PCS;9.500;13.000;0;;;
8996838396014;;BEDAK SALICYL NELLCO ORANGE 60 GR;BEDAK ;NELLCO;-3;BOTOL;5.100;8.000;0;;;
8996838396021;;NELLCO BEDAK SALICYL COKLAT 60 GR;BEDAK ;NELLCO;-3;BOTOL;5.100;8.000;0;;;
8996838510182;;NELLCO CLASSIC GEL RHEUMASON 30g;OBAT OLES;NELLCO;-2;PCS;8.000;13.000;0;;;
8996838600029;;NELLCO SPECIAL OBH HERBAL SIRUP 55ML;OBAT;NELLCO;-11;BOTOL;16.700;23.000;0;;;
8996838741197;;NELLCO CLASSIC CREAM RHEUMASON;OBAT OLES;NELLCO;0;PCS;15.000;20.000;0;;;
8996838900006;;NELLCO GUMMY MINT;OBAT;NELLCO;0;PCS;7.800;10.000;0;;;
8996838901003;;NELLCO GUMMY BUAH;OBAT;NELLCO;-5;PCS;7.800;10.000;0;;;
8996838920066;;BEDAK SALICYL NELLCO PINK 60 GR;BEDAK ;NELLCO;-7;BOTOL;7.000;10.000;0;;;
8996838920165;;BEDAK SALICYL NELLCO BIRU 60 GR;BEDAK ;NELLCO;-5;BOTOL;7.000;10.000;0;;;
8996871704128;;EMKANADRYL DMP SYRUP 100ML;OBAT;PT MUDITA KURNIA;6;BOTOL;15.500;20.000;0;;;
8997001270032;;TAY PIN SAN JAMU;OBAT;JAMU;27;PCS;1.700;6.500;0;;;
8997001270346;;TAY PIN SAN CAIR;OBAT;JAMU;-8;PCS;3.000;5.000;0;;;
8997001300036;;ASETON 60ML;PEMBERSIH;ASETON;183;PCS;9.200;13.000;0;;;
8997002880032;;DUMIN SIRUP 60 ML;OBAT;PT ACTAVIS;2;BOTOL;32.000;38.000;0;;;
8997002880056;;DUMIN;OBAT;PT ACTAVIS;-11;STRIP;7.300;12.000;0;;;
8997002900013;;SARI KURNMA AL-JAZIRA 360g;MADU;AL JAZIRA;-13;PCS;21.000;28.000;0;;;
8997002900808;;SARI KURMA ANGKAK&DAUN JAMBU BIJI 460g;MADU;SANIYYA;-1;PCS;45.000;70.000;0;;;
8997004320710;;VALENNO FACIAL FOAM PAPAYA 100ML;FACIAL WASH;VALENNO;6;PCS;17.400;22.000;0;;;
8997004325241;;CULTUSIA CREAMBATH LIDAH BUAYA 500ml;CREAMBATH;CULTUSIA;-1;PCS;32.500;37.000;0;;;
8997004325258;;CREAMBATH CULTUSIA GINSENG 500 ML;CREAMBATH;CULTUSIA;0;BOTOL;28.000;33.000;0;;;
8997004325265;;CULTUSIA CREAMBATH AVOCADO 500ml;CREAMBATH;CULTUSIA;0;PCS;29.000;33.000;0;;;
8997004325289;;CULTUSIA CREAMBATH STRAWBEEY 500ml;CREAMBATH;CULTUSIA;1;PCS;32.500;37.000;0;;;
8997004325418;;CREAMBATH CULTUSIA COCOA 500ML;CREAMBATH;CULTUSIA;0;PCS;29.000;34.000;0;;;
8997004326644;;CREAMBATH CULTUSIA KIWI 500 ML;CREAMBATH;CULTUSIA;4;PCS;32.500;37.000;0;;;
8997004326927;;CULTUSIA ASH BLONDE;CAT RAMBUT;CULTUSIA;23;PCS;12.100;15.000;0;;;
8997004326996;;CULTUSIA BLEACHING POWDER;CAT RAMBUT;CULTUSIA;16;PCS;13.400;16.000;0;;;
8997004327061;;CULTUSIA COLOUR LIGHT BLONDE;CAT RAMBUT;CULTUSIA;31;PCS;12.100;15.000;0;;;
8997004970069;;OBH TROPICA PLUS ANAK RASA STROBERI 60 ML;OBAT;PT TROPICA;-1;BOTOL;20.000;24.000;0;;;
8997004970298;;OBH TROPICA ANAK STRAWBERRY 60 ML;OBAT;PT TROPICA;-2;BOTOL;19.000;24.000;0;;;
8997004970311;;OBH TROPICA ANAK JERUK 60 ML;OBAT;PT TROPICA;3;BOTOL;20.000;24.000;0;;;
8997005990035;;HAPPY TALCUM POWDER 150g;BEDAK TABUR;HAPPY;108;PCS;7.500;11.000;0;;;
8997005990448;;HAPPY KEMIRIKU MINYAK RAMBUT 100ml;MINYAK RAMBUT;HAPPY;33;PCS;11.500;15.000;0;;;
8997005990745;;SHAMPO KEMIRIKU 100ML;SAMPO;HAPPY;0;BOTOL;10.000;14.000;0;;;
8997005991261;;HAIR TONIC EKSTRAK GINSENG KEMIRIKU 125ML;HAIR TONIC;NO MEREK;-2;BOTOL;20.000;25.000;0;;;
8997005991599;;HAIR TONIC KEMIRIKU ALOEVERA 125ML;HAIR TONIC;NO MEREK;2;BOTOL;20.000;25.000;0;;;
8997005992220;;HAPPY KEMIRKU EXTRA LIDAH BUAYA 100ml;MINYAK RAMBUT;HAPPY;29;BOTOL;11.500;15.000;0;;;
8997005993128;;SHAMPOO KEMIRIKU LIDAH BUAYA 100ML;SAMPO;HAPPY;1;BOTOL;10.500;15.000;0;;;
8997006970555;;HEXAVASK 5MG;OBAT;KALBE;24;PCS;5.500;10.000;0;;;
8997006970562;;HEXAVASK 10MG;OBAT;HEXPHARM;67;PCS;9.000;14.000;0;;;
8997007270005;;TISU MAGIC MERAH;TISSU;NO MEREK;145;PCS;1.700;4.500;0;;;
8997008190159;;SP TROCHES STROBERI;OBAT;MEIJI;-9;PCS;14.000;19.000;0;;;
8997008581667;;TURMAK KAPSUL;JAMU;JAMU;-3;PCS;25.000;30.000;0;;;
8997008670651;;FION SPRAY 135 ML;MINYAK RAMBUT;NO MEREK;0;BOTOL;45.500;52.000;0;;;
8997008670835;;FION 30 ML;VITAMIN RAMBUT;NO MEREK;8;BOTOL;14.200;20.000;0;;;
8997008671894;;BRASOV EYELINER PENCIL;EYELINER;BRASOV;-6;PCS;4.000;8.000;0;;;
8997008672037;;BLASH ON BRASOV NO 01;EYESHADOW/BLUSHON/CONTOUR/HIGHLITER;BRASOV;-12;PCS;13.500;20.000;0;;;
8997008672044;;BLASH ON BRASOV NO 02;EYESHADOW/BLUSHON/CONTOUR/HIGHLITER;BRASOV;-1;PCS;13.400;20.000;0;;;
8997008672327;;LEM BULU MATA BRASOV PUTIH;LEM BULU MATA;BRASOV;-6;BOTOL;13.400;18.000;0;;;
8997008672617;;LEM BULU MATA BRASOV ITEM;LEM BULU MATA;BRASOV;1;BOTOL;13.400;18.000;0;;;
8997009230014;;CITOCETIN 60ML;OBAT;CIUBROS FARMA ;5;BOTOL;7.000;13.000;0;;;
8997009230038;;SALICYL BEDAK CITO WITH PARFUME;BEDAK ;SALICYL;12;BOTOL;5.300;9.000;0;;;
8997009230045;;SALICYL BEDAK WITH MENTHOL 50g;BEDAK GATAL;CITO;102;PCS;6.400;10.000;0;;;
8997009230137;;CTM CITO;OBAT;CITO;25;STRIP;1.000;4.000;0;;;
8997009230175;;GOM 8ml;OBAT;CITO;58;PCS;4.000;8.000;0;;;
8997009230199;;SALEP BISUL ICHTIYOL- ZALF;SALEP;EXELTIS;112;PCS;6.500;11.000;0;;;
8997009250067;;CUKA APEL TAHESTA 320 ML;JAMU;NO MEREK;5;BOTOL;46.000;52.000;0;;;
8997010310156;;CALLUSOL CAIRAN OBAT LUAR 10ml;CAIRAN;CALLUSOL;-7;PCS;32.500;39.000;0;;;
8997010310620;;YRINS ISI 2;OBAT;PT HARSEN;3;PCS;17.000;24.000;0;;;
8997011200050;;DECADRYL SYRUP 60ML;OBAT;PT HARSEN;4;BOTOL;15.500;20.000;0;;;
8997011200067;;DECADRYL SYRUP 120ML;OBAT;PT BAYER;7;BOTOL;27.500;33.000;0;;;
8997011200531;;ANDALAN PIL KB;PIL KB;ANDALAN;1.673;PCS;6.200;9.000;0;;;
8997011370449;;KAPSIDA KEMBANG BULAN 350g;JAMU;JAMU;-5;PCS;16.500;22.000;0;;;
8997011394117;;SABUN ROSE BATANG 75 gr;SABUN BATANG;ROSE;27;PCS;8.200;12.000;0;;;
8997011394797;;EYELINER SPIDOL QL;EYELINER;QL;1;PCS;30.000;37.000;0;;;
8997011394827;;MASCARA QL 8ML;MASCARA;QL;-49;PCS;35.500;40.000;0;;;
8997011394971;;QL WATERPOOFT EYELINER 8ML;EYELINER;QL;-4;PCS;32.000;37.000;0;;;
8997011394988;;EYELINER QL KUAS 8ML;EYELINER;QL;1;BOTOL;33.000;38.000;0;;;
8997011395688;;SABUN COLLAGEN BATANG 85G;SABUN BATANG;COLLAGEN;3;PCS;7.000;10.000;0;;;
8997011396418;;COLLAGEN SERUM 30ml;SERUM WAJAH;COLLAGEN;-3;BOTOL;20.000;25.000;0;;;
8997011396425;;TONER COLLAGEN 115ML;TONER;COLLAGEN;-1;BOTOL;10.000;16.000;0;;;
8997011396944;;SABUN KOLAGEN;SABUN BATANG;COLLAGEN;14;PCS;9.200;12.000;0;;;
8997012330213;;INFLASON TABLET;OBAT;PT BERLICO;233;STRIP;2.300;6.000;0;;;
8997012330220;;LICOKALK SUPLEMEN MAKAN;VITAMIN;BERLICO;63;STRIP;2.700;6.000;0;;;
8997012330640;;ANACETINE SYR 60ML;OBAT;BERLICO;37;BOTOL;9.500;14.000;0;;;
8997012330657;;ANABION SYR 60ML;VITAMIN;PT BERLICO;-4;PCS;7.500;12.000;0;;;
8997012850056;;STROCAIN P 400mg;OBAT;EISAI;-10;STRIP;23.500;28.000;0;;;
8997013070019;;PILKITA;OBAT;PT MADURASA;210;PCS;2.000;3.000;0;;;
8997013142020;;ACNE CREAM 88;SALEP;NO MEREK;-1;TUBE;24.600;30.000;0;;;
8997013146288;;SARIJEL 5GR;SALEP;NO MEREK;2;TUBE;25.000;30.000;0;;;
8997013148688;;SALEP 88;SALEP;88;338;PCS;12.800;15.000;0;;;
8997013148886;;LUKAJEL 10 GR;SALEP;NO MEREK;2;TUBE;19.600;26.000;0;;;
8997014050010;;ULTRAFLU;OBAT;PT HENSON FARMA;361;PCS;3.100;4.500;0;;;
8997014050096;;SALEP ULTRASILINE 5g;SALEP;ULTRASILINE;10;PCS;9.600;14.000;0;;;
8997014050225;;ULTRAFLU-PE;OBAT;PT HENSON FARMA;-351;PCS;3.200;4.000;0;;;
8997014402031;;CREAM TEMULAWAK SUSUN THE FACE;CREAM WAJAH;TEMULAWAK;3;PCS;20.000;26.000;0;;;
8997014402048;;FACE TONER TEMULAWAK THE FACE 125ML;FACE TONIC;TEMULAWAK;21;BOTOL;17.500;25.000;0;;;
8997014402284;;SERUM TEMULAWAK THE FACE 20 ML;SERUM WAJAH;TEMULAWAK;17;BOTOL;24.500;30.000;0;;;
8997014402796;;FACIAL FOAM TEMULAWAK THE FACE 100ML;FACIAL FOAM;TEMULAWAK;18;BOTOL;20.000;25.000;0;;;
8997014402833;;TONER ROSE;TONER;ROSE;0;PCS;10.000;15.000;0;;;
8997014402949;;THE FACE ALOEVERA 300ML;PELEMBAB;PT CRESSINDO;-1;PCS;40.000;45.000;0;;;
8997016221326;;PARFUM MORRIS CUTE BELING 50 ML;PARFUM;MORRIS;1;BOTOL;15.000;20.000;0;;;
8997016221333;;PARFUM MORRIS ELEGANT 50 ML;PARFUM;MORRIS;-1;BOTOL;15.000;20.000;0;;;
8997016221340;;PARFUM MORRIS FASHION BELING 50 ML;PARFUM;MORRIS;0;BOTOL;15.000;20.000;0;;;
8997016221357;;PARFUM MORRIS FREH 50 ML;PARFUM;MORRIS;-1;BOTOL;15.000;20.000;0;;;
8997016221364;;PARFUM MORRIS TRENDY BELING 50 ML;PARFUM;MORRIS;-1;BOTOL;15.000;20.000;0;;;
8997016221524;;PARFUM MORRIS NATURE IJO 110 ML;PARFUM;MORRIS;0;BOTOL;27.000;32.000;0;;;
8997016221548;;PARFUM MORRIS MARINE BIRU 110 ML;PARFUM;MORRIS;0;BOTOL;27.000;32.000;0;;;
8997016221562;;PARFUM MORRIS PARADISE UNGU 110 ML;PARFUM;MORRIS;0;BOTOL;27.000;32.000;0;;;
8997016221777;;PARFUM MORRIS CREATIVE 100ML;PARFUM;MORRIS;0;BOTOL;26.500;33.000;0;;;
8997016221784;8997016221784;PARFUM MORIS METROPOLIS 100ML;PARFUM;MORRIS;-1;BOTOL;28.000;33.000;0;;;
8997016221791;;PARFUM MORRIS FREEDOM 100ML;PARFUM;MORRIS;0;BOTOL;26.500;33.000;0;;;
8997016222255;;PARFUM MORRIS FLORAL EDITION UNGU 150 ML;PARFUM;MORRIS;0;BOTOL;20.000;25.000;0;;;
8997016222279;;PARFUM MORRIS PINK GARDEN 150 ML;PARFUM;MORRIS;1;BOTOL;20.000;25.000;0;;;
8997016222286;;PARFUM MORRIS NIGHT QUEEN 150 ML;PARFUM;MORRIS;0;BOTOL;20.000;25.000;0;;;
8997016222583;;PARFUM MORRIS INDEPENDENT 100ML;PARFUM;MORRIS;0;BOTOL;28.000;33.000;0;;;
8997016222590;;PARFUM MORRIS VINTAGE 100ML;PARFUM;MORRIS;0;BOTOL;27.000;33.000;0;;;
8997016222767;;PARFUM MORRIS TRAVEL EDITION PARIS 100 ML;PARFUM;MORRIS;-2;BOTOL;28.000;33.000;0;;;
8997016222781;8997016222781;PARFUM MORRIS BALI 100ML;PARFUM;MORRIS;0;BOTOL;26.500;33.000;0;;;
8997016223078;;PARFUM MORRIS THE UNIVERSE 50 ML;PARFUM;MORRIS;2;BOTOL;15.000;20.000;0;;;
8997016223085;;PARFUM MORRIS INFINITE SPACE 50 ML;PARFUM;MORRIS;1;BOTOL;15.000;20.000;0;;;
8997016223092;;PARFUM MORRIS BELING COSMIC FANTASY 50 ML;PARFUM;MORRIS;0;BOTOL;15.000;20.000;0;;;
8997016223108;;PARFUM MORRIS BELING GOLDEN SPARKLE 50ML;PARFUM;MORRIS;0;BOTOL;15.000;20.000;0;;;
8997016223115;;PARFUM MORRIS BELING RUBY LOVE 50 ML;PARFUM;MORRIS;1;BOTOL;14.000;20.000;0;;;
8997016223122;;PARFUM MORRIS BELING SHOOTING STAR 50 ML;PARFUM;MORRIS;0;BOTOL;15.000;20.000;0;;;
8997016223313;;PARFUM MORRIS SURRISE ME 110 ML;PARFUM;MORRIS;0;BOTOL;27.000;32.000;0;;;
8997016223689;;PARFUM MORRIS BLACK EDITION OUD 100ML;PARFUM;MORRIS;1;BOTOL;30.000;36.000;0;;;
8997016223696;;MORRIS AMBER BLACK EDITION 100ML;PARFUM;MORRIS;0;BOTOL;30.000;36.000;0;;;
8997016223702;;MORRIS AQUATIC BLACK EDITION 100ML;PARFUM;MORRIS;0;BOTOL;30.000;36.000;0;;;
8997016223719;;MORRIS PARFUM BLACK EDITION WOODY 100ML;PARFUM;MORRIS;0;BOTOL;30.500;36.000;0;;;
8997016223856;;PARFUM MORRIS BLACK EDITION MUSKY 100ML;PARFUM;MORRIS;0;BOTOL;30.000;36.000;0;;;
8997016370161;;MIRANDA MC-14 GOLDEN BROWN;CAT RAMBUT;MIRANDA;103;PCS;13.000;16.000;0;;;
8997016370178;;MIRANDA MC-13 ROSE PURPLE;CAT RAMBUT;MIRANDA;17;PCS;13.000;16.000;0;;;
8997016370314;;MIRANDA MC-1 NATURAL BLACK;CAT RAMBUT;MIRANDA;352;PCS;13.000;16.000;0;;;
8997016370321;;MIRANDA MC-2 BLUE;CAT RAMBUT;MIRANDA;22;PCS;13.000;16.000;0;;;
8997016370338;;MIRANDA MC-3 RED AS FIRE;CAT RAMBUT;MIRANDA;9;PCS;12.000;16.000;0;;;
8997016370345;;MIRANDA MC-4 ORANGE;CAT RAMBUT;MIRANDA;14;PCS;10.700;16.000;0;;;
8997016370352;;MIRANDA MC-PINK;CAT RAMBUT;MIRANDA;5;PCS;13.000;16.000;0;;;
8997016370369;;MIRANDA MC-6 BLEACHING;CAT RAMBUT;MIRANDA;253;PCS;13.000;16.000;0;;;
8997016370376;;MIRANDA MC-7 FLOWERINESS RED;CAT RAMBUT;MIRANDA;47;PCS;12.000;16.000;0;;;
8997016370383;;MIRANDA MC-8 VIOLET RED;CAT RAMBUT;MIRANDA;53;PCS;13.000;16.000;0;;;
8997016370390;;MIRANDA MC-9 BROWN;CAT RAMBUT;MIRANDA;1;PCS;13.000;16.000;0;;;
8997016370406;;MIRANDA MC-10 WINE RED;CAT RAMBUT;MIRANDA;28;PCS;11.000;16.000;0;;;
8997016370413;;MIRANDA MC-11 GREEN;CAT RAMBUT;MIRANDA;5;PCS;11.400;16.000;0;;;
8997016370420;;MIRANDA MC-12 YELLOW;CAT RAMBUT;MIRANDA;27;PCS;11.000;16.000;0;;;
8997016371243;;BODY BUTTER HERBORIST MANGO 80 GR;BODY BUTTER;HERBORIST;0;BOTOL;17.000;21.000;0;;;
8997016371618;;HERBORIST LULUR TRADISIONAL BALI PAPAYA 100g;LULUR;HERBORIST;1;PCS;12.500;16.000;0;;;
8997016371625;;HERBORIST LULUR TRADISIONAL BALI MILK EXCTRACT 100g;LULUR;HERBORIST;-5;PCS;13.500;17.000;0;;;
8997016371632;;HERBORIST LULUR TRADISIONAL BALI BENGKUANG 100g;LULUR;HERBORIST;2;PCS;13.500;18.000;0;;;
8997016371649;;HERBORIST LULUR TRADISIONAL ROSE 100g;LULUR;HERBORIST;-1;PCS;11.700;16.000;0;;;
8997016371656;;HERBORIST LULU BALI TRADISIONAL STRAWBERRY 100g;LULUR;HERBORIST;-2;PCS;13.500;18.000;0;;;
8997016371663;;HERBORIST LULUR TRADISIONAL BALI CHOCOLATE 100g;LULUR;HERBORIST;1;PCS;12.500;16.000;0;;;
8997016372080;;LULUR HERBORIST AVOCADO 100 GR;LULUR;HERBORIST;0;PCS;13.500;17.000;0;;;
8997016372271;;LULUR HERBORIST KIWI 100 GR;LULUR;HERBORIST;0;PCS;12.100;16.000;0;;;
8997016372356;;LULUR BALI MILK 200GR;LULUR;HERBORIST;2;PCS;22.500;27.000;0;;;
8997016372363;;LULUR HERBORIST BENGKOANG 200GR;LULUR;HERBORIST;-3;PCS;22.300;27.000;0;;;
8997016372370;;LULUR BALI ROSE 200GR;LULUR;HERBORIST;-1;PCS;21.700;25.000;0;;;
8997016372387;;LULUR BALI STRAWBERRY 200GR;LULUR;HERBORIST;3;PCS;22.300;27.000;0;;;
8997016372424;;LULUR HERBORIST GREEN TEA 200 GR;LULUR;HERBORIST;0;PCS;21.700;25.000;0;;;
8997016372431;;LULUR HERBORIST KIWI 200 GR;LULUR;HERBORIST;0;PCS;22.000;25.000;0;;;
8997016372905;;HERBORIST MINYAK ZAITUN 150ml;MINYAK ZAITUN;HERBORIST;12;PCS;26.500;32.000;0;;;
8997016373223;;BODY BUTTER HERBORIST ZAITUN 80 GR;BODY BUTTER;HERBORIST;1;BOTOL;17.000;21.000;0;;;
8997016373810;;MIRANDA MC-15 BLUE BLACK;CAT RAMBUT;MIRANDA;17;PCS;11.700;16.000;0;;;
8997016373841;;LULUR BALI HERBORIST ZAITUN 100GR;LULUR;HERBORIST;2;PCS;13.500;17.000;0;;;
8997016373858;;LULUR BALI ZAITUN 200GR;LIPSTIK/LIPCREAM/LIPTIN/LIPBLAM;HERBORIST;-1;PCS;19.600;25.000;0;;;
8997016374121;;BODY BUTTER HERBORIST COKLAT 80 GR;BODY BUTTER;HERBORIST;1;BOTOL;17.000;21.000;0;;;
8997016376163;;BODY BUTTER STRAWBERY HERBORIST 80 GR;BODY BUTTER;HERBORIST;1;BOTOL;17.000;21.000;0;;;
8997016377757;;MIRANDA MC-16 ASH BLONDE;CAT RAMBUT;MIRANDA;48;PCS;13.000;16.000;0;;;
8997016378877;;HERBORIST BODY LOTION ZAITUN NATURAL ANTIOKSIDAN 145ml;BODY LOTION;HERBORIST;-2;PCS;16.300;22.000;0;;;
8997016379362;;MIRANDA MC-17 DARK BROWN;CAT RAMBUT;MIRANDA;97;PCS;13.000;16.000;0;;;
8997016379379;;MIRANDA MC-18 COFFE;CAT RAMBUT;MIRANDA;47;PCS;12.500;16.000;0;;;
8997016379386;;MIRANDA HAIR COLOR 19;CAT RAMBUT;MIRANDA;29;PCS;11.300;16.000;0;;;
8997016379829;;HERBORIST ALOEVERA GEL 100g;PELEMBAB;HERBORIST;1;PCS;20.000;25.000;0;;;
8997016379928;;HERBORIST ALOE VERA MANGKOK;HAIR LOTION;HERBORIST;0;PCS;45.000;50.000;0;;;
8997016511359;;ALCO FLU BATUK SYRUP 100;OBAT;PT ITRASAL;5;BOTOL;36.000;45.000;0;;;
8997016630272;;FACE POWDER INEZ NATURAL (01 );BEDAK TABUR;INEZ;0;PCS;56.000;62.000;0;;;
8997016630296;;FACE POWDER BEIGE ( 10 );BEDAK TABUR;INEZ;1;PCS;56.000;62.000;0;;;
8997016630319;;CORRECTING CREAM MEDIUM ( 02 );FOUNDATION;INEZ;0;PCS;63.000;68.000;0;;;
8997016630913;;LIQUID FOUNDATION INEZ NATURAL (01);FOUNDATION;INEZ;0;BOTOL;68.000;75.000;0;;;
8997016630920;;LIQUID FOUNDATION INEZ IVORY (09);FOUNDATION;INEZ;0;BOTOL;68.000;75.000;0;;;
8997016630937;;LIQUID FOUNDATION INEZ BEIGE (10);FOUNDATION;INEZ;0;BOTOL;68.000;75.000;0;;;
8997016630975;;INEZ PRECIOUS POWDERY CAKE NATURAL;BEDAK PADAT;INEZ;-4;PCS;60.000;66.000;0;;;
8997016630999;;COMPACT INEZ NO 10;BEDAK PADAT;INEZ;-1;PCS;60.000;66.000;0;;;
8997016631002;;INEZ POWDERY CAKE NATURAL REFILL 12g;BEDAK PADAT;INEZ;10;PCS;39.000;48.000;0;;;
8997016631019;;INEZ POWDERY CAKE IVORY REFILL 12g;BEDAK PADAT;INEZ;4;PCS;42.800;47.000;0;;;
8997016631026;;INEZ POWDER CAKE BEIGE REFILL 12g;BEDAK PADAT;INEZ;-2;PCS;38.000;47.000;0;;;
8997016631248;;REFIL INEZ MISTYROSE NO 03;BEDAK PADAT;INEZ;0;PCS;42.800;47.000;0;;;
8997016631392;;REFILL INEZ NO 04;BEDAK ;INEZ;1;PCS;42.800;47.000;0;;;
8997016631613;;CORRECTING CREAM INEZ VIVID ( 03 );FOUNDATION;INEZ;0;PCS;63.000;68.000;0;;;
8997016631620;;COMPACT INEZ NO 05;BEDAK PADAT;INEZ;-1;PCS;60.000;66.000;0;;;
8997016631637;;REFILL INEZ CASHMERE(05);BEDAK ;INEZ;3;PCS;42.500;47.000;0;;;
8997017641789;;PARFUM EVANGELINE ELLE 100 ML;PARFUM;EVANGELINE;-1;BOTOL;10.000;33.000;0;;;
8997017641796;;PARFUM EVANGELINE WHITE SAKURA 100 ML;PARFUM;EVANGELINE;1;BOTOL;27.000;34.000;0;;;
8997017641802;;PARFUM EVANGELINE BLACK SAKURA 100 ML;PARFUM;EVANGELINE;1;BOTOL;27.500;33.000;0;;;
8997017641819;;EVANGELINE BLUE SAKURA 100ml;PARFUM;EVANGELINE;-1;BOTOL;10.000;33.000;0;;;
8997017641826;;PARFUM EVANGELINE RED SAKURA 100ML;PARFUM;EVANGELINE;1;BOTOL;27.000;34.000;0;;;
8997017641833;;PARFUM EVANGELINE PINK SAKURA 100ML;PARFUM;EVANGELINE;0;BOTOL;27.000;34.000;0;;;
8997017642878;;PARFUM EVANGELINE BLACK MUSK 100ML;PARFUM;EVANGELINE;0;BOTOL;30.000;35.000;0;;;
8997017642939;;EVANGELINE BLACK VANIA 100ml;PARFUM;EVANGELINE;0;BOTOL;10.000;33.000;0;;;
8997017642946;;PARFUM EVANGELINE CHERRY BLOSSOM 100 ML;PARFUM;EVANGELINE;0;BOTOL;28.000;33.000;0;;;
8997017643325;;EVANGELINE BABY POWDER 100ml;PARFUM;EVANGELINE;2;BOTOL;27.000;34.000;0;;;
8997018250133;;AMH SUSU KAMBING ETAWA RASA JAHE;MADU;NO MEREK;0;BOX;19.000;25.000;0;;;
8997018510022;;SALEP TRANSPULMIN KIDS 10 GR;SALEP;PT MEDIFARMA ;7;PCS;47.000;52.000;0;;;
8997018510046;;BALSEM TRANSPULMIN BABY 10g;SALEP;MEDA PHARMA ;4;PCS;47.000;52.000;0;;;
8997018511166;;TRANSPULMIN BAYI 5GR;SALEP;MEDA PHARMA ;0;TUBE;25.000;30.000;0;;;
8997020780901;;CESSA BABY KUNING;MINYAK GOSOK;NO MEREK;1;BOTOL;30.000;37.000;0;;;
8997020781052;;CESSA BABY NOSE 8ML;OBAT;SARAKAMANDIRI SEMESTA;6;BOTOL;30.000;37.000;0;;;
8997020781090;;CESSA BABY MERAH 8ML;MINYAK GOSOK;NO MEREK;3;BOTOL;30.000;37.000;0;;;
8997020781106;;CESSA BABY IJO;MINYAK GOSOK;NO MEREK;1;BOTOL;32.000;37.000;0;;;
8997021250342;;KENSHIN;OBAT PEGEL;KENSHIN;-2;PCS;12.000;15.000;0;;;
8997021400013;;SQUALEN 100 SOFTGEL;OBAT;PT INTRA;1;BOTOL;33.000;40.000;0;;;
8997021870014;;FRASHCARE CITRUS 10ML;OBAT;PT ULTRA SAKTI;26;PCS;10.000;14.000;0;;;
8997021870052;;FRESHCARE GREEN TEA 10 ML;MINYAK ANGIN;FRESH;0;BOTOL;11.000;14.000;0;;;
8997021870090;;FRESHCARE LAVENDER 10 ML;MINYAK ANGIN;FRESH;0;BOTOL;11.000;14.000;0;;;
8997021870137;;FRESHCARE SPLASH FRUITY 10 ML;MINYAK ANGIN;FRESH;1;BOTOL;10.000;14.000;0;;;
8997021870151;;FRESHCARE STRONG 10ML;OBAT;PT ULTRA SAKTI;-364;PCS;10.000;14.000;0;;;
8997021870328;;HOT IN CREAM 120g;OBAT OLES;HOT IN CREAM;10;PCS;26.000;32.000;0;;;
8997021870403;;HOT IN CREAM AROMA THERAPY BOTOL 120 GR;MINYAK GOSOK;HOT IN CREAM;5;BOTOL;20.000;23.000;0;;;
8997021870540;;HOT IN CREAM PUTIH 60g;OBAT OLES;HOT IN CREAM;25;PCS;17.500;15.000;0;;;
8997021870564;;HOT IN CREAM 120g;OBAT OLES;HOT IN CREAM;34;PCS;27.500;33.000;0;;;
8997021870571;;HOT IN CREAM TUBE PUTIH 60 GR;OBAT OLES;HOT IN CREAM;-1;BOTOL;17.500;22.000;0;;;
8997021870595;;HOT IN CREAM AROMA THERAPY 60g;OBAT OLES;HOT IN CREAM;-2;PCS;14.000;18.000;0;;;
8997021870656;;HOTIN DCL 60 GR;CREAM KAKI;HOT IN CREAM;3;BOTOL;20.000;25.000;0;;;
8997021870663;;HOT IN CREAM DCL 30 GR;SALEP;HOT IN CREAM;3;BOTOL;17.500;22.000;0;;;
8997021870687;;WELMOVE ISI 5;OBAT;MY WELL;-2;STRIP;14.000;20.000;0;;;
8997021870861;;FITBES FORCE KAPLET;OBAT;MY WELL;-9;STRIP;14.000;18.000;0;;;
8997021870892;;HOT IN CREAM STRONG 120g;OBAT OLES;HOT IN CREAM;22;PCS;26.000;32.000;0;;;
8997021870908;;HOT IN CREAM STRONG 60g;OBAT OLES;HOT IN CREAM;44;PCS;17.500;22.000;0;;;
8997021871097;;FRESH CARE MINYAK KAYU PUTIH;MINYAK ANGIN;PT ULTRA SAKTI;4;BOTOL;10.000;14.000;0;;;
8997021871295;;HOTIN CREAM STRONG 120g;SALEP;HOT IN CREAM;-11;PCS;28.000;33.500;0;;;
8997021871448;;WELMOVE ULTRA ISI 5;OBAT;MY WELL;7;STRIP;14.600;20.000;0;;;
8997021871516;;FRESH CARE HOT ROLL ON 10ML;MINYAK ANGIN;PT ULTRA SAKTI;477;BOTOL;10.000;14.000;0;;;
8997021871547;;MADU TJ HITAM PAHIT 250 GR;MADU;PT ULTRA SAKTI;0;BOTOL;36.000;45.000;0;;;
8997021872117;;MY WELL VITAMIN D3;VITAMIN;PT ULTRA SAKTI;-6;BOTOL;17.000;23.000;0;;;
8997021872186;;FRESH CARE EUCALYPTUS PATCH;PENGHARUM;FRESH;-6;PCS;10.100;10.000;0;;;
8997021872889;;BEBIO ESSENTIAL OIL 9ML;MINYAK ANGIN;ULTRASAKTI;2;BOTOL;22.000;28.000;0;;;
8997021873114;;FRESH CARE SMASH MERAH;MINYAK ANGIN;PT ULTRA SAKTI;17;PCS;10.500;15.000;0;;;
8997021873220;;FRESHCARE MATCHA HIJAU;MINYAK ANGIN;FRESH;20;BOTOL;10.500;15.000;0;;;
8997021873916;;FRESH CARE SMASH FRUITY;MINYAK ANGIN;PT ULTRA SAKTI;10;BOTOL;10.500;15.000;0;;;
8997021873992;8997021873992;freshcare vapobalm matcha 10gr;MINYAK ANGIN;FRESH;4;BOTOL;12.000;15.000;0;;;
8997021874111;8997021874111;FreshCare VapoBalm Sakura 10gr;MINYAK ANGIN;FRESH;3;BOTOL;12.000;15.000;0;;;
8997023140634;;QIANSOTO MILK&STRAWBERRY;MASKER WAJAH;QIANSOTO;-7;PCS;7.200;11.000;0;;;
8997023140641;;QIANSOTO FRUIT&VEGETABLE;MASKER WAJAH;QIANSOTO;-4;PCS;7.200;11.000;0;;;
8997023140658;;QIANSOTO HONEY;MASKER WAJAH;QIANSOTO;-5;PCS;7.500;11.000;0;;;
8997023140665;;QIANSOTO OLIVE OIL;MASKER WAJAH;QIANSOTO;-7;PCS;7.500;11.000;0;;;
8997023140801;;QIANSOTO GOLD;MASKER WAJAH;QIANSOTO;-6;PCS;7.500;11.000;0;;;
8997023141242;;QIANSOTO BENGKUANG BEUTY MASK;MASKER WAJAH;QIANSOTO;-10;PCS;7.200;11.000;0;;;
8997023142751;;SIELLA EYEBROW PENCIL;PENSIL ALIS;SIELLA;-7;PCS;4.200;10.000;0;;;
8997023142966;;LEM BULU MATA PUTIH EYE TALK;LEM BULU MATA;EYE TALK;-6;PCS;9.200;14.000;0;;;
8997023142973;;LEM BULU MATA HITAM EYE TALK;LEM BULU MATA;EYE TALK;46;PCS;13.400;20.000;0;;;
8997024490424;;RICE MILK SOAP THAI;SABUN BATANG;THAI;-13;PCS;7.800;13.000;0;;;
8997024492732;;SABUN THAI GOASTS MILK 50G;SABUN BATANG;THAI;14;PCS;7.800;12.500;0;;;
8997024498376;;SABUN BATANG KOJIE-SAN;SABUN BATANG;KOJIE SAN;-4;PCS;12.500;19.000;0;;;
8997024499168;;SABUN SUSU DOMBA THAILAND;SABUN BATANG;THAI;-20;PCS;7.800;12.500;0;;;
8997025200008;;ANDALAN LAKTASI;PIL KB;ANDALAN;85;PCS;10.700;15.000;0;;;
8997025200824;;FIESTA DELAY ISI 3;ANTISEPTIC;FIESTA;0;DUS;10.500;15.000;0;;;
8997025201227;;SUTRA BIRU GERIGI ISI 12;ANTISEPTIC;SUTRA;12;BOX;25.000;32.000;0;;;
8997025201470;;FIESTA BLACK COFFE ISI 3;ANTISEPTIC;FIESTA;0;DUS;10.500;15.000;0;;;
8997027050021;;HABBATUSSAUDA CAP KURMA AJWA ISI 100;OBAT;NO MEREK;4;BOTOL;39.000;50.000;0;;;
8997027050083;;HABBATUSSAUDA CAP KURMA AJWA;OBAT;NO MEREK;2;BOTOL;43.000;53.000;0;;;
8997027050090;;SARI KURMAKU 330 GR;OBAT;NO MEREK;1;BOTOL;23.000;30.000;0;;;
8997027050106;;SARI KURMA AL MADINAH 365 GR;MADU;NO MEREK;2;BOTOL;23.800;30.000;0;;;
8997027050175;;JINTEN HITAM HABASYAH ISI 100 KAPSUL;OBAT;NO MEREK;1;BOTOL;69.000;80.000;0;;;
8997027050182;;JINTEN HITAM HABASYAH ISI 50 KAPSUL;OBAT;NO MEREK;2;BOTOL;38.000;50.000;0;;;
8997027080059;;MINYAK CENGKEH 30ML;MINYAK GOSOK;NO MEREK;2;BOTOL;18.000;30.000;0;;;
8997027080066;;MINYAK SEREH 30ML;MINYAK URUT;JAMU;1;PCS;16.000;22.000;0;;;
8997028301382;;OTTO ADULT DIAPERS UKURAN L;PAMPERS;OTO;78;PCS;8.200;12.000;0;;;
8997028900660;;SABUN BERAS SUSU 60G;SABUN BATANG;K.BROTHSIS;37;PCS;7.100;11.000;0;;;
8997028982185;;GENTIAN VIOLET 10ml;OBAT;CIUBROS FARMA ;38;PCS;3.800;8.000;0;;;
8997028985742;;RIVANOL 300 ML;ALKES;NO MEREK;23;BOTOL;7.000;15.000;0;;;
8997028988774;;BLOOD LANCETS;JARUM;ONE MED;3;PCS;12.000;20.000;0;;;
8997028988996;;TEST PECK ONE MED;TESPEK;PT JAYAMAS MEDICA;805;PCS;1.200;5.000;0;;;
8997028989788;;POVIDONE IODINE 60ML;ANTISEPTIC;ONE MED;-6;PCS;6.000;13.000;0;;;
8997028989825;;POVIDONE IODINE 30ML;ANTISEPTIC;ONE MED;2;BOTOL;6.000;10.000;0;;;
8997028989832;;POVIDONE IODINE 15ML;ANTISEPTIC;ONE MED;-6;PCS;3.500;7.000;0;;;
8997029000024;;CLARESTA TWO WAY CAKE CLASSIC NATURAL 15g;BEDAK PADAT;CLARESTA;-1;PCS;65.000;70.000;0;;;
8997032510015;;SYAMIL DATES HONEY 125ml;MADU;PT MITRA IHSAN SEJAHTERA;-2;PCS;17.000;23.000;0;;;
8997032510022;;SYAMIL DATES HONEY 200ml;MADU;PT MITRA IHSAN SEJAHTERA;0;PCS;23.000;30.000;0;;;
8997033690310;;NONI BLACK HAIR SHAMPOO;SAMPO;BSY;-1;PCS;23.000;26.000;0;;;
8997036060261;;MADU ANGKAK SYAFAAT 0001;MADU;PHS;-7;BOTOL;30.000;45.000;0;;;
8997050801515;;HAIR TONIC NR 200ML;HAIR TONIC;PT IKAPHARMINDO;1;BOTOL;64.000;72.000;0;;;
8997050802383;;DOT HUKI M;DOT;HUKI;123;PCS;6.100;11.000;0;;;
8997050802390;;DOT HUKI L;DOT;HUKI;325;PCS;5.600;12.000;0;;;
8997050802482;;DOT GEPENG HUKI S;DOT GEPENG;HUKI;100;PCS;7.000;12.000;0;;;
8997050802499;;DOT GEPENG HUKI M;DOT GEPENG;HUKI;78;PCS;7.000;12.000;0;;;
8997050802505;;DOT GEPENG HUKI L;DOT GEPENG;HUKI;70;PCS;7.000;12.000;0;;;
8997050803359;;DOT HUKI UK L;DOT;HUKI;-11;PCS;5.000;10.000;0;;;
8997050803380;;PHENERICA SYRUP 100ML;OBAT;PT KALBE FARMA;-4;BOTOL;20.000;25.000;0;;;
8997050803878;;BOTOL SUSU HUKI 240 ML;BOTOL;HUKI;43;BOTOL;25.900;34.000;0;;;
8997050803885;;BOTOL SUSU HUKI 120 ML;BOTOL;HUKI;18;BOTOL;24.200;32.000;0;;;
8997050804349;;BOTOL SUSU HUKI 60ml;BOTOL;HUKI;12;PCS;23.400;29.000;0;;;
8997081370516;;MECCA MADU HITAM PAHIT MECCA 500 GR;JAMU;SENTRA HERBAL;0;BOTOL;35.000;60.000;0;;;
8997081370653;;MECCA TROMBOFIT SARI KURMA MADU PLUS HERBAL 470 GR;JAMU;AL JAZIRA;1;BOTOL;35.000;70.000;0;;;
8997081370684;;MADU ANAK XANTHOME 150G;MADU;NO MEREK;0;BOTOL;20.000;24.000;0;;;
8997081370882;;TROMBOFIT SIRUP 280 GR;MADU;NO MEREK;-1;BOTOL;25.000;35.000;0;;;
8997081371001;;MADU SHERIN HONEYGRED 210GR;MADU;SENTRA HERBAL;3;BOTOL;45.000;75.000;0;;;
8997103800991;;RESIDA CAIR 10 ML;OBAT;BALATIF;2;BOTOL;9.000;12.000;0;;;
8997204960013;;OBAT ANAK SUMANG ISI 20 SASET;OBAT;NO MEREK;-252;PAK;18;10.000;0;;;
8997207556947;;LEM BULU MATA SALSA BENING;LEM BULU MATA;SALSA;18;BOTOL;13.400;20.000;0;;;
8997207556954;;LEM BULU MATA SALSA BLACK;LEM BULU MATA;NO MEREK;21;BOTOL;13.000;20.000;0;;;
8997207556961;;LEM BULU MATA SALSA WHITE;LEM BULU MATA;NO MEREK;12;BOTOL;14.200;20.000;0;;;
8997208071791;;SUNSCREEN GEL AZARINE SPF 45 IJO 50 ML;SUNCREEN;AZARINE;23;BOTOL;40.000;52.000;0;;;
8997208072132;;SUNSCREEN MIST SPF 50;SUNCREEN;AZARINE;3;BOTOL;50.000;55.000;0;;;
8997208072194;;SUNSCREEN AZARINE SPF 50 40 ML;SUNCREEN;AZARINE;1;BOTOL;40.000;50.000;0;;;
8997208072590;;SUNSCREEN AZARINE ACNE SPF 35;SUNCREEN;AZARINE;7;BOTOL;27.500;36.000;0;;;
8997208072606;;AZARINE SUNSCREEN MOISTURISER SPF 35;SUNCREEN;AZARINE;6;BOTOL;27.500;36.000;0;;;
8997208160044;;CAP BURUNG KAKA TUA 2ml;OBAT;KAKA TUA;13;PCS;12.300;18.000;0;;;
8997208160518;;SAMCOVIT SYR RASA JERUK 60ML;VITAMIN;PT SAMCO;-2;PCS;5.000;10.000;0;;;
8997210331463;;MADU PAHIT BUNGA MAHONI 500 GR;MADU;NO MEREK;0;BOTOL;54.000;80.000;0;;;
8997211040319;;VCO AL-FIAT VIRGIN COCONUT OIL 150ml;OBAT;CV AL-FIAT ;-2;PCS;50.000;60.000;0;;;
8997211620016;;SABUN BATANG TEMULAWAK NATURAL 80 GR;SABUN BATANG;TEMULAWAK;10;PCS;4.200;8.000;0;;;
8997211620023;;FACIAL FOAM TEMULAWAK100gr;FACIAL WASH;TEMULAWAK;91;PCS;18.800;25.000;0;;;
8997211620108;;TONER TEMULAWAK 100ML;TONER;TEMULAWAK;63;PCS;17.500;23.000;0;;;
8997211620139;;TEMULAWAK WHITENING SERUM 20ML;SERUM WAJAH;TEMULAWAK;70;PCS;25.900;32.000;0;;;
8997212290331;;PAKET SUDOM;CREAM WAJAH;SUDOM;4;PCS;35.000;70.000;0;;;
8997212420196;;VITABUMIN SYRUP 130 ML;OBAT;NO MEREK;8;BOTOL;52.000;60.000;0;;;
8997212450643;;MERMAID MASCARA DUYUNG 9ml;MASCARA;MERMAID;9;PCS;19.200;25.000;0;;;
8997212450667;;MERMAID EYELINER 9ml;EYELINER;MERMAID;26;PCS;18.800;25.000;0;;;
8997212450957;;MERMAID EYELINER ORANGE 9ml;EYELINER;MERMAID;-5;PCS;20.000;26.000;0;;;
8997214430377;;SABUN WALET BLACK BATANG 90G;SABUN BATANG;WALET;-5;PCS;5.000;10.000;0;;;
8997219160880;;PERBAN ELASTIS 10CMX4,5;ALKES;NO MEREK;19;PCS;13.000;20.000;0;;;
8997223540241;;TISSUE MAGIC BLACK;TISSU;SUPER MAGIC;-27;BOX;9.800;15.000;0;;;
8997223540951;;TISSUE SUPER MAGIC;TISSU;SUPER MAGIC;-1;BOX;9.800;15.000;0;;;
8997223660017;;SUPERHOID;OBAT;TRIMAN;39;PCS;6.000;9.000;0;;;
8997223660253;;CEBEVIT SUPLEMEN KESEHATAN;VITAMIN;TRIMAN;-2;STRIP;8.000;15.000;0;;;
8997224890048;;MINYAK BUT- BUT 60ml;OBAT OLES;PT WAHIDA ;4;PCS;24.000;30.000;0;;;
8997224910036;;ALOE VERA STB 130 ML;GEL;SYB;1;BOTOL;18.000;25.000;0;;;
8997224912641;;ALOE VERA MOISTURE GEL 100ML;BODY LOTION;NO MEREK;2;PCS;20.000;25.000;0;;;
8997225410542;;MASCARA XI XIU BLACK;MASCARA;XI XIU;-1;PCS;18.500;25.000;0;;;
8997225410849;;MASCARA XI XIU LOVELY;MASCARA;XI XIU;-2;PCS;19.000;25.000;0;;;
8997225411631;;EYESHADOW XI XIU KECIL;EYESHADOW/BLUSHON/CONTOUR/HIGHLITER;XI XIU;-6;PCS;17.500;25.000;0;;;
8997225411716;;XI XIU POWDER BLUSH A;EYESHADOW/BLUSHON/CONTOUR/HIGHLITER;XI XIU;-1;PAK;15.000;22.000;0;;;
8997225411723;;XI XIU POWDER BLUSH B;EYESHADOW/BLUSHON/CONTOUR/HIGHLITER;XI XIU;-1;PCS;15.000;22.000;0;;;
8997225411730;;XI XIU POWDER BLUSH C;EYESHADOW/BLUSHON/CONTOUR/HIGHLITER;XI XIU;4;PCS;15.000;22.000;0;;;
8997225411747;;XI XIU POWDER BLUSH D;EYESHADOW/BLUSHON/CONTOUR/HIGHLITER;XI XIU;3;PCS;15.000;22.000;0;;;
8997225412201;;DIVINE LIQUID XIXIU 1ML;EYELINER;XI XIU;11;PCS;18.400;25.000;0;;;
8997225412300;;MASCARA XI XIU DIVANE;MASCARA;XI XIU;-4;PCS;19.000;25.000;0;;;
8997225413109;;LIP SERUM XIXIU;LIPSTIK/LIPCREAM/LIPTIN/LIPBLAM;XI XIU;0;BOTOL;15.000;22.000;0;;;
8997225414472;;DIVINE LIQUID EYELINER XIXIU WITH STAMP;EYELINER;XI XIU;-2;PCS;20.000;26.000;0;;;
8997225414830;;MASCARA XI XIU ULTIMATE;MASCARA;XI XIU;-3;PCS;19.000;25.000;0;;;
8997225416681;;EYELINER XIXIU LOVELY;EYELINER;XI XIU;-5;PCS;14.200;20.000;0;;;
8997226220737;;HERBORIST LULUR ALOE VERA 100 GR;LULUR;HERBORIST;1;PCS;11.700;16.000;0;;;
8997226221789;;MIRANDA SUPER BLUE BLEACHING;CAT RAMBUT;MIRANDA;39;PCS;13.000;16.000;0;;;
8997226221802;;MIRANDA PASTEL SERIES MC-P1 TARO LATTE;CAT RAMBUT;MIRANDA;0;PCS;11.000;16.000;0;;;
8997226221819;;MIRANDA PASTEL SERIES MC-P2;CAT RAMBUT;MIRANDA;8;PCS;11.000;16.000;0;;;
8997226221826;;MIRANDA PASTEL SERIES MC-P3;CAT RAMBUT;MIRANDA;9;PCS;11.000;16.000;0;;;
8997226225190;;HERBORIST BODY SERUM RASPBERRY 180 ML;HAND&BODY LOTION;HERBORIST;6;BOTOL;21.500;27.000;0;;;
8997226225206;;HERBORIST BODY SERUM 180 ML;HAND&BODY LOTION;HERBORIST;1;BOTOL;20.200;27.000;0;;;
8997226225213;;HERBORIST BODY SERUM APEL 180 ML;HAND&BODY LOTION;HERBORIST;4;BOTOL;21.500;27.000;0;;;
8997226227965;;MIRANDA NO 20;CAT RAMBUT;MIRANDA;13;PCS;11.300;16.000;0;;;
8997226620025;;SURIA SNOW;PELEMBAB;SURIA SNOW;7;PCS;3.800;9.000;0;;;
8997226731172;;MONTANA GILETTE ISI 3;AKSESORIS;NO MEREK;-33;PCS;1.300;7.000;0;;;
8997230487089;;ALKOHOL SWAB ONEMED;ALKES;ONE MED;6.116;PCS;200;1.000;0;;;
8997230671051;;MOONDUST TEMPTATION MADAM GIE;EYESHADOW/BLUSHON/CONTOUR/HIGHLITER;MADAM QIE;2;PCS;22.500;30.000;0;;;
8997230671068;;MOONDUST TEMPTATION MADAM GIE;EYESHADOW/BLUSHON/CONTOUR/HIGHLITER;MADAM QIE;0;PCS;22.500;30.000;0;;;
8997230671716;;MOONDUST TEMPTATION MADAM GIE;EYESHADOW/BLUSHON/CONTOUR/HIGHLITER;MADAM QIE;1;PCS;22.500;30.000;0;;;
8997230671778;;MADAME GIE MADAME TO GO 01;EYESHADOW/BLUSHON/CONTOUR/HIGHLITER;MADAM QIE;-2;PCS;31.000;38.000;0;;;
8997230671785;;MADAME GIE MADAME TO GO 02;EYESHADOW/BLUSHON/CONTOUR/HIGHLITER;MADAM QIE;-3;PCS;30.000;38.000;0;;;
8997230671792;;MADAME GIE MADAME TO GO 03;EYESHADOW/BLUSHON/CONTOUR/HIGHLITER;MADAM QIE;-1;PCS;31.000;38.000;0;;;
8997230673512;;MADAME GIE ALWAYS ON 01;LIPSTIK/LIPCREAM/LIPTIN/LIPBLAM;MADAM QIE;-1;PCS;12.500;18.000;0;;;
8997230673529;;MADAM GIE ALWAYS ON 02;LIPSTIK/LIPCREAM/LIPTIN/LIPBLAM;MADAM QIE;-1;PCS;12.500;18.000;0;;;
8997230673536;;MADAQIE ALWAYS ON 03;LIPSTIK/LIPCREAM/LIPTIN/LIPBLAM;MADAM QIE;-1;PCS;12.500;18.000;0;;;
8997230673543;;MADAQIE ALWAYS ON 04;LIPSTIK/LIPCREAM/LIPTIN/LIPBLAM;MADAM QIE;-3;PCS;12.500;18.000;0;;;
8997230673550;;MADAQIE ALWAYS ON  05;LIPSTIK/LIPCREAM/LIPTIN/LIPBLAM;MADAM QIE;0;PCS;12.500;18.000;0;;;
8997230673567;;MADAQIE ALWAYS ON 06;LIPSTIK/LIPCREAM/LIPTIN/LIPBLAM;MADAM QIE;0;PCS;12.500;18.000;0;;;
8997230679880;;MADAME GIE JELLY MUCH PEACH LIP TINT NO 1;LIPSTIK/LIPCREAM/LIPTIN/LIPBLAM;MADAM QIE;0;PCS;21.000;30.000;0;;;
8997230679897;;MADAM GIE JELLY MUCH ORANGE LIP TIN NO 2;LIPSTIK/LIPCREAM/LIPTIN/LIPBLAM;MADAM QIE;0;PCS;21.000;30.000;0;;;
8997230679903;;MADAM GIE JELLY MUCH LYCHEE JELLY LIP TIN NO 3;LIPSTIK/LIPCREAM/LIPTIN/LIPBLAM;MADAM QIE;2;PCS;21.000;30.000;0;;;
8997230679910;;MADAME GIE JELLY MUCH RAPBERRY LIP TIN NO 4;LIPSTIK/LIPCREAM/LIPTIN/LIPBLAM;MADAM QIE;0;PCS;21.000;30.000;0;;;
8997230679927;;MADAM GIE JELLY CRANBERRY LIP TIN NO 5;LIPSTIK/LIPCREAM/LIPTIN/LIPBLAM;MADAM QIE;1;PCS;21.000;30.000;0;;;
8997230679934;;MADAM GIE JELLY PLUM CANDY LIP TIN NO 6;LIPSTIK/LIPCREAM/LIPTIN/LIPBLAM;MADAM QIE;1;PCS;21.000;30.000;0;;;
8997235050172;;ETABION TABLET;OBAT;PT ERRITA PHARMA ;20;STRIP;2.500;7.000;0;;;
8997235750041;;MASKER HIJAB;MASKER;BOSON;528;PCS;400;1.500;0;;;
8997236030005;;SCARLET SERUM ACNE 15ML;SERUM WAJAH;SCARLET;-13;PCS;50.000;55.000;0;;;
8997236030012;;SCARLET BRIGHTLY SERUM PINK;SERUM WAJAH;SCARLET;-3;PCS;50.000;55.000;0;;;
8997236030166;;SCARLET ACNE DAY CREAM 20GR;CREAM WAJAH;SCARLET;5;PCS;50.000;55.000;0;;;
8997236030173;;SCARLET ACNE CREAM NIGHT 20GR;CREAM WAJAH;SCARLET;4;PCS;48.000;55.000;0;;;
8997236030180;;SCARLET BRIGHTLY NIGHT CREAM;CREAM WAJAH;SCARLET;6;PCS;50.000;55.000;0;;;
8997236030197;;SCARLET BRIGHTLY DAY CREAM 20GR;CREAM WAJAH;SCARLET;2;PCS;50.000;55.000;0;;;
8997236030210;;SCARLETT GLOWTENING SERUM 15ml;SERUM WAJAH;SCARLET;3;PCS;50.000;55.000;0;;;
8997236030296;;SCARLET TONER ACNE 100ML;TONER;SCARLET;5;PCS;50.000;55.000;0;;;
8997236030401;;SCARLETT BRIGHTLY ESSENCE TONER;TONER;SCARLET;1;PCS;50.000;55.000;0;;;
8997236030517;;SERUM SCARLET UNGU/ACNE;SERUM WAJAH;SCARLET;3;BOTOL;50.000;55.000;0;;;
8997236030579;;FACIAL WASH ACNE SCARLETT 100ML;FACIAL WASH;SCARLET;4;BOTOL;48.000;55.000;0;;;
8997236030852;;SUN BRIGHT SCARLET SPF 50;SUNCREEN;SCARLET;2;PCS;50.000;55.000;0;;;
8997236031644;;PARFUM SCARLETT PINK WONDERLAND 30 ML;PARFUM;SCARLET;0;BOTOL;53.500;60.000;0;;;
8997236031934;;SCARLETT VELVET ROUGE PARFUM;PARFUM;SCARLET;0;BOTOL;55.000;60.000;0;;;
8997236032641;;SCARLETT GARDEN OF WHISPER 30 ML;PARFUM;SCARLET;-1;BOTOL;55.000;60.000;0;;;
8997236032665;;PARFUM SCARLETT UNGU PURPLE 30 ML;PARFUM;SCARLET;2;BOTOL;55.000;60.000;0;;;
8997236032733;;PARFUM SCARLETT JOLLY 30 ML;PARFUM;SCARLET;0;BOTOL;53.500;60.000;0;;;
8997236034089;;PARFUM SCARLETT PINK TEA AMOR 30 ML;PARFUM;SCARLET;0;BOTOL;52.500;60.000;0;;;
8997236683003;;PERBAN ELASTIS ONEMED UK 7,5CMX4,5CM;ALKES;NO MEREK;-3;PCS;9.000;15.000;0;;;
8997238100010;;COLLAGEN CRYSTAL GOLD EYE MASK;MASKER WAJAH;SYB;-10;PCS;3.000;7.000;0;;;
8997238390268;;SYB NATURGO ACNE SASET;MASKER WAJAH;SYB;-1;PCS;1.900;5.000;0;;;
8997238390459;;SYB NATURGO STRAWBERRY SASET;MASKER WAJAH;SYB;3;PCS;1.900;5.000;0;;;
8997239370269;;GAYA SUTRA LUBRICANT 50 ML;OBAT;SUTRA;-3;BOTOL;9.000;15.000;0;;;
8997239630103;;ADEM SARI;OBAT;NO MEREK;110;PCS;2.400;3.000;0;;;
8997241290029;;ALLMED ANTISEPTIK;ANTISEPTIC;NO MEREK;0;PCS;19.000;23.000;0;;;
8997241850018;;OMG PEACHY PLUMPY GLOWING SKIN SACHET;CREAM WAJAH;OMG;-10;PCS;3.000;5.000;0;;;
8997241850193;;SERUM OMG PEACH GLOWING;SERUM WAJAH;OMG;4;BOTOL;21.000;28.000;0;;;
8997241850377;;MASCARA OMG;MASCARA;OMG;7;BOTOL;25.800;33.000;0;;;
8997241850414;;TWO WAY CAKE LIGHT (21W);BEDAK ;OMG;-3;PCS;21.000;27.000;0;;;
8997241850421;;TWO WAY CAKE OMG NATURAL(32N);BEDAK ;OMG;-12;PCS;21.500;28.000;0;;;
8997241850438;;TWO WAY CAKE OMG SAND(41);BEDAK ;OMG;1;PCS;21.500;27.000;0;;;
8997241850681;;LIP CREAM OMG NO 16 (ELEGANT);LIPSTIK/LIPCREAM/LIPTIN/LIPBLAM;OMG;0;PCS;18.400;24.000;0;;;
8997241850698;;LIP CREAM OMG NO 17 (QUEEN );LIPSTIK/LIPCREAM/LIPTIN/LIPBLAM;OMG;1;PCS;18.400;24.000;0;;;
8997241850704;;LIP CREAM OMG NO 18;LIPSTIK/LIPCREAM/LIPTIN/LIPBLAM;OMG;10;PCS;18.500;25.000;0;;;
8997241850766;;SUNSCREEN OMG SPF 50;SUNCREEN;OMG;24;BOTOL;21.500;28.000;0;;;
8997241851008;;LIP TINT OMG NO 03;LIPSTIK/LIPCREAM/LIPTIN/LIPBLAM;OMG;2;BOTOL;19.200;24.000;0;;;
8997241851022;;LIP TINT OMG NO 05;LIPSTIK/LIPCREAM/LIPTIN/LIPBLAM;OMG;3;BOTOL;19.200;24.000;0;;;
8997241851121;;LIP CREAM OMG NO 19;LIPSTIK/LIPCREAM/LIPTIN/LIPBLAM;OMG;7;PCS;19.200;25.000;0;;;
8997241851138;;LIP CREAM OMG NO 20;LIPSTIK/LIPCREAM/LIPTIN/LIPBLAM;OMG;10;PCS;19.200;25.000;0;;;
8997241851145;;LIP CREAM OMG NO 21;LIPSTIK/LIPCREAM/LIPTIN/LIPBLAM;OMG;15;PCS;19.200;25.000;0;;;
8997241851152;;LIP CREAM OMG NO 22;LIPSTIK/LIPCREAM/LIPTIN/LIPBLAM;OMG;3;PCS;20.000;25.000;0;;;
8997241851169;;LIP CREAM OMG NO 23;LIPSTIK/LIPCREAM/LIPTIN/LIPBLAM;OMG;6;PCS;18.500;25.000;0;;;
8997241851176;;LIP CREAM OMG NO 24;LIPSTIK/LIPCREAM/LIPTIN/LIPBLAM;OMG;22;PCS;19.200;25.000;0;;;
8997241851183;;LIP CREAM OMG NO 25;LIPSTIK/LIPCREAM/LIPTIN/LIPBLAM;OMG;1;PCS;19.200;25.000;0;;;
8997241851190;;LIP CREAM OMG EXTRA(26);LIPSTIK/LIPCREAM/LIPTIN/LIPBLAM;OMG;1;PCS;19.200;25.000;0;;;
8997241851206;;LIP CREAM OMG NO 27;LIPSTIK/LIPCREAM/LIPTIN/LIPBLAM;OMG;18;PCS;19.200;25.000;0;;;
8997241851435;;VINYL OMG;LIPSTIK/LIPCREAM/LIPTIN/LIPBLAM;OMG;-5;PCS;19.600;24.000;0;;;
8997241851640;;FACE WASH OMG 100 ML;FACE CLEANCER;OMG;8;BOTOL;19.500;25.000;0;;;
8997241851763;;CUSHION OMG IVORY 13C;CUSHION;OMG;1;PCS;53.500;62.000;0;;;
8997241851770;;CUSHION OMG LIGHT (21W);CUSHION;OMG;-3;PCS;56.500;70.000;0;;;
8997241851787;;CUSHION OMG BEIGE (31W);CUSHION;OMG;-1;PCS;58.900;70.000;0;;;
8997241851794;;CUSHION OMG SAND(41);CUSHION;OMG;2;PCS;58.900;70.000;0;;;
8997241851800;;CUSHION OMG CREME (50N);CUSHION;OMG;1;PCS;51.000;62.000;0;;;
8997241851817;;CUSHION OMG NATURAL (32N);CUSHION;OMG;-1;PCS;56.500;70.000;0;;;
8997241852104;;LIP CREAM OMG NO 28;LIPSTIK/LIPCREAM/LIPTIN/LIPBLAM;OMG;8;BOTOL;19.200;25.000;0;;;
8997241852111;;LIP CREAM OMG NO 29;LIPSTIK/LIPCREAM/LIPTIN/LIPBLAM;OMG;1;BOTOL;20.000;25.000;0;;;
8997241852128;;LIP CREAM OMG NO 30;LIPSTIK/LIPCREAM/LIPTIN/LIPBLAM;OMG;-2;BOTOL;19.200;25.000;0;;;
8997241854092;;LIP GLOSS OMG NO 01;LIPSTIK/LIPCREAM/LIPTIN/LIPBLAM;OMG;-3;BOTOL;13.000;20.000;0;;;
8997241854108;;LIP GLOSS OMG NO 02;LIPSTIK/LIPCREAM/LIPTIN/LIPBLAM;OMG;-1;BOTOL;13.000;20.000;0;;;
8997241854122;;LIP GLOSS OMG NO 04;LIPSTIK/LIPCREAM/LIPTIN/LIPBLAM;OMG;-1;BOTOL;13.000;20.000;0;;;
8997241854146;;LIP GLOSS OMG NO 06;LIPSTIK/LIPCREAM/LIPTIN/LIPBLAM;OMG;-2;BOTOL;13.000;20.000;0;;;
8997242020120;;REN BABY FACE FACIAL CLEANSER 150 ML;FACE CLEANCER;NO MEREK;1;BOTOL;17.000;23.000;0;;;
8997546822963;;CUKA APEL SEHATO 300ML;MADU;NO MEREK;1;BOTOL;30.000;45.000;0;;;
8997567807277;;TAWON LIAR;JAMU;JAMU;252;PCS;3.400;4.500;0;;;
8997712000652;;ANGKAK BERAS;JAMU;NO MEREK;4;PCS;17.000;25.000;0;;;
8997723585445;;HONEYBEE150g;MADU;CV PANGAN ALAMI;-1;BOTOL;20.000;30.000;0;;;
8997916248836;;MINYAK TAWON EE;MINYAK ANGIN;PT TAWON;8;PCS;50.000;55.000;0;;;
8997916248843;;MINYAK TAWON DD 30ML;MINYAK GOSOK;ONE MED;8;PCS;32.000;37.000;0;;;
8997916248850;;MINYAK TAWON CC 20ml;MINYAK ANGIN;PT TAWON;38;BOTOL;23.000;28.500;0;;;
8998103000534;;SABUN CUSSON BABY BATANG  SOFT&SMOOTH 75G;SABUN BATANG;CUSSON BABY;19;PCS;3.800;7.000;0;;;
8998103000565;;CUSSON BABY POWDER SOFT&SMOOTH 50+25g;BEDAK TABUR;CUSSON BABY;-9;PCS;3.500;7.000;0;;;
8998103000589;;CUSSON BABY POWDER SOFT&SMOOTH 100+50g;BEDAK TABUR;CUSSON BABY;25;PCS;7.000;11.000;0;;;
8998103000602;;CUSSONS BABY POWDER PINK 200GR+60GR;BEDAK TABUR;CUSSON BABY;0;BOTOL;12.500;17.000;0;;;
8998103000688;;CUSSONS POWDER PINK 500 GR;BEDAK TABUR;CUSSON BABY;0;BOTOL;17.500;23.000;0;;;
8998103002651;;CREAM CUSSONS BIRU 50GR;BABY CREAM;CUSSON BABY;5;PCS;12.500;18.000;0;;;
8998103004488;;CUSSONS BABY OIL SOFT & SMOOTH 50+50ML;BABY OIL;CUSSON BABY;5;PCS;11.700;16.000;0;;;
8998103004495;;CUSSONS BABY OIL SOFT& SMOOTH 100+100ML;BABY OIL;CUSSON BABY;3;PCS;18.500;25.000;0;;;
8998103004600;;CREAM CUSSONS PINK 50GR;BABY CREAM;CUSSON BABY;15;PCS;13.400;18.000;0;;;
8998103006833;;CUSSON BABY SHAMPOO CANDLE NUT 100ML;SHAMPO BAYI;CUSSON BABY;1;PCS;7.000;11.000;0;;;
8998103006840;;CUSSON BABY SHAMPOO AVOCADO& PRO-VIT B5 50+50ML;SHAMPO BAYI;CUSSON BABY;2;PCS;7.000;11.000;0;;;
8998103008127;;HAIR LOTION CUSSONS BABY ALMOND OIL & HONEY 100ML;HAIR LOTION;CUSSON BABY;-4;BOTOL;15.500;20.000;0;;;
8998103008134;;HAIR LOTION CUSSONS ALMOND 100 ML;HAIR LOTION;CUSSON BABY;0;BOTOL;24.500;29.000;0;;;
8998103008158;;HAIR LOTION CUSSONS BABY COCONUT OIL & ALOE VERA 100ML;HAIR LOTION;CUSSON BABY;-3;BOTOL;15.500;20.000;0;;;
8998103008165;;CUSSON BABY HAIR LOTION COCONUT OIL&ALOEVERA 100ML+100ML;HAIR LOTION;CUSSON BABY;1;PCS;23.500;27.000;0;;;
8998103011325;;CUSSSONS BABY SHAMPO UNGU 100 ML;SAMPO;CUSSON BABY;4;BOTOL;12.500;17.000;0;;;
8998103011349;;CUSSON BABY SHAMPOO COCONUT OIL&ALOEVERA 100+100ML;SHAMPO BAYI;CUSSON BABY;6;PCS;13.000;17.000;0;;;
8998103011578;;CUSSONS BABY MILK BATH 200ML;SABUN CAIR;CUSSON BABY;-3;BOTOL;12.500;17.000;0;;;
8998103011813;;CUSSONS BABY POWDER UNGU 150 GR;BEDAK TABUR;CUSSON BABY;8;BOTOL;7.000;11.000;0;;;
8998103011851;;HAIR LOTION CUSSONS BABY CANDLE NUT & CELERY 100ML;HAIR LOTION;CUSSON BABY;3;BOTOL;15.000;20.000;0;;;
8998103011868;;CUSSONS HAIR LOTION UNGU 100ML;HAIR LOTION;CUSSON BABY;1;BOTOL;24.200;29.000;0;;;
8998103012247;;CUSSONS BABY POWDER UNGU 200GR+60GR;BEDAK TABUR;CUSSON BABY;0;BOTOL;12.500;17.000;0;;;
8998103012308;;CUSSONS BABY POWDER UNGU 500 GR;BEDAK TABUR;CUSSON BABY;5;BOTOL;17.500;22.000;0;;;
8998103012599;;PARFUM CUSSONS KIDS PINK 100 ML;PARFUM;CUSSON BABY;0;BOTOL;12.500;17.000;0;;;
8998103012650;;CUSSON BABY SOAP UNGU;SABUN BATANG;CUSSON BABY;19;PCS;3.800;7.000;0;;;
8998103014326;;CREAM CUSSONS UNGU 50GR;BABY CREAM;CUSSON BABY;20;PCS;12.500;18.000;0;;;
8998103014388;;TISSU BASAH CUSSONS BABY 50 SHEET;TISSU;CUSSON BABY;16;PCS;6.500;11.000;0;;;
8998103017167;;PARFUM CUSSONS KUNING 100ML;PARFUM;CUSSON BABY;1;PCS;18.000;22.000;0;;;
8998103017174;;CUSSONS BABY COLOGNE CHEERFUL 100ML;BABY COLOGNE;CUSSON BABY;-2;PCS;19.000;24.000;0;;;
8998103017181;;CUSSONS BABY COLOGNE SPARKLING 100ML;BABY COLOGNE;CUSSON BABY;0;PCS;18.000;22.000;0;;;
8998103018430;;CUSSONS BABY HAIR LOTION 35+15 ML;HAIR LOTION;CUSSON BABY;2;BOTOL;10.000;13.000;0;;;
8998103018447;;CUSSONS BABY OIL MINI 50 ML;BABY OIL;CUSSON BABY;0;BOTOL;9.000;12.000;0;;;
8998103018461;;CUSSONS BABY POWDER PINK 50GR;BEDAK ;CUSSON BABY;5;BOTOL;4.000;7.500;0;;;
8998103018478;;CUSSONS BABY POWDER BIRU 50 GR;BEDAK ;CUSSON BABY;-2;BOTOL;3.500;7.000;0;;;
8998103018485;;CUSSONS BABY POWDER 50 GR;BEDAK ;CUSSON BABY;3;BOTOL;4.000;7.500;0;;;
8998103018492;;CUSSONS BABY POWDER PINK 75 g+ 25 g;BEDAK ;CUSSON BABY;7;BOTOL;5.000;8.500;0;;;
8998103018508;;CUSSON BABY POWDER MILD&GENTLE 50+25g;BEDAK TABUR;CUSSON BABY;24;PCS;6.000;8.500;0;;;
8998103018515;;CUSSON BABY POWDER UNGU 75g;BEDAK TABUR;CUSSON BABY;0;PCS;5.000;8.500;0;;;
8998103018539;;CUSSONS PAKET MINI;BABY;CUSSON BABY;0;PAK;16.000;22.000;0;;;
8998103100982;;CUSSON BABY HAIR&BODY EASH MILD&GENTLE 100+100ML;HAIR&BODY WASH;MYBABY;-15;PCS;13.000;18.000;0;;;
8998103204420;8998103204420;HAIR LOTION CUSSON AVOCADO 50ML;HAIR LOTION;CUSSON BABY;-1;BOTOL;15.500;20.000;0;;;
8998103204451;;CUSSONS HAIR LOTION AVOCADO 100ML;HAIR LOTION;CUSSON BABY;4;BOTOL;25.000;29.000;0;;;
8998113303113;;LATULIPE COVER FOUNDATION NATURAL;FOUNDATION;LATULIPE;0;PCS;36.000;40.000;0;;;
8998113303151;;LATULIPE COVER FOUNDATION 12,5g;FOUNDATION;LATULIPE;-2;PCS;36.000;40.000;0;;;
8998113308712;;REFL LATULIPE P10;BEDAK PADAT;LATULIPE;-3;PCS;33.600;39.000;0;;;
8998113308729;;REFIL LATULIP P20;BEDAK PADAT;LATULIPE;2;PCS;33.600;39.000;0;;;
8998113308736;;REFIL LATULIPE P30;BEDAK PADAT;LATULIPE;1;PCS;35.000;40.000;0;;;
8998113308743;;REFIL LATULIPE Y10;BEDAK PADAT;LATULIPE;-4;PCS;33.600;39.000;0;;;
8998113308750;;REFIL LATULIPE Y20;BEDAK PADAT;LATULIPE;-2;PCS;33.600;39.000;0;;;
8998113308767;;REFIL LATULIP Y30;BEDAK PADAT;LATULIPE;-3;PCS;33.600;39.000;0;;;
8998113308774;;LATULIPE TWO FUNCTION CAKE 13g;BEDAK PADAT;LATULIPE;-2;PCS;33.600;39.000;0;;;
8998168001071;;DARGON MENTHOL;OBAT OLES;DRAGON;0;PCS;25.000;30.000;0;;;
8998168001095;;SALEP DRAGON;SALEP;NO MEREK;6;BOTOL;12.500;16.000;0;;;
8998234976548;;COBRA PIL;JAMU;JAMU;-142;PCS;2.500;3.500;0;;;
8998347865999;;COBRA JAMU;JAMU;JAMU;-24;PCS;2.300;3.500;0;;;
8998667000810;;EVER E 250;VITAMIN;KONIMEX;-3;BOX;28.000;34.000;0;;;
8998667000964;;RENOVIT GOLD BOTOL ISI 30;OBAT;KONIMEX;3;BOTOL;83.000;90.000;0;;;
8998667100046;;FEMINAX ISI 4;OBAT;PT KONIMEX;113;STRIP;3.000;6.500;0;;;
8998667100084;;KONIDIN;OBAT;KONIMEX;-25;PCS;2.200;3.500;0;;;
8998667100169;;NEO NAPASIN;OBAT;KONIMEX;106;PCS;2.600;5.000;0;;;
8998667100206;;PARAMEX;OBAT;KONIMEX;208;PCS;2.300;3.500;0;;;
8998667100947;;INZANA ISI 4;OBAT;PT KONIMEX;100;STRIP;1.200;2.500;0;;;
8998667101302;;RENOVIT BOTOL ISI 30;OBAT;PT KONIMEX;-5;BOTOL;78.000;83.000;0;;;
8998667101395;;RENOVIT SASET ISI 4;OBAT;PT KONIMEX;3;STRIP;10.400;15.000;0;;;
8998667101487;;PARAMEX NYERI OTOT;OBAT;KONIMEX;61;PCS;1.800;3.000;0;;;
8998667101760;;RENOVIT GOLD SASET ISI 4;OBAT;PT KONIMEX;21;STRIP;11.200;15.000;0;;;
8998667102415;;PARAMEX FLU&BATUK;OBAT;KONIMEX;41;PCS;2.200;3.000;0;;;
8998667300248;;TERMOREX DEMAM 60ML;OBAT;PT KONIMEX;21;BOTOL;13.500;18.000;0;;;
8998667300255;;ANAKONIDIN MERAH 30 ML;OBAT;KONIMEX;3;BOTOL;8.500;11.000;0;;;
8998667300262;;OBH ANAKONIDIN MERAH 60ML;OBAT;PT KONIMEX;29;BOTOL;13.500;18.000;0;;;
8998667300330;;TERMOREX PLUS 30ML;OBAT;KONIMEX;1;BOTOL;10.000;14.000;0;;;
8998667300347;;TERMOREX PLUS 60ML;OBAT;PT KONIMEX;46;BOTOL;16.000;20.000;0;;;
8998667300477;;KONVERMEX CAIR 10 ML;OBAT;KONIMEX;3;BOTOL;17.000;23.000;0;;;
8998667300491;;SILADEX IJO SYRUP 60ML;OBAT;PT KONIMEX;69;BOTOL;14.000;18.000;0;;;
8998667300514;;SILADEX BIRU SYRUP 60ML;OBAT;PT KONIMEX;10;BOTOL;14.000;19.000;0;;;
8998667300552;;OBH ANAKONIDIN PINK 60 ML;OBAT;KONIMEX;-20;BOTOL;13.400;20.000;0;;;
8998667300750;;SILADEX DMP SYRUP 60ML;OBAT;PT KONIMEX;5;BOTOL;13.000;18.000;0;;;
8998667300774;;SILADEX MERAH 30 ML;OBAT;KONIMEX;2;BOTOL;8.500;12.000;0;;;
8998667300781;;SILADEX MERAH SYRUP 60ML;OBAT;PT KONIMEX;26;BOTOL;14.000;19.000;0;;;
8998667300958;;SILADEX FLU UNGU 60ML;OBAT;PT KONIMEX;8;BOTOL;15.500;19.000;0;;;
8998667301092;;FEMINAX LANCAR HAID SASET;OBAT;KONIMEX;8;PCS;2.400;3.500;0;;;
8998667400283;;KONIKER MINYAK TELON KUNING 60ml;MINYAK TELON;KONIMEX;-6;PCS;20.000;23.000;0;;;
8998667400924;;KONIKER MINTAK TELON PLUS LAVENDER 30ML;MINYAK TELON;KONIKER;-5;PCS;15.000;19.000;0;;;
8998667400931;;MINYAK TELON KONICARE LAVENDER 60 ML;MINYAK TELON;KONIKER;2;BOTOL;22.000;28.000;0;;;
8998667400948;;MINYAK TELON KONICARE UNGU 125 ML;MINYAK TELON;KONIKER;1;BOTOL;40.000;46.000;0;;;
8998667500020;;FUNGIDERM SALEP 5g;SALEP;FUNGIDERM;26;PCS;13.000;17.000;0;;;
8998667500471;;VIGEL 60g;PENGAMAN;VIGEL;-17;PCS;26.500;32.500;0;;;
8998667500587;;VIGEL 30 GR;ANTISEPTIC;VIGEL;-8;PCS;16.000;20.000;0;;;
8998667500822;;HELTISKIN CREAM 5g;SALEP;KONIMEX;-2;PCS;22.000;26.000;0;;;
8998777101759;;CURCUMA PLUS SYRUP JERUK 60ML KUNING;VITAMIN;SOHO GLOBAL HEALT ;5;BOTOL;13.500;18.000;0;;;
8998777102077;;LELAP;OBAT;SOHO GLOBAL HEALT ;51;STRIP;12.600;18.000;0;;;
8998777110218;;DIAPET ISI 4;OBAT;SOHO GLOBAL HEALT ;0;PAK;2.000;4.000;0;;;
8998777140109;;LAXING;OBAT;SOHO GLOBAL HEALT ;-15;STRIP;9.500;14.000;0;;;
8998777140581;;CURCUMA PLUS SYR RASA JERUK 60ML;VITAMIN;PT SOHO;-17;PCS;17.500;22.500;0;;;
8998777140604;;CURCUMA PLUS SYR RASA STRAWBERRY 60 ML;VITAMIN;PT SOHO;3;PCS;17.500;22.000;0;;;
8998777140703;;CURCUMA PLUS BLACKCURRANT 60ML;VITAMIN;SOHO GLOBAL HEALT ;2;BOX;14.500;18.000;0;;;
8998777141625;;DIAPET ANAK;OBAT;SOHO GLOBAL HEALT ;20;PCS;2.200;4.000;0;;;
8998777142332;;IMBOOST BIASA TABLET;OBAT;PT SOHO;5;STRIP;34.400;40.000;0;;;
8998777142363;;IMBOOST FORCE KIDS 60ml;VITAMIN;SOHO GLOBAL HEALT ;-8;PCS;67.000;74.000;0;;;
8998777142400;;VITAMIN IMBOOST FORCE;OBAT;PT SOHO;-6;STRIP;66.000;74.000;0;;;
8998777142417;;IMBOOST KIDS 60ml;VITAMIN;SOHO GLOBAL HEALT ;-26;PCS;33.000;40.000;0;;;
8998777143100;;CURVIT CL EMULSION 175ML;VITAMIN;PT SOHO;-6;PCS;58.000;66.000;0;;;
8998777143599;;CURVIT 60ML;VITAMIN;PT SOHO;-11;PCS;28.000;33.000;0;;;
8998777144060;;DIAPET;OBAT;SOHO GLOBAL HEALT ;35;STRIP;5.500;10.000;0;;;
8998777144084;;LAXING ISI 10;OBAT;SOHO GLOBAL HEALT ;39;STRIP;9.800;13.000;0;;;
8998777144138;;FITKOM RASA ANGGUR;VITAMIN;PT SOHO;-16;PCS;15.000;19.000;0;;;
8998777144145;;FITKOM RASA JERUK;VITAMIN;PT SOHO;12;PCS;15.000;19.000;0;;;
8998777144152;;FITKOM RASA SRAWBERRY;VITAMIN;PT SOHO;-8;PCS;15.000;19.000;0;;;
8998777144527;;IMBOOST SEDUH ISI 8 TABLET;OBAT;PT SOHO;-1;BOTOL;35.000;40.000;0;;;
8998777144800;;IMBOOST TABLET ISI 2;OBAT;PT SOHO;-6;PCS;8.000;11.000;0;;;
8998777145067;;CURCUMA FORCE TABLET;VITAMIN;PT SOHO;39;PCS;12.000;16.000;0;;;
8998777145616;;IMBOOST FORCE KIDS COUGH 60 ML;OBAT;SOHO GLOBAL HEALT ;0;BOTOL;30.000;35.000;0;;;
8998823551248;;HANSASUI NATURGO;MASKER WAJAH;HANASUI;326;PCS;1.800;5.000;0;;;
8998824551223;;HANASUI EGG WHITE PEEL OF MASK;MASKER WAJAH;HANASUI;-2;PCS;17.000;20.000;0;;;
8998824551261;;HANASUI ACNE SERUM 20ML;SERUM WAJAH;HANASUI;3;PCS;20.000;25.000;0;;;
8998824551278;;HANASUI COLLAGEN SERUM 20ML;SERUM WAJAH;HANASUI;25;PCS;20.000;25.000;0;;;
8998824551285;;HANASUI VITAMIN C SERUM 20ML;SERUM WAJAH;HANASUI;22;PCS;20.000;25.000;0;;;
8998824551421;;HANASUI BODY SPA ORANGE 300ml;LULUR;HANASUI;-9;PCS;16.700;23.000;0;;;
8998824551438;;HANASUI BODY SPA LEMON 300ml;LULUR;HANASUI;-5;PCS;16.700;23.000;0;;;
8998824551445;;HANASUI BODY SPA ALOE VERA 300ML;LULUR;HANASUI;-2;BOTOL;17.000;23.000;0;;;
8998824551452;;HANASUI BODY SPA CHERRY 300ML;LULUR;HANASUI;2;BOTOL;17.000;23.000;0;;;
8998824551469;;HANASUI BODY SPA STRAWBERRY 300ML;LULUR;HANASUI;-3;BOTOL;17.000;23.000;0;;;
8998824551476;;HANASUI BODY SPA BLUBERRY 300 ML;BODY LOTION;HANASUI;0;BOTOL;17.500;23.000;0;;;
8998824551483;;HANASUI NATURGO PEEL OF MASK 60g;MASKER WAJAH;HANASUI;4;PCS;19.000;25.000;0;;;
8998824551605;;HANASUI BODY SPA RAINBOW 300 ML;LULUR;HANASUI;-3;BOTOL;16.700;23.000;0;;;
8998824551766;;LIP CREAM HANASUI NO 1;LIPSTIK/LIPCREAM/LIPTIN/LIPBLAM;HANASUI;21;PCS;20.000;26.000;0;;;
8998824551773;;HANASUI MATTEDORABLE LIP CREAM 02;LIPSTIK/LIPCREAM/LIPTIN/LIPBLAM;HANASUI;1;PCS;20.000;26.000;0;;;
8998824551780;;HANASUI MATTEDORABLE LIP CREAM NO 3;LIPSTIK/LIPCREAM/LIPTIN/LIPBLAM;HANASUI;10;PCS;20.000;26.000;0;;;
8998824551797;;HANASUI MATTEDORABLE LIP CREAM CHIC;LIPSTIK/LIPCREAM/LIPTIN/LIPBLAM;HANASUI;16;PCS;20.000;26.000;0;;;
8998824551940;;HANASUI WHITENING GOLD SERUM 20ML;SERUM WAJAH;HANASUI;6;PCS;20.000;25.000;0;;;
8998824551964;;HANASUI MATTEDORABLE LIP CREAM CLASSY;LIPSTIK/LIPCREAM/LIPTIN/LIPBLAM;HANASUI;-1;PCS;20.000;26.000;0;;;
8998824551971;;LIP CREAM HANASUI NO 6;LIPSTIK/LIPCREAM/LIPTIN/LIPBLAM;HANASUI;7;PCS;20.000;26.000;0;;;
8998824551988;;HANASUI MATTEDORABLE LIP CREAM SPARK NO 7;LIPSTIK/LIPCREAM/LIPTIN/LIPBLAM;HANASUI;8;PCS;20.000;26.000;0;;;
8998824551995;;HANASUI MATTEDORABLE LIP CREAM FANCY NO 8;LIPSTIK/LIPCREAM/LIPTIN/LIPBLAM;HANASUI;-3;PCS;21.000;26.000;0;;;
8998824552114;;HANASUI VITA SMOOTHIES COFFEE 180 ML;GEL;HANASUI;-2;BOTOL;16.300;23.000;0;;;
8998824552275;;HANASUI FEEL OF MASK GOLD;MASKER WAJAH;HANASUI;40;PCS;1.300;4.000;0;;;
8998824552398;;HANASUI SUNSCREEN SPF 30;SUNCREEN;HANASUI;3;BOTOL;22.000;26.000;0;;;
8998824552459;;LIP HANASUI BOBA NO 01;LIPSTIK/LIPCREAM/LIPTIN/LIPBLAM;HANASUI;1;PCS;20.000;26.000;0;;;
8998824552473;;LIP CREAM HANASUI BOBA NO 2;LIPSTIK/LIPCREAM/LIPTIN/LIPBLAM;HANASUI;46;PCS;20.000;26.000;0;;;
8998824552497;;HANASUI MATTEDORABLE LIP CREAM 03;LIPSTIK/LIPCREAM/LIPTIN/LIPBLAM;HANASUI;7;PCS;20.000;26.000;0;;;
8998824552596;;SERUM CUSHION HANASUI NO 02;CUSHION;HANASUI;-3;PCS;58.000;70.000;0;;;
8998824552602;;SERUM CUSHION HANASUI NO 03;CUSHION;HANASUI;-2;PCS;59.000;70.000;0;;;
8998824552633;;LIP TINT HANASUI NO 01 CHERRY;LIPSTIK/LIPCREAM/LIPTIN/LIPBLAM;HANASUI;2;PCS;16.300;21.000;0;;;
8998824552657;;LIP TINT HANASUI 02 PEACHY;LIPSTIK/LIPCREAM/LIPTIN/LIPBLAM;HANASUI;9;PCS;16.300;22.000;0;;;
8998824552671;;LIP TINT NO 03 RUBY;LIPSTIK/LIPCREAM/LIPTIN/LIPBLAM;HANASUI;2;PCS;16.300;21.000;0;;;
8998824552695;;LIP TINT HANASUI NO 04 SWEET;LIPSTIK/LIPCREAM/LIPTIN/LIPBLAM;HANASUI;6;PCS;16.300;21.000;0;;;
8998824552718;;SERUM CUSHION HANASUI NO 04;CUSHION;HANASUI;0;PCS;57.000;70.000;0;;;
8998824552732;;LIP TINT HANASUI NO 05 CORAL;LIPSTIK/LIPCREAM/LIPTIN/LIPBLAM;HANASUI;8;PCS;16.300;21.000;0;;;
8998824552817;;BLASH ON HANASUI NO 02;EYESHADOW/BLUSHON/CONTOUR/HIGHLITER;HANASUI;0;PCS;33.400;40.000;0;;;
8998824552886;;PAKET HANASUI PINK;CREAM WAJAH;HANASUI;-1;PCS;85.000;92.000;0;;;
8998824552893;;PAKET HANASUI ACNE;CREAM WAJAH;HANASUI;0;PCS;115.000;125.000;0;;;
8998824552954;;BLASH ON HANASUI NO 01;EYESHADOW/BLUSHON/CONTOUR/HIGHLITER;HANASUI;4;PCS;33.000;40.000;0;;;
8998824553005;;SERUM HANASUI POWER BIRU;SERUM WAJAH;HANASUI;5;BOTOL;23.000;28.000;0;;;
8998824553012;;SERUM HANASUI POWER OREN;SERUM WAJAH;HANASUI;-5;BOTOL;22.500;28.000;0;;;
8998824553111;;LIP CREAM HANASUI NO 14;LIPSTIK/LIPCREAM/LIPTIN/LIPBLAM;HANASUI;5;PCS;20.000;26.000;0;;;
8998824553135;;LIP CREAM HANASUI FLAME 15;LIPSTIK/LIPCREAM/LIPTIN/LIPBLAM;HANASUI;7;PCS;20.000;26.000;0;;;
8998824553159;;LIP CREAM HANASUI NO 16;LIPSTIK/LIPCREAM/LIPTIN/LIPBLAM;HANASUI;3;PCS;20.000;26.000;0;;;
8998824553173;;LIP CREAM HANASUI NO 09;LIPSTIK/LIPCREAM/LIPTIN/LIPBLAM;HANASUI;11;PCS;20.000;26.000;0;;;
8998824553180;;LIP CREAM HANASUI NO 10;LIPSTIK/LIPCREAM/LIPTIN/LIPBLAM;HANASUI;11;PCS;20.000;26.000;0;;;
8998824553197;;LIP CREAM HANASUI BRICK NO 11;LIPSTIK/LIPCREAM/LIPTIN/LIPBLAM;HANASUI;12;PCS;20.000;26.000;0;;;
8998824553203;;LIP CREAM HANASUI NO 12;LIPSTIK/LIPCREAM/LIPTIN/LIPBLAM;HANASUI;14;PCS;20.000;26.000;0;;;
8998824553210;;LIP CREAM HANASUI NO 13;LIPSTIK/LIPCREAM/LIPTIN/LIPBLAM;HANASUI;9;PCS;20.000;26.000;0;;;
8998824553227;;LIP CREAM HANASUI BOBA NO 4;LIPSTIK/LIPCREAM/LIPTIN/LIPBLAM;HANASUI;17;PCS;20.000;26.000;0;;;
8998824553258;;LIP CREAM HANASUI BOBA NO 5;LIPSTIK/LIPCREAM/LIPTIN/LIPBLAM;HANASUI;17;PCS;20.000;26.000;0;;;
8998824553272;;LIP TINT HANASUI NO 06 BLOODY;LIPSTIK/LIPCREAM/LIPTIN/LIPBLAM;HANASUI;2;PCS;16.300;21.000;0;;;
8998824553326;;LIP CREAM HANASUI BOBA NO 6;LIPSTIK/LIPCREAM/LIPTIN/LIPBLAM;HANASUI;28;PCS;20.000;26.000;0;;;
8998824553340;;SUNSCREEN HANASUI SPF 50;FACE MIST;HANASUI;-14;BOTOL;30.000;38.000;0;;;
8998824553388;;HANASUI SPA BERAS;GEL;HANASUI;-1;BOTOL;16.200;23.000;0;;;
8998824553456;;HANASUI POWER SERUM ACNE;SERUM WAJAH;HANASUI;3;BOTOL;22.500;28.000;0;;;
8998824553494;;HANASUI SERUM CUSHION SOULMATE NO 102;CUSHION;HANASUI;-2;PCS;55.000;65.000;0;;;
8998824553500;;HANASUI SERUM CUSHION SOULMATE NO 103;CUSHION;HANASUI;-1;PCS;55.000;65.000;0;;;
8998824553517;;HANASUI SERUM CUSHION NO 104;CUSHION;HANASUI;0;PCS;58.500;68.000;0;;;
8998824553562;;HANASUI SERUM CUSHION NO 108;CUSHION;HANASUI;0;PCS;58.500;68.000;0;;;
8998824553609;;HANASUI SERUM CUSHION NO 07;CUSHION;HANASUI;0;PCS;58.000;70.000;0;;;
8998824553623;;HANASUI SERUM CUSHION CREAMY BEIGE 08;CUSHION;HANASUI;1;PCS;58.000;68.000;0;;;
8998824553654;;LIP TINT HANASUI NO 07;LIPSTIK/LIPCREAM/LIPTIN/LIPBLAM;HANASUI;7;PCS;14.600;21.000;0;;;
8998824553685;;LIP TINT HANASUI NO 08;LIPSTIK/LIPCREAM/LIPTIN/LIPBLAM;HANASUI;-2;PCS;15.800;21.000;0;;;
8998824553715;;LIP TINT HANASUI NO 09;LIPSTIK/LIPCREAM/LIPTIN/LIPBLAM;HANASUI;2;PCS;16.300;22.000;0;;;
8998824554651;;LIP CREAM HANASUI MATCHA LATTE NO 01;LIPSTIK/LIPCREAM/LIPTIN/LIPBLAM;HANASUI;0;PCS;20.500;26.000;0;;;
8998824554675;;LIP CREAM HANASUI MATCHA LATTE NO 02;LIPSTIK/LIPCREAM/LIPTIN/LIPBLAM;HANASUI;2;PCS;20.000;26.000;0;;;
8998824554699;;LIP CREAM HANASUI MATCHA LATTE NO 03;LIPSTIK/LIPCREAM/LIPTIN/LIPBLAM;HANASUI;0;PCS;20.500;26.000;0;;;
8998824554712;;LIP CREAM HANASUI MATCHA LATTE NO 04;LIPSTIK/LIPCREAM/LIPTIN/LIPBLAM;HANASUI;0;PCS;20.500;26.000;0;;;
8998824554736;;LIP CREAM HANASUI MATCHA LATTE NO 05;LIPSTIK/LIPCREAM/LIPTIN/LIPBLAM;HANASUI;1;PCS;20.500;26.000;0;;;
8998824556945;;BLASH ON HANASUI NO 04;EYESHADOW/BLUSHON/CONTOUR/HIGHLITER;HANASUI;-2;PCS;33.400;40.000;0;;;
8998824557096;;BLASH ON HANASUI 03;EYESHADOW/BLUSHON/CONTOUR/HIGHLITER;HANASUI;1;PCS;32.500;40.000;0;;;
8998824558321;;SERUM CUSHION HANASUI NO N22;CUSHION;HANASUI;-1;PCS;67.000;76.000;0;;;
8998866100229;;ODOL KODOMO STRAWBERRY;PASTA GIGI;KODOMO;10;PCS;5.500;9.000;0;;;
8998866100243;;ODOL KODOMO UNGU;PASTA GIGI;KODOMO;3;PCS;5.500;9.000;0;;;
8998866100250;;ODOL KODOMO ORANGE;PASTA GIGI;KODOMO;5;PCS;5.500;9.000;0;;;
8998866102605;;SIKAT+ODOL KODOMO;PASTA GIGI;KODOMO;97;PCS;8.000;11.000;0;;;
8998866102612;;KODOMO TOOTHPASTE&TOOTHBRUSH SOFT;PASTA GIGI;KODOMO;12;PCS;8.000;11.000;0;;;
8998866102681;;SIKAT GIGI KODOMO;SIKAT;KODOMO;56;PCS;3.000;6.500;0;;;
8998866103084;;ODOL KODOMO GEL IJO;PASTA GIGI;KODOMO;18;PCS;5.500;9.000;0;;;
8998866104333;;KODOMO BABY POWDER 50 GR;BEDAK TABUR BAYI;KODOMO;4;BOTOL;2.500;6.000;0;;;
8998866104968;;KODOMO PINK 50GR;BEDAK TABUR;KODOMO;34;BOTOL;2.500;6.000;0;;;
8998866104999;;KODOMO BABY CALMING POWDER;BEDAK TABUR;KODOMO;11;PCS;2.500;6.000;0;;;
8998866105255;;KODOMO BODY WASH WITH BUBBLE STIK OREN 200ML;BODY WASH;KODOMO;1;BOTOL;12.000;17.000;0;;;
8998866105262;;KODOMO BODYWASH STRAWBERRY 200ML;BODY WASH;KODOMO;0;BOTOL;12.500;17.000;0;;;
8998866105279;;KODOMO SHAMPO&CONDITIONER ORANGE;SHAMPO BAYI;KODOMO;3;BOTOL;12.500;17.000;0;;;
8998866105286;;KODOMO SHAMPO&CONDITIONER STRAWBERRY;SHAMPO BAYI;KODOMO;-3;BOTOL;13.400;17.500;0;;;
8998866105484;;HAND AND BODY LOVELY WHITE PEARL 100 ML;HAND&BODY LOTION;LOVELY;0;BOTOL;4.400;7.000;0;;;
8998866105491;;EMERON LOVELY WHUTE UV JEJU ORANGE 100ml;BODY LOTION;EMERON;0;PCS;4.400;7.000;0;;;
8998866105507;;HAND BODY LOVELY BENGKOANG 100ML;HAND&BODY LOTION;LOVELY;6;BOTOL;4.200;7.000;0;;;
8998866105637;;HAND BODY LOVELY WHITE PEARL 200ML;HAND&BODY LOTION;LOVELY;4;BOTOL;7.400;12.000;0;;;
8998866105644;;EMERON LOVELY WHUTE UV JEJU ORANGE 200ml;BODY LOTION;EMERON;-4;PCS;7.400;12.000;0;;;
8998866105651;;EMERON LOVELY WHITE UV BENGKUANG 200ml;BODY LOTION;EMERON;9;PCS;7.400;12.000;0;;;
8998866105668;;HAND N BODY LOVELY PENCET 500 ML INSTA BRIGHT;HAND&BODY LOTION;LOVELY;5;BOTOL;14.200;18.000;0;;;
8998866105675;;HAND N BODY EMERON PENCET GLOWY BRIGHT 500ML;HAND&BODY LOTION;EMERON;-5;BOTOL;14.200;18.500;0;;;
8998866105682;;HAND N BODY LOVELY PENCET BENGKOANG 500ML;HAND&BODY LOTION;LOVELY;3;BOTOL;14.200;18.500;0;;;
8998866105736;;SAMPO ZINC HAIR FALL TREATMENT 170 ML;SAMPO;ZINC;5;BOTOL;17.500;22.000;0;;;
8998866105743;;SHAMPOO ZINC COOLGREEN TEA 170 ML;SAMPO;ZINC;0;BOTOL;17.500;22.000;0;;;
8998866105750;;SHAMPOO ZINC CLEAN ACTIVE 170 ML;SAMPO;ZINC;-2;BOTOL;15.000;20.000;0;;;
8998866105781;;SHAMPOO ZINC BLACK SHINE 170 ML;SAMPO;ZINC;1;BOTOL;15.000;20.000;0;;;
8998866106030;;KODOMO SHAMPOO&CONDITIONER BLUEBERRY 200ML;SHAMPOO&CONDITIONER;KODOMO;-7;PCS;12.000;15.000;0;;;
8998866106306;;HAND AND BODY LOVELY RED POME 100ML;HAND&BODY LOTION;LOVELY;1;BOTOL;4.400;7.000;0;;;
8998866106313;;EMERON LOVELY GLOW&BRIGHT;HAND&BODY LOTION;EMERON;-1;PCS;7.500;12.000;0;;;
8998866106375;;SAMPO ZINC MEN ACTIVE COOL 170 ML;SAMPO;ZINC;4;BOTOL;17.500;22.000;0;;;
8998866106467;;PARFUM POSH LOVE SONG;PARFUM;POSH;0;BOTOL;16.000;22.000;0;;;
8998866106474;;POSH BLAZE PINK;PARFUM;POSH;2;PCS;17.000;22.000;0;;;
8998866106481;;POSH BODY SPRAY WISHES 150ML;PARFUM;POSH;-1;PCS;16.500;22.000;0;;;
8998866106634;;KODOMO BABY POWDER RICE MILK 50g;BEDAK TABUR;KODOMO;-7;PCS;3.500;6.000;0;;;
8998866107143;;PARFUM POSH MEN COOL BLUE 150 ML;PARFUM;POSH;17;BOTOL;16.300;22.000;0;;;
8998866107150;;PARFUM POSH MEN BLACK GOLD 150 ML;PARFUM;POSH;2;BOTOL;17.000;22.000;0;;;
8998866107273;;FACIAL FOAM POISE PINK 100GR;FACIAL FOAM;POISE;0;BOTOL;22.000;26.000;0;;;
8998866107280;;FACIAL FOAM POISE OIL CONTROL 100GR;FACIAL FOAM;POISE;0;BOTOL;19.000;25.000;0;;;
8998866107297;;FACIAL FOAM POISE ANTI BACTERIAL 100 GR;FACIAL FOAM;POISE;0;BOTOL;0;26.000;0;;;
8998866107303;;FACIAL FOAM POISE ANTI ACNE IJO 100GR;FACIAL FOAM;POISE;0;BOTOL;19.000;25.000;0;;;
8998866107457;;POSH BODY SPRAY SUMMER LOVE 150ML;PARFUM;POSH;11;PCS;16.300;22.000;0;;;
8998866107464;;POSH BODY SPRAY FRESH SPIRIT 150ML;PARFUM;POSH;10;PCS;17.000;22.000;0;;;
8998866107662;;PARFUM POSH MEN RED EXTREME 150 ML;PARFUM;POSH;11;BOTOL;17.000;22.000;0;;;
8998866107679;8998866107679;PARFUM POSH MAN BROWNLEGACY 150ML;PARFUM;POSH;-1;BOTOL;16.300;22.000;0;;;
8998866107686;;PARFUM POSH MEN GREEN MOTION 150 ML;PARFUM;POSH;14;BOTOL;16.300;22.000;0;;;
8998866107747;;SAMPO KODOMO PENCET STROBERI;SAMPO;KODOMO;16;BOTOL;16.000;20.000;0;;;
8998866107754;;SAMPO KODOMO PENCET JERUK;SAMPO;KODOMO;7;BOTOL;16.000;20.000;0;;;
8998866107815;;KODOMO SHAMPO&CONDITIONER CHERRY;SHAMPO BAYI;KODOMO;-2;BOTOL;12.000;17.000;0;;;
8998866107822;;KODOMO BODY WASH STRAWBERRY 250ML;BODY WASH;KODOMO;9;PCS;15.000;20.000;0;;;
8998866107846;;KODOMO BODY WASH ORANGE 250ML;BODY WASH;KODOMO;9;PCS;15.000;20.000;0;;;
8998866107853;;KODOMO BODY WASH BLUEBERRY 200ML;BODY WASH;KODOMO;1;BOTOL;13.500;17.000;0;;;
8998866107860;;KODOMO BODYWASH CHERRY 200ML;BODY WASH;KODOMO;4;BOTOL;13.400;17.000;0;;;
8998866107938;;POSH ROLL ON WOMEN PINK50ML;DEODORAN;POSH;8;BOTOL;12.000;17.000;0;;;
8998866107945;;POSH WOMEN ROLL ON BIRU TUA 50 ML;DEODORAN;POSH;-2;BOTOL;12.000;17.000;0;;;
8998866107952;;POSH ROLL WOMEN ITEM 50 ML;DEODORAN;POSH;1;BOTOL;13.500;17.000;0;;;
8998866108102;;POSH PARFUM SPRAY HIJAB 150ML;PARFUM;POSH;-5;BOTOL;17.500;22.000;0;;;
8998866108119;;PARFUM POSH HIJAB PURPLE WISH;PARFUM;POSH;5;BOTOL;17.100;22.000;0;;;
8998866108126;;POSH PERFUMED HIJAN CHIC;PARFUM;POSH;-4;PCS;16.000;22.000;0;;;
8998866108287;;EMERON LOVELY WHITE COMPACT POWDER LIGHT BEIGE 12g;BEDAK PADAT;EMERON;0;PCS;10.000;14.000;0;;;
8998866108294;;EMERON LOVELY WHITE COMPACT POWDER 12g;BEDAK PADAT;EMERON;-1;PCS;10.000;14.000;0;;;
8998866108812;;SAMPO ZINC ACTIVE FRESH 170 ML;SAMPO;ZINC;2;BOTOL;17.500;22.000;0;;;
8998866108867;;DEODORANT POSH MEN ACTIVE COOL;DEODORAN;POSH;0;BOTOL;12.000;17.000;0;;;
8998866108874;;DEODORANT POSH MEN ACTIVE SPORT;DEODORAN;POSH;3;BOTOL;12.000;17.000;0;;;
8998866108881;;DEODORANT POSH MEN ACTIVE PRO;DEODORAN;POSH;0;BOTOL;13.000;17.000;0;;;
8998866108898;;POSH MEN DEODORANT SASET;DEODORAN;POSH;58;PCS;1.700;2.500;0;;;
8998866108928;;PARFUM POSH MEN BLUE GRAVITY 100ML;PARFUM;POSH;0;BOTOL;22.000;25.000;0;;;
8998866108942;;PARFUM POSH MEN RED BULLET 100ML;PARFUM;POSH;2;BOTOL;22.000;25.000;0;;;
8998866109116;;SAMPO ZINC HIJAB ACTIV 170 ML;SAMPO;ZINC;0;BOTOL;15.000;20.000;0;;;
8998866109178;;POSH ROLL ON WOMEN IJO 50ML;DEODORAN;POSH;1;BOTOL;12.000;17.000;0;;;
8998866109406;;POSH HIJAB WOMEN SASET;DEODORAN;POSH;12;PCS;1.500;2.500;0;;;
8998866109734;;PARFUM POSH WOMEN HIJAB PINK BLUSH 150 ML;PARFUM;POSH;8;BOTOL;17.100;22.000;0;;;
8998866109819;;POSH ROLL WOMEN HIJAB 50 ML;DEODORAN;POSH;-2;BOTOL;12.500;17.000;0;;;
8998866109871;;PARFUM POSH MEN BLUE EVEREST 150 ML;PARFUM;POSH;0;BOTOL;16.000;22.000;0;;;
8998866109888;;PARFUM POSH MEN AQUA FROST 150ML;PARFUM;POSH;0;BOTOL;15.900;22.000;0;;;
8998866110006;;POSH HIJAB SASET COOL;DEODORAN;POSH;-9;PCS;1.600;2.500;0;;;
8998866110075;;LOVELY BODY SERUM BANANA 200ML;BODY SERUM;LOVELY;3;BOTOL;6.000;10.000;0;;;
8998866110082;;LOVELY BODY SERUM APPLE 200ML;HAND&BODY LOTION;LOVELY;1;BOTOL;6.000;10.000;0;;;
8998866110310;;DEODORANT POSH FRESH COOL;DEODORAN;POSH;4;BOTOL;12.000;17.000;0;;;
8998866110327;;POSH ROLL ON POWDER FRESH;DEODORAN;POSH;0;BOTOL;12.000;17.000;0;;;
8998866110730;;PARFUM POSH WOMEN PINK MY MELODY 150 ML;PARFUM;POSH;0;BOTOL;17.000;22.000;0;;;
8998866110815;;PARFUM POSH DREAM CHASER 50 ML;PARFUM;POSH;2;BOTOL;18.000;23.000;0;;;
8998866110822;;PARFUM POSH NEW ROMANCE 50 ML;PARFUM;POSH;1;BOTOL;18.000;23.000;0;;;
8998866202374;8998866202374;POS DEO-LOTION WHITENING SACET;DEODORAN;POSH;40;PCS;1.700;2.500;0;;;
8998866502511;;HAPPY PEMPERS DEWASA CELANA M;PEMBALUT;NO MEREK;7;PCS;3.700;8.000;0;;;
8998866502528;;HAPPY PEMPERS DEWASA CELANA UK L;PEMBALUT;NO MEREK;10;PCS;4.700;8.000;0;;;
8998866602549;;SABUN NUVO BATANG MILD PROTECT 76GR;SABUN BATANG;NUVO;-1;PCS;2.500;3.500;0;;;
8998866602556;;SABUN NUVO BATANG TOTAL PROTECT 76GR;SABUN BATANG;NUVO;-2;PCS;2.500;3.500;0;;;
8998866602570;;SABUN NUVO BATANG FRESH PROTECT;SABUN BATANG;NUVO;0;PCS;2.500;3.500;0;;;
8998866605922;;FRES  GREEN SUMMER 100 ML;PARFUM;FRESH;4;BOTOL;11.000;15.000;0;;;
8998866605939;;FRESH TRULY ENCHANTED 100ML;PARFUM;FRESH;-3;PCS;10.700;15.000;0;;;
8998866605946;;FRESH  MUSIC 100ML;PARFUM;FRESH;0;PCS;11.000;15.000;0;;;
8998866605953;;PARFUM FRES HIJAB BOHEMAN SPIRIT 100ML;PARFUM;FRESH;22;BOTOL;11.000;15.000;0;;;
8998866606882;;PARFUM FRES BT21 PINK100ML;PARFUM;FRESH;5;BOTOL;10.000;15.000;0;;;
8998866606905;;PARFUM FRES PUTIH ALMOST FAMOUS;PARFUM;FRESH;-2;BOTOL;11.000;15.000;0;;;
8998866606912;;FRES & NATURAL LOVE YOURSELF 100ML;PARFUM;FRESH;5;BOTOL;11.000;15.000;0;;;
8998866609722;;REFILL NUVO MILD PROTECT 400ML;SABUN CAIR;NUVO;-1;PCS;11.500;16.000;0;;;
8998866609777;;REFIL SABUN GIV SMOOTH N BRIGHT 400ML;SABUN CAIR;GIV;4;PCS;16.000;20.000;0;;;
8998866611206;;FRESH DESERT QUEEN;PARFUM;FRESH;24;PCS;11.000;15.000;0;;;
8998866611213;;PARFUM FRES GREEN MIRAGE 100ML;PARFUM;FRESH;22;BOTOL;10.700;15.000;0;;;
8998866611220;;PARFUM FRES HIJAB PUTIH;PARFUM;FRESH;7;BOTOL;11.000;15.000;0;;;
8998866611237;;FRESH HIJAB REFRESH 100ml;PARFUM;FRESH;2;BOTOL;11.000;15.000;0;;;
8998866616232;;ODOL KODOMO GEL PINK 45GR;PASTA GIGI;KODOMO;0;PCS;5.500;9.000;0;;;
8998866618007;;FRES&NATURAL BERRY MACARON 100ml;PARFUM;FRESH;5;PCS;11.000;15.000;0;;;
8998866618014;;FRESH PINK CUP CAKE 100ML;PARFUM;FRESH;16;PCS;11.000;15.000;0;;;
8998866618199;;SABUN NUVO BATANG SAKINAH 20 GR;SABUN BATANG;NUVO;1;PCS;2.500;3.500;0;;;
8998866629638;;REFIL SABUN CAIR GIV GOATS MILK N ALMOND 400ML;SABUN CAIR;GIV;3;PCS;16.000;20.000;0;;;
8998866629737;;HAND N BODY LOVELY PENCET NUTRIENT BRGIHT 500 ML;HAND&BODY LOTION;EMERON;-1;BOTOL;12.500;18.000;0;;;
8998866629751;;HAND N BODY LOVELY PENCET RADIANT BRIGHT 500ML;HAND&BODY LOTION;EMERON;-6;BOTOL;12.500;18.000;0;;;
8998866806039;;REFIL SABUN CAIR GIV WHITE FLOWERS N VANILLA 450 ML;SABUN CAIR;GIV;0;PCS;17.000;22.000;0;;;
8998866888622;;SABUN BATANG GIV;SABUN BATANG;GIV;4;PCS;2.500;5.000;0;;;
8998898101409;;TOLAK ANGIN;OBAT;SIDOMUNCUL;-1.018;PCS;3.700;4.500;0;;;
8998898151404;;TOLAK ANGIN ANAK;OBAT;SIDOMUNCUL;84;PCS;2.700;4.000;0;;;
8998898280401;;TOLAK ANGIN FLU DEWASA;OBAT;SIDOMUNCUL;5;PCS;3.600;4.500;0;;;
8998898335408;8998898335408;TOLAK LINU HERBAL;OBAT;SIDOMUNCUL;49;PCS;3.100;5.000;0;;;
8998898337440;;TOLAK ANGIN CARE ROLL ON;MINYAK ANGIN;SIDOMUNCUL;1;PCS;11.200;15.000;0;;;
8998898338409;;TOLAK LINU HERBAL MINT;OBAT;SIDOMUNCUL;-25;PCS;2.600;3.500;0;;;
8998898809107;;KUNYIT ASAM 25g;JAMU;JAMU;0;PCS;2.000;4.000;0;;;
8998898810219;;ESEMAG;JAMU;SIDOMUNCUL;-5;PCS;1.900;3.000;0;;;
8998898812206;;TOLAK ANGIN BATUK;MADU;PT SIDOMUNCUL;8;PCS;3.800;5.000;0;;;
8998898842104;;VITAMIN C 1000 SIDOMUNCUL;OBAT;SIELLA;-9;BOX;9.000;12.000;0;;;
8998898842210;;VITAMIN C 1000 ORANGE;VITAMIN;SIDOMUNCUL;0;PCS;9.000;12.000;0;;;
8999225782056;;LIPSTICK COLOR MATTE PURBASARI DIAMOND ( 81);LIPSTIK/LIPCREAM/LIPTIN/LIPBLAM;PURBASARI;0;PCS;28.000;33.000;0;;;
8999225782179;;PURBASARI LULUR MANDI BIRU;LULUR;PURBASARI;0;PCS;13.500;18.000;0;;;
8999225782445;;LIPSTICK COLOR MATTE PURBSARI AMETHYST (88);LIPSTIK/LIPCREAM/LIPTIN/LIPBLAM;PURBASARI;0;PCS;28.000;33.000;0;;;
8999225782452;;LIPSTICK COLOR MATTE PURBSARI JADE 89;LIPSTIK/LIPCREAM/LIPTIN/LIPBLAM;PURBASARI;0;PCS;28.000;33.000;0;;;
8999225782469;;PURBASARI LIPSTICK COLOR MATTE CSYRTAL;LIPSTIK/LIPCREAM/LIPTIN/LIPBLAM;PURBASARI;-1;PCS;30.000;35.000;0;;;
8999225782667;;LULUR PURBASARI MILK N YAM BEAN 200 GR;LULUR;PURBASARI;2;BOTOL;14.000;19.000;0;;;
8999225783107;;KANNA 30g;CREAM KAKI;KANNA;12;PCS;16.000;21.000;0;;;
8999225783152;;PURBASARI LULUR MANDI BENGKOANG 35g;LULUR;PURBASARI;5;PCS;14.600;19.000;0;;;
8999225783718;;PURBASARI LULUR MANDI IJO;LULUR;PURBASARI;0;PCS;13.000;17.000;0;;;
8999225783756;;PURBASARI LULUR MANDI MUTIARA;LULUR;PURBASARI;-1;PCS;13.500;18.000;0;;;
8999225785545;;KANNA KRIM 15 GR BIRU;CREAM KAKI;KANNA;8;BOTOL;12.000;15.500;0;;;
8999225812500;;PURBASARI LULUR MANDI PUTIH 200G;LULUR;PURBASARI;1;BOTOL;13.500;18.000;0;;;
8999225905660;;PURBASARI FOUNDATION KUNING LANGSAT 35g;CREAM WAJAH;PURBASARI;0;PCS;10.000;13.000;0;;;
8999225905677;;PURBASARI FOUNDATION NATURAL 35g;CREAM WAJAH;PURBASARI;-1;PCS;10.000;13.000;0;;;
8999225906964;;LULUR MANDI PENGANTIN PURBASARI BENGKOANG 500GR;LULUR;PURBASARI;1;PCS;27.000;34.000;0;;;
8999225906971;;LULUR MANDI PENGANTIN PURBASARI MUTIARA 500 GR;LULUR;PURBASARI;1;PCS;27.000;34.000;0;;;
8999225906988;;LULUR MANDI PENGANTIN PURBASARI SUSU 500GR;LULUR;PURBASARI;0;PCS;27.000;34.000;0;;;
8999225908524;;PURBASARI LIPSTICK COLOR MATTE AZOTIC;LIPSTIK/LIPCREAM/LIPTIN/LIPBLAM;PURBASARI;0;PCS;43.000;50.000;0;;;
8999225908531;;LIPSTICK COLOR MATTE PURBASARI AMBER (95);LIPSTIK/LIPCREAM/LIPTIN/LIPBLAM;PURBASARI;0;PCS;28.000;33.000;0;;;
8999225908555;;LULUR PURBASARI ZAITUN;LULUR;PURBASARI;-1;BOTOL;15.500;20.000;0;;;
8999225908647;;COMPACT PURBASARI OIL CONTROL MATTE POWDER;BEDAK ;PURBASARI;1;PCS;17.000;22.000;0;;;
8999225909019;;COMPACT PURBSARI OIL CONTROL CREAM;BEDAK ;PURBASARI;0;PCS;17.000;22.000;0;;;
8999225909026;;PURBASARI OIL CONTROL MATTE POWDER COMPACT;BEDAK ;PURBASARI;0;PCS;17.000;22.000;0;;;
8999338136883;;HI TOP NATURAL BLACK;CAT RAMBUT;HI TOP;47;PCS;11.700;16.000;0;;;
8999338169881;;BARBARA WOLDEN 180ML;HAIR SPRAY;BARBARA;-6;PCS;32.000;36.000;0;;;
8999338196788;;BARBARA NON AEROSOL HAIR SPRAY 168ml;HAIR SPRAY;BARBARA;1;PCS;34.000;39.000;0;;;
8999338261387;;CORINA HAIR SPRAY 75ml;HAIR SPRAY;CORINA;61;BOTOL;16.700;21.000;0;;;
8999338261783;;CORINA HAIR SPRAY 160 ML;HAIR SPRAY;CORINA;26;BOTOL;27.100;32.000;0;;;
8999338267785;;CORINA HAIR SPRAY 150ml;HAIR SPRAY;CORINA;11;BOTOL;22.000;26.000;0;;;
8999725403338;;SJ DAY/NIGHT CREAM;CREAM WAJAH;SALICYL;19;PCS;5.900;10.000;0;;;
8999725444485;;ROSE WHITE&NATURAL CREAM 30g;CREAM WAJAH;ROSE;128;PCS;6.300;15.000;0;;;
8999777000042;;NIVEA EXTRA WHITE RADIANT&SMOOTH BODY LOTION 100ml;BODY LOTION;NIVEA;-1;PCS;19.000;23.000;0;;;
8999777000059;;NIVEA HAND N BODY EXTRA WHITE 200 ML;HAND&BODY LOTION;NIVEA;0;BOTOL;21.000;30.000;0;;;
8999777000776;;HANDSAPLAST KOYO PANAS;PLESTER;HANDSAPLAST;-14;PCS;1.500;2.500;0;;;
8999777001186;;HANDSAPLAST KOYO HANGAT;KUKU;HANDSAPLAST;-4;PCS;1.500;2.500;0;;;
8999777001711;;NIVEA MEN EXTRA BRIGHT MUD FOAM 100ML;FACIAL FOAM;NIVEA;3;BOTOL;24.000;29.000;0;;;
8999777002954;8999777002954;NIVEA MAN BRIGHT 8H OIL CLEAR;FACIAL FOAM;NIVEA;-2;BOTOL;23.000;28.000;0;;;
8999777003159;;NIVEA ROLL ON MEN DERMA CONTROL;DEODORAN;NIVEA;-1;BOTOL;15.500;21.000;0;;;
8999777004163;;NIVEA ROLL ON WOMENS EXTRA WHITENING 50ML;DEODORAN;NIVEA;1;BOTOL;15.500;20.000;0;;;
8999777004194;;NIVEA ROLL ON WOMAN  DRY COMFORT 50 ML;DEODORAN;NIVEA;5;BOTOL;16.000;20.000;0;;;
8999777004224;;NIVEA ROLL ON EXTRA BRIGHT 25 ML;DEODORAN;NIVEA;0;BOTOL;10.000;14.000;0;;;
8999777004354;;NIVEA ROLL ON WOMEN BLACK AND WHITE 50ML;DEODORAN;NIVEA;-3;BOTOL;16.000;20.000;0;;;
8999777004484;;NIVEA MEN COOL KICK DEODORANT 50ml;DEODORAN;NIVEA;-4;PCS;15.500;20.000;0;;;
8999777004552;;DEODORAN NIVEA MEN BLACK & WHITE 50ML;DEODORAN;NIVEA;5;PCS;15.000;20.000;0;;;
8999777006259;;NIVEA ROLL ON BLACK N WHITE FRESH 50 ML;DEODORAN;NIVEA;1;BOTOL;15.500;21.000;0;;;
8999777007270;;NIVEA MEN DRY IMPACT ROLL ON 50ML;DEODORAN;NIVEA;-2;BOTOL;15.000;21.000;0;;;
8999777007355;;NIVEA MEN FRESH ACTIVE DEODORANT 50ml;DEODORAN;NIVEA;4;PCS;15.000;20.000;0;;;
8999777007430;;NIVEA ROLL ON WOMEN BRIGHTENING HAPPY SHAVE 50 ML;DEODORAN;NIVEA;1;BOTOL;15.000;20.000;0;;;
8999777008543;;HAND N BODY NIVEA EXTRA BRIGHT INSTANT GLOW 190ML;HAND&BODY LOTION;NIVEA;-4;BOTOL;19.000;24.000;0;;;
8999777009281;;NIVEA ROLL ON WOMEN BRIGHTENING 50 ML;DEODORAN;NIVEA;-2;BOTOL;16.000;20.000;0;;;
8999777009588;;NIVEA EXTRA WHITE BODY SERUM RADIANT&SMOOTHY 180ml;BODY SERUM;NIVEA;-2;PCS;26.000;32.000;0;;;
8999777010591;;NIVEA MENS DEEP DARKWOOD 25 ML;DEODORAN;NIVEA;2;BOTOL;13.000;16.000;0;;;
8999777010638;;NIVEA MEN DEEP ROLL ON 50 ML;DEODORAN;NIVEA;2;BOTOL;15.000;21.000;0;;;
8999777010881;;NIVEA MENS ROLL ON FRESH 50 ML;DEODORAN;NIVEA;7;BOTOL;15.000;20.000;0;;;
8999777010973;;NIVEA ROLL ON WOMENS PEARL&BEAUTY 50ML;DEODORAN;NIVEA;-2;BOTOL;16.000;20.000;0;;;
8999777012267;;HANSAPLAST ROLL ON UK 1,25CMX5M;ALKES;HANDSAPLAST;11;PCS;11.000;15.000;0;;;
8999777014209;;NIVEA HIJAB ROLL ON OREN 50 ML;DEODORAN;NIVEA;0;BOTOL;15.000;21.000;0;;;
8999777014315;;NIVEA MEN ROLL ON DEEP MAX 50 ML;DEODORAN;NIVEA;3;BOTOL;15.500;22.000;0;;;
8999777015596;;HANSAPLAST JUMBO ISI 50 LEMBAR;ALKES;HANDSAPLAST;380;PCS;600;1.000;0;;;
8999777015725;;NIVEA BODY SERUM HIJAB 180ML;BODY SERUM;NIVEA;1;PCS;20.000;30.000;0;;;
8999777015893;;NIVEA ROLL ON HIJAB FRESH;DEODORAN;NIVEA;17;BOTOL;19.600;24.000;0;;;
8999777016784;;NIVEA ROLL ON MEN 50ML;DEODORAN;NIVEA;4;BOTOL;15.500;20.000;0;;;
8999777017293;;NIVEA MENS DEEP ACNE ATTACK;FACIAL FOAM;NIVEA;4;BOTOL;24.000;30.000;0;;;
8999777017620;;NIVEA ROLL ON HIJAB SOFT 50 ML;DEODORAN;NIVEA;-9;BOTOL;15.000;23.000;0;;;
8999777017859;;NIVEA BODY SERUM 10 SUPER VITAMIN 180 ML;HAND&BODY LOTION;NIVEA;-2;BOTOL;24.000;35.000;0;;;
8999777017873;;NIVEA ROLL ON HIJAB COOL 50ML;DEODORAN;NIVEA;6;BOTOL;15.000;21.000;0;;;
8999777018191;;NIVEA DEODORANT WOMEN EXTRA BRGHTENING SASET;DEODORAN;NIVEA;14;PCS;1.500;3.000;0;;;
8999777018351;;NIVEA DEODORANT MEN COOL KICK SASET;DEODORAN;NIVEA;21;PCS;1.700;3.000;0;;;
8999777019891;;HANSAPLAST ROLL ON UK 1,25CMX5M;ALKES;HANDSAPLAST;3;PCS;4.400;8.000;0;;;
8999777026370;;HANSAPLAST;PLESTER;HANDSAPLAST;-649;PCS;300;500;0;;;
8999777090579;;HANSAPLAST KOYO PANAS SASET;PLESTER;HANDSAPLAST;5;PCS;8.200;11.000;0;;;
8999777765392;;HANSAPLAST KOYO HANGAT SASET;PLESTER;HANDSAPLAST;13;PCS;8.200;11.000;0;;;
8999777867249;;NIVEA FACIAL FOAM PEARL 100ML;FACIAL WASH;NIVEA;4;PCS;25.000;29.000;0;;;
8999777888367;8999777888367;NIVEA MEN EXTRA BRIGHT 10X EFFECT 100ML;FACIAL FOAM;NIVEA;-6;PCS;22.000;30.000;0;;;
8999777888381;;NIVEA MEN ACNE OIL CONTROL 100ml;FACIAL FOAM;NIVEA;3;PCS;25.000;30.000;0;;;
8999809100849;;DEGIROL ISI 4;OBAT;DARYA VARIA;-21;STRIP;5.200;8.000;0;;;
8999809101310;;SUPER TETRA 250mg;OBAT;DARYA VARIA;4.954;BIJIAN;1.400;2.500;0;;;
8999809102775;;NATUR-E HAND&BODY LOTION DAILY NOURISHING-MOISTURIZING 245ml;HAND&BODY LOTION;NATUR-E;2;PCS;23.000;30.000;0;;;
8999809102805;;NATUR E ADVANCED;OBAT;;48;STRIP;12.300;15.000;0;;;
8999809103598;;NATUR-E 300;VITAMIN;DARYA VARIA;1;STRIP;9.500;13.000;0;;;
8999809103796;;NATUR-E HAND&BODY LOTION DAILY NOURISHING-REVITALIZING 245ml;HAND&BODY LOTION;NATUR-E;6;PCS;28.000;32.000;0;;;
8999809103840;;IMUNPED SYRUP 60 ML;OBAT;DARYA VARIA;0;BOTOL;58.000;65.000;0;;;
8999809104489;;NATUR E WHITE;OBAT;NATUR;99;STRIP;12.300;16.000;0;;;
8999809104496;;NATUR E WHITE IS 32;OBAT;NATUR-E;-2;BOX;82.500;95.000;0;;;
8999809104786;;PARATUSIN PSE DMP SIRUP;OBAT;DARYA VARIA;-1;BOTOL;37.500;43.000;0;;;
8999809400017;;NATUR-E 100 UI;VITAMIN;DARYA VARIA;15;STRIP;4.800;8.000;0;;;
8999809400031;;STOP COLD;OBAT;DARYA VARIA;-9;PCS;3.000;4.500;0;;;
8999809500458;;GRISEOFULVIN 500mg TABLET;OBAT;DARYA VARIA;33;STRIP;13.500;19.000;0;;;
8999809500946;;PARATUSIN TABLET;OBAT;DARYA VARIA;217;STRIP;14.500;20.000;0;;;
8999809500953;;PARATUSIN SYR;OBAT;DARYA VARIA;31;BOTOL;38.000;43.000;0;;;
8999809503572;;DEGIROL ISI 10;OBAT;DARYA VARIA;27;PCS;13.000;17.000;0;;;
8999809504418;;ENZYPLEX ISI 4;OBAT;DARYA VARIA;42;STRIP;9.800;15.000;0;;;
8999809504616;;PARATUSIN DMP TABLET;OBAT;DARYA VARIA;-10;STRIP;14.500;20.000;0;;;
8999809701190;;SILEX SYRUP 100ML;OBAT;DARYA VARIA;5;BOTOL;76.000;83.000;0;;;
8999888001990;;MECO LIGHTENING CREAM 4g;CREAM WAJAH;MECO;2;PCS;36.000;40.000;0;;;
8999888002997;;MECO PEARL CREAM 12g;CREAM WAJAH;MECO;82;PCS;21.700;26.000;0;;;
8999908000101;;NEO RHEUMACYL;OBAT;PT TEMPO SCAN;4.769;STRIP;4.000;6.000;0;;;
8999908000200;;BODREX TABLET;OBAT;PT TEMPO SCAN;326;PCS;4.100;6.000;0;;;
8999908000705;;BODREXIN TABLET;OBAT;PT SUPRA;214;STRIP;1.400;2.500;0;;;
8999908005007;;VITAMIN B 1 IPI;OBAT;PT SURYA DERMATO MEDICA;16;BOTOL;5.500;10.000;0;;;
8999908005106;;VIT. B COMPLEX IPI;VITAMIN;PT SUPRA;-9;PCS;5.600;10.000;0;;;
8999908005205;;VIT. C IPI;VITAMIN;PT SUPRA;1;PCS;5.500;10.000;0;;;
8999908005304;;VITAMIN B 12 IPI;OBAT;PT SUPRA;11;PCS;5.500;10.000;0;;;
8999908005502;;VITAMIN A IPI;OBAT;PT SUPRA;7;PCS;5.500;8.000;0;;;
8999908010605;;MARINA HAND&BODY LOTION UV WHITE BRIGHT AND FRESH 92ml;HAND&BODY LOTION;MARINA;0;PCS;5.500;8.000;0;;;
8999908010704;;MARINA HAND&BODY LOTION UV WHITE BRIGHT AND FRESH 185ml;HAND&BODY LOTION;MARINA;7;PCS;7.700;12.000;0;;;
8999908039101;;CONTREXIN TABLET ISI 4;OBAT;PT SUPRA;24;STRIP;1.100;2.000;0;;;
8999908039309;;OSKADON;OBAT;KONIMEX;16;PCS;1.800;3.000;0;;;
8999908041104;;MARINA COMPACT POWDER IVORY;BEDAK ;MARINA;30;PCS;9.200;14.000;0;;;
8999908041203;8999908041203;BEDAK MARINA OLIVE 02;BEDAK ;MARINA;-3;BOTOL;9.200;14.000;0;;;
8999908041302;;BEDAK MARINA PEACH NO 03;BEDAK ;MARINA;0;PCS;10.000;14.000;0;;;
8999908041401;;BEDAK MARINA NATURAL 04;BEDAK PADAT;MARINA;45;PCS;9.200;14.000;0;;;
8999908042408;;MY BABY POWDER BIRU 50 GR;BEDAK TABUR;MYBABY;5;BOTOL;3.800;7.000;0;;;
8999908042507;;MY BABY POWDER BIRU 135GR+34GR;BEDAK ;MYBABY;1;BOTOL;9.200;13.000;0;;;
8999908042705;;BEDAK MYBABY BIRU 335GR+84GR;BEDAK ;MYBABY;2;BOTOL;18.500;21.000;0;;;
8999908043009;;SABUN MY BABY BATANG VITAMIN E&OAT 60G;SABUN BATANG;MYBABY;-11;PCS;3.400;6.000;0;;;
8999908043801;;OSKADON SP;OBAT;PT SUPRA;99;PCS;1.800;3.000;0;;;
8999908045607;;HAND N BODY MARINA NATURAL UNGU 95ML;HAND&BODY LOTION;MARINA;-1;BOTOL;5.000;8.000;0;;;
8999908045706;;HAND N BODY MARINA NATURAL UNGU 190 ML;HAND&BODY LOTION;MARINA;8;BOTOL;6.700;11.000;0;;;
8999908050601;;CREAM NEO RHEUMACYL 25 GR;SALEP;PT TEMPO SCAN;4;BOTOL;13.000;18.000;0;;;
8999908053800;;BEDAK MY BABY SWEET FLORAL 50g;BEDAK TABUR BAYI;MYBABY;125;PCS;4.000;7.000;0;;;
8999908053909;;MYBABY POWDER SWEET FLORAL 150g+38g;BEDAK TABUR;MYBABY;22;PCS;10.500;13.000;0;;;
8999908054005;;BEDAK MY BABY PINK 250GR;BEDAK TABUR;MYBABY;30;BOTOL;13.000;18.000;0;;;
8999908054104;;MY BABY POWDER SWEET FLORAL 350 GR;BEDAK TABUR;MYBABY;27;BOTOL;18.000;22.000;0;;;
8999908054203;;SABUN MY BABY PINK 60GR;SABUN BATANG;PT TEMPO SCAN;18;PCS;3.400;6.000;0;;;
8999908057709;;BODREX FLU&BATUK PE;OBAT;BODREX;77;PCS;2.100;3.500;0;;;
8999908059604;;SABUN MY BABY BATANG HONEY&OLIVE OIL 60G;SABUN BATANG;MYBABY;3;PCS;3.400;6.000;0;;;
8999908059802;;BEDAK MY BABY 50g;BEDAK TABUR BAYI;MYBABY;117;PCS;3.500;7.000;0;;;
8999908059901;;MY BABY BABY POWDER FRESH FRUITY 150+38g;BEDAK TABUR;MYBABY;17;PCS;9.500;14.000;0;;;
8999908060006;;MY BABY POWDER KUNING 250 GR;BEDAK TABUR;MYBABY;24;BOTOL;13.000;18.000;0;;;
8999908060105;;MY BABY BABY POWDER FRESH FRUITY 350+88g;BEDAK TABUR;MYBABY;12;PCS;17.100;22.000;0;;;
8999908060709;;HAND N NODY MARINA NATURAL KUNING 95 ML;HAND&BODY LOTION;MARINA;0;BOTOL;5.000;8.000;0;;;
8999908060808;;HAND N BODY MARINA OREN 95 ML;HAND&BODY LOTION;MARINA;-1;BOTOL;5.000;8.000;0;;;
8999908060907;;MARINA HAND&BODY LOTION NATURAL PROTECTS AND CARES 190ml;HAND&BODY LOTION;MARINA;1;PCS;6.700;10.000;0;;;
8999908061102;;HAND&BODY MARINA UV WHITE KUNING 190ML;HAND&BODY LOTION;MARINA;-3;BOTOL;8.200;11.000;0;;;
8999908071408;;NEO RHEUMACYL NEURO;OBAT;PT TEMPO SCAN;17;STRIP;9.800;14.000;0;;;
8999908071903;;BODREX MIGRA;OBAT;BODREX;74;PCS;2.200;3.500;0;;;
8999908082701;;HAND BODY MARINA UV WHITE BIRU KECIL;HAND&BODY LOTION;MARINA;40;PCS;5.400;8.500;0;;;
8999908082800;;MARINA HAND&BODY LOTION UV WHITE HEALTHY AND GLOW 185ml;HAND&BODY LOTION;MARINA;84;PCS;7.800;12.000;0;;;
8999908204202;;MY BABY MINYAK TELON 60ML;MINYAK TELON;MYBABY;130;PCS;13.600;19.000;0;;;
8999908205506;;HEMAVITON STAMINA PLUS;VITAMIN;PT TEMPO SCAN;38;PCS;6.300;10.000;0;;;
8999908208200;;MY BABY BABY POWDER 90GR;BEDAK ;MYBABY;-2;BOTOL;6.700;10.000;0;;;
8999908208309;;MYBABY POWDER FRESH FRUITY 100g+25g;BEDAK TABUR;MYBABY;3;PCS;6.700;10.000;0;;;
8999908210005;;HEMAVITON ACTION;OBAT;PT TEMPO SCAN;25;STRIP;6.400;10.000;0;;;
8999908250803;;BODREX FLU N BATUK BERDAHAK SIRUP 60ML;OBAT;BODREX;-2;BOTOL;11.000;14.000;0;;;
8999908250902;;BODREX FLU N BATUK PE SIRUP 60 ML;OBAT;BODREX;4;BOTOL;12.500;16.500;0;;;
8999908266002;;HAND N BODY MARINA UV WHITE PINK 460 ML;HAND&BODY LOTION;MARINA;0;BOTOL;14.500;20.000;0;;;
8999908266101;;HAND N BODY MARINA UV WHITE HEALTHY & GLOW 460 ML;HAND&BODY LOTION;MARINA;21;BOTOL;14.900;20.000;0;;;
8999908284907;;MINYAK TELON MY BABY 90ML;MINYAK TELON;MYBABY;186;PCS;18.500;24.000;0;;;
8999908285003;;BODREX EXTRA;OBAT;BODREX;124;PCS;2.200;3.500;0;;;
8999908302205;;BODREX TABLET FLU & BATUK DAHAK;OBAT;PT TEMPO SCAN;18;STRIP;2.000;3.000;0;;;
8999908304100;;BODREXIN MERAH 60ML;OBAT;PT TEMPO SCAN;5;BOTOL;12.000;17.000;0;;;
8999908304308;;BODREXIN PILEK ALERGI PE 56ML;OBAT;PT TEMPO SCAN;-2;BOTOL;10.000;13.000;0;;;
8999908317704;;MY BABY SHAMPOO HONEY&OLIVE OIL 100ML;SHAMPO BAYI;MYBABY;0;PCS;9.000;13.000;0;;;
8999908318107;;MY BABY POWDER PINK 500 GR;BEDAK TABUR;MYBABY;1;BOTOL;17.500;21.000;0;;;
8999908318206;;BEDAK MY BABY POWDER FRESH N MOIST 450 GR;BEDAK TABUR;MYBABY;1;BOTOL;17.400;20.000;0;;;
8999908326805;;BODREXIN FLU&BATUK PE 56ML;OBAT;PT TEMPO SCAN;81;BOTOL;12.000;17.500;0;;;
8999908347701;;HAND N BODY MARINA DEWY BRIGHT 350 ML;HAND&BODY LOTION;MARINA;1;BOTOL;13.000;17.000;0;;;
8999908392800;;MINYAK TELON MY BABY 150ML;MINYAK TELON;MYBABY;61;PCS;28.800;35.000;0;;;
8999908396303;;MARINA NATURAL PINK 95ml;HAND&BODY LOTION;MARINA;63;PCS;4.400;8.000;0;;;
8999908396402;;MARINA HAND&BODY LOTION NATURAL RICH MOISTURIZING 95ml;HAND&BODY LOTION;MARINA;26;PCS;4.400;8.000;0;;;
8999908396501;;HAND N BODY MARINA NATURAL HONEY 75ML;HAND&BODY LOTION;MARINA;-6;BOTOL;4.600;8.000;0;;;
8999908432506;;MINYAK TELON MY BABY EUCALYPTUS 60ML;MINYAK TELON;MYBABY;10;PCS;13.800;20.000;0;;;
8999908450708;;MYBABY SHAMPOO CANDLE& AVOCADO 100ML;SHAMPO BAYI;MYBABY;-10;PCS;9.200;13.000;0;;;
8999908450906;;HAND N BODY MARINA UV WHITE SPF 30;HAND&BODY LOTION;MARINA;-2;BOTOL;14.600;20.000;0;;;
8999908497307;;MAGNESIUM IPI;OBAT;PT SUPRA;8;BOTOL;10.700;15.000;0;;;
8999908526304;;HAIR AND BODY WASH MY BABY 200 ML;SAMPO;MYBABY;8;BOTOL;12.500;20.000;0;;;
8999908559500;;MARINA HAND&BODY GEL LOTION UV WHITE HYDRO COOL 185ml;HAND&BODY LOTION;MARINA;-3;PCS;8.200;12.000;0;;;
8999908606204;;BODREXIN DPH SIRUP;OBAT;PT TEMPO SCAN;-6;BOTOL;11.500;15.000;0;;;
8999908611109;;MARINA HAND&BODY LOTION NATURAL NUTRI FRESH 335ml;HAND&BODY LOTION;MARINA;-1;PCS;10.000;14.000;0;;;
8999908611208;;HAND N BODY MARINA NATURAL UNGU 475 ML;HAND&BODY LOTION;MARINA;1;BOTOL;15.000;19.000;0;;;
8999908611406;;HAND N BODY MARINA AVOCADO 475 ML;HAND&BODY LOTION;MARINA;1;BOTOL;14.200;19.000;0;;;
8999908692504;;PARFUM MARINA SWEET ROMANCE 150 ML;PARFUM;MARINA;0;BOTOL;20.000;25.000;0;;;
8999908692603;;PARFUM MARINA GLAM PERFECTION 150 ML;PARFUM;MARINA;1;BOTOL;20.000;25.000;0;;;
8999908692702;;PARFUM MARINA FRESH SPARKLE 150 ML;PARFUM;MARINA;0;BOTOL;20.000;25.000;0;;;
8999908715302;;BODREX FLU;OBAT;BODREX;-18;PCS;1.800;3.000;0;;;
8999908723802;;MY BABY BABY POWDER 50 GR IJO;BEDAK TABUR;MYBABY;6;BOTOL;4.000;7.000;0;;;
8999908734808;;HAND&BODY MARINA UV WHITE UNGU 185 ML;HAND&BODY LOTION;MARINA;4;BOTOL;8.000;12.000;0;;;
8999908763501;;MY BABY KIDS SHAMPPO N CONDITIONER PINK 100 ML;SAMPO;MYBABY;3;BOTOL;7.500;12.000;0;;;
8999908763709;;MY BABY KIDS SHAMPOO N CONDITIONER BIRU 100ML;SAMPO;MYBABY;1;BOTOL;7.500;12.000;0;;;
8999908764102;;PARFUM MY BABY KIDS PINK 100 ML;PARFUM;MYBABY;2;BOTOL;13.000;17.000;0;;;
8999908764201;;PARFUM MY BABY KIDS BIRU 100 ML;PARFUM;MYBABY;1;BOTOL;13.000;17.000;0;;;
8999908766601;;PARFUM MARINA WHITE DIAMOND;PARFUM;MARINA;1;PCS;20.000;25.000;0;;;
8999908766700;;PARFUM MARINA PEACH PERFECT 150ML;PARFUM;MARINA;2;BOTOL;20.000;25.000;0;;;
8999908766809;;PARFUM MARINA ROYALE VELVET;PARFUM;MARINA;4;PCS;20.000;25.000;0;;;
8999908831309;;MY BABY HAIR N BODY PINK 200 ML;SAMPO;MYBABY;0;BOTOL;16.000;20.000;0;;;
8999908838001;;HAND N BODY LOTION MARINA UV WHITE UNGU 460ML;HAND&BODY LOTION;MARINA;-1;BOTOL;15.000;20.000;0;;;
8999908867803;;MYBABY POWDER TELON PLUS 325GR;BEDAK ;MYBABY;1;BOTOL;14.600;20.000;0;;;
8999908886507;;MARINA BRIGHT BOOSTER FACIAL FOAM 50 ML;FACIAL FOAM;MARINA;-3;BOTOL;12.100;15.000;0;;;
8999908886705;;MARINA HYDRA LOCK FACIAL FOAM 50 ML;FACIAL FOAM;MARINA;0;BOTOL;12.100;15.000;0;;;
8999908904102;;VITAMIN D3 IPI 1000;OBAT;PT SUPRA;66;BOTOL;6.100;12.000;0;;;
8999908909206;;TELON MY BABY LAVENDER 60 ML;MINYAK TELON;MYBABY;2;BOTOL;15.500;20.000;0;;;
8999908909305;;TELON MY BABY LAVENDER 90 ML;MINYAK TELON;MYBABY;15;BOTOL;18.400;24.000;0;;;
8999908909404;;TELON MY BABY LAVENDER 150 ML;MINYAK TELON;MYBABY;7;BOTOL;28.800;35.000;0;;;
8999908922809;;ZINC PLUS IPI;OBAT;PT SUPRA;1;BOTOL;10.000;14.000;0;;;
8999908922908;;VITAMIN E IPI ISI 30;OBAT;PT SUPRA;6;BOTOL;10.000;13.000;0;;;
8999908956705;;MARINA HAND&BODY LOTION NATURAL PROTECTS AND CARES 190ml;HAND&BODY LOTION;MARINA;46;PCS;6.000;10.000;0;;;
8999908956804;;MARINA HAND&BODY LOTION NATURAL RICH MOISTIRIZING 188ML;HAND&BODY LOTION;MARINA;29;PCS;6.000;10.000;0;;;
8999908956903;;HAND & BODY MARINA NATURAL PROTECTS AND CARES 250ML;HAND&BODY LOTION;MARINA;20;BOTOL;8.000;13.000;0;;;
8999908957009;;MARINA HAND&BODY LOTION NATURAL RICH MOISTURIZING 335ml;HAND&BODY LOTION;MARINA;32;PCS;8.000;15.000;0;;;
8999908960108;;ALLERCYL KIDS SIRUP 60 ML;OBAT;PT TEMPO SCAN;0;BOTOL;10.000;15.000;0;;;
8999908960801;;ALLERCYL TABLET;OBAT;PT TEMPO SCAN;2;STRIP;5.500;10.000;0;;;
8999908962607;;HAND N BODY MARINA PINK 475 ML;HAND&BODY LOTION;MARINA;2;BOTOL;14.200;19.000;0;;;
8999908968609;;MY BABY BABY POWDER UNGU 50 GR;BEDAK ;MYBABY;-3;BOTOL;3.400;7.000;0;;;
8999908984005;;VITAMIN D3 IPI ISI 30 TABLET;OBAT;PT SUPRA;-48;PCS;5.500;10.500;0;;;
8999908984104;;VITAMIN IPI D3+K2 25 TABLET;OBAT;PT SUPRA;34;BOTOL;10.600;15.000;0;;;
8999908987600;;MYBABY HAIR&BODY WASH ALOE VERA&AVOCADO 150ML;HAIR&BODY WASH;MYBABY;21;PCS;13.400;18.000;0;;;
8999999001179;;LIFEBUOY REFILL BIRU COOL FRESH 400 GR;SABUN CAIR;LIFEBUOY;2;PCS;18.000;24.000;0;;;
8999999001193;;LIFEBOUY REFILL MERAH 450ml;SABUN CAIR;LIFEBUOY;3;PCS;18.000;24.000;0;;;
8999999001209;;REFIL LIFEBUOY MILD CARE 400ML;SABUN CAIR;LIFEBUOY;16;PCS;18.000;24.000;0;;;
8999999001230;;SABUN CAIR LIFEBUOY 100ML;SABUN CAIR;LIFEBUOY;-4;PCS;10.000;14.000;0;;;
8999999001247;;SABUN CAIR LIFEBUOY 100ML;SABUN CAIR;LIFEBUOY;0;BOTOL;12.000;15.000;0;;;
8999999001988;;VASELINE MAEN OIL CONTROL;FACIAL FOAM;VASELINE;3;BOTOL;22.500;28.000;0;;;
8999999003890;;CITRA PEARLY GLOW UV 40g;CREAM WAJAH;CITRA;-15;PCS;39.400;44.000;0;;;
8999999005580;;DOVE ROLL ON BIRU 40 ML;DEODORAN;DOVE;1;BOTOL;22.000;25.000;0;;;
8999999007768;;FAIR & LOVELY CREAM SACHET;CREAM WAJAH;FAIR & LOVELY;402;PCS;2.700;5.000;0;;;
8999999007775;;FAIR & LOVELY TWO WAY CAKE 13g;BEDAK PADAT;FAIR & LOVELY;5;PCS;10.500;16.000;0;;;
8999999007782;;FAIR LOVELY CREAM 25g;CREAM WAJAH;FAIR & LOVELY;46;PCS;15.600;23.000;0;;;
8999999007799;;FAIR LOVELY CREAM 50g;CREAM WAJAH;FAIR & LOVELY;45;PCS;30.000;37.000;0;;;
8999999024772;;HAND N BODY VASELINE HEALTHY BRIGHT 100 ML;HAND&BODY LOTION;VASELINE;-1;BOTOL;12.000;17.000;0;;;
8999999027261;;REFIL SABUN LIFEBUOY LEMON 400ML;SABUN CAIR;LIFEBUOY;11;PCS;18.000;24.000;0;;;
8999999027865;;DOVE ROLL ON ULTIMATE 40 ML;DEODORAN;DOVE;-1;BOTOL;22.000;25.000;0;;;
8999999032128;;ZWITSAL ALOE VERA BABY BATH 100ML;SABUN CAIR;ZWITSAL;1;BOTOL;11.000;15.000;0;;;
8999999033125;;LIFEBUOY SHAMPO 70+21ML;SAMPO;LIFEBUOY;-5;PCS;10.500;12.000;0;;;
8999999033170;;LIFEBUOY SHAMPO HIJAU;SAMPO;LIFEBUOY;4;PCS;18.500;22.000;0;;;
8999999033200;;LIFEBUOY SHAMPO MILK NUTRISTRONG 70+21ml;SAMPO;LIFEBUOY;-2;PCS;8.500;10.000;0;;;
8999999033217;;SAMPO LIFEBUOY BIRU 170 ML;SAMPO;LIFEBUOY;3;BOTOL;17.500;22.000;0;;;
8999999034061;;ZWITSAL HAIR&BODY ALOE VERA 300ML;HAIR&BODY WASH;ZWITSAL;-5;PCS;29.200;35.000;0;;;
8999999034719;;PONDS MEN ACNE SOLUTION 100 GR;FACIAL FOAM;GARNIER;3;BOTOL;25.000;30.000;0;;;
8999999034733;;PONDS MEN BRIGHT BOOST 100 GR;FACIAL FOAM;PONDS;1;BOTOL;25.000;30.000;0;;;
8999999036492;;SABUN LUX BOTANICALS 100ML;SABUN CAIR;LUX;-6;PCS;10.000;14.000;0;;;
8999999036829;;refil sabun cair lux soft rose 400 ml;SABUN CAIR;LUX;10;PCS;16.000;23.000;0;;;
8999999036836;;LUX REFILL VELVET JASMINE 400ml;SABUN CAIR;LUX;-1;PCS;21.000;25.000;0;;;
8999999036843;;LUX BLUE PEONY REFILL 400ml;SABUN CAIR;LUX;0;PCS;21.000;25.000;0;;;
8999999036867;;LUX MAGICAL ORCHID REFILL 400ml;SABUN CAIR;LUX;2;PCS;18.500;24.000;0;;;
8999999037765;;PEPSODENT 225GR;PASTA GIGI;PEPSODENT;20;PCS;13.000;17.000;0;;;
8999999042387;;REXONA DEO LOTION CEWEK PINK SASET;DEODORAN;REXONA;36;PCS;2.100;3.000;0;;;
8999999044206;;ZWITSAL ALOE VERA BABY BATH HAIR&BODY;SABUN CAIR;ZWITSAL;13;PCS;22.500;28.000;0;;;
8999999045913;;SABUN BATANG LIFEBUOY BIRU 110 GR;SABUN BATANG;LIFEBUOY;9;PCS;5.000;7.000;0;;;
8999999045920;;SABUN BATANG LIFEBUOY MERAH 110 GR;SABUN BATANG;LIFEBUOY;0;PCS;5.000;7.000;0;;;
8999999045937;;SABUN LIFEBUOY MERAH 110GR;SABUN BATANG;LIFEBUOY;2;PCS;5.000;7.000;0;;;
8999999046989;;SABUN BATANG LIFEBOUY BIRU K;SABUN BATANG;LIFEBUOY;3;PCS;3.500;6.000;0;;;
8999999047887;;SUNSILK CONDITIONER BLACK SHINE 170ML;CONDITIONER;SUNSILK;-4;PCS;19.000;24.000;0;;;
8999999048235;;SUNSILK CONDITIONER SOFT&SMOOTH 170ML;CONDITIONER;SUNSILK;1;PCS;18.500;24.000;0;;;
8999999048266;;SUNLIK SHAMPOO SOFT&SMOOTH 170ML;SAMPO;SUNSILK;6;PCS;18.500;23.000;0;;;
8999999049393;;REXONA MEN ADVENTURE DEODORANT 45ml;DEODORAN;REXONA;-8;PCS;13.500;17.000;0;;;
8999999049416;;REXONA MEN QUANTUM DEODORANT 45ml;DEODORAN;REXONA;-3;PCS;13.000;17.000;0;;;
8999999049430;;REXONA MEN V8 DEODORANT 45ml;DEODORAN;REXONA;-3;PCS;13.000;17.000;0;;;
8999999049447;;REXONA ROLL ON UNGU;DEODORAN;REXONA;-3;PCS;13.500;17.000;0;;;
8999999049454;;REXONA ROL ON FREE SPIRIT;DEODORAN;REXONA;3;PCS;15.500;20.000;0;;;
8999999049461;;REXONA ROLL ON CEWEK IMVISIBLE DRY;DEODORAN;REXONA;-2;BOTOL;13.500;17.000;0;;;
8999999049485;;REXONA ROLL ON MERAH;DEODORAN;REXONA;6;PCS;13.400;17.000;0;;;
8999999049492;;REXONA POWER DRY 45ML;DEODORAN;REXONA;6;PCS;15.500;20.000;0;;;
8999999049508;;REXONA ROLL ON HIJAU;DEODORAN;REXONA;25;PCS;15.200;20.000;0;;;
8999999049669;;REXONA MEN ROLL ON BLACK N WHITE;DEODORAN;REXONA;0;BOTOL;13.500;17.000;0;;;
8999999052959;;PONDS FACIAL FOAM BRIGHT BEAUTY 50G;FACIAL WASH;PONDS;15;PCS;17.400;23.000;0;;;
8999999052973;;PONDS FACIAL FOAM PURE BRIGHT 50G;FACIAL WASH;PONDS;34;PCS;19.200;24.000;0;;;
8999999052997;;POND'S FACIAL SCRUB CLEAR SOLUTIONS 50G;FACIAL WASH;PONDS;5;PCS;15.500;20.000;0;;;
8999999053031;;PONDS FACIAL FOAM BRIGHT BEAUTY 100G;FACIAL WASH;PONDS;64;PCS;26.000;32.000;0;;;
8999999053048;;POND'S PURE BRIGHT FACIAL FOAM 100g;FACIAL FOAM;PONDS;35;PCS;25.900;32.000;0;;;
8999999053062;;FACIAL FOAM PONDS CLEAR SOLUTIONS 100 GR;FACIAL FOAM;PONDS;0;BOTOL;23.000;27.000;0;;;
8999999053291;;SABUN BATANG LIFEBUOY KUNING 110 GR;SABUN BATANG;LIFEBUOY;6;PCS;5.000;7.000;0;;;
8999999055752;;FAIR & LOVELY FACIAL FOAM SACHET;FACIAL FOAM;FAIR & LOVELY;148;PCS;2.600;5.000;0;;;
8999999055769;;FAIR & LOVELY BRIGHTENING FACIAL FOAM 50G;FACIAL WASH;FAIR & LOVELY;47;PCS;12.200;17.500;0;;;
8999999055776;;FAIR & LOVELY FACIAL FOAM 100g;FACIAL FOAM;FAIR & LOVELY;76;PCS;22.500;28.000;0;;;
8999999056841;;POND'S BRIGHT BEAUTY SERUM DAY CREAM 20g;CREAM WAJAH;PONDS;1;PCS;22.800;30.000;0;;;
8999999056889;;POND'S BRIGHT BEAUTY SPF 30;CREAM WAJAH;PONDS;2;PCS;18.000;23.000;0;;;
8999999056988;;PONDS PELEMBAB PINK SASET;PELEMBAB;PONDS;0;PCS;3.500;5.000;0;;;
8999999059309;;SABUN LIFEBUOY 70GR;SABUN BATANG;LIFEBUOY;3;PCS;3.500;6.000;0;;;
8999999059903;;POND'S ACE MIRACLE DAY CREAM 10g;CREAM WAJAH;PONDS;7;PCS;27.000;34.000;0;;;
8999999059934;;POND'S ACE MIRACLE NIGHT CREAM 10g;CREAM WAJAH;PONDS;10;PCS;28.400;36.000;0;;;
8999999501594;;SABUN LIFEBUOY BATANG LEMON FRESH 100 GR;SABUN BATANG;LIFEBUOY;-12;PCS;5.000;7.000;0;;;
8999999502942;;VASELINE GEL 50ML;GEL;VASELINE;13;PCS;24.900;31.000;0;;;
8999999502973;;VASELINE REPAIRING JELLY 100ML;CREAM KAKI;VASELINE;-2;PCS;38.000;43.000;0;;;
8999999514648;;LUX SAKURA BLOOM BODY WASH REFILL;BODY WASH;LUX;-3;PCS;20.000;25.000;0;;;
8999999515577;;LIFEBUOY BODY WASH REFILL 850ml;SABUN CAIR;LIFEBUOY;-1;PCS;32.000;38.000;0;;;
8999999515621;;LIFEBUOY BODY WASH REFILL LEMON FRESH 850ml;SABUN CAIR;LIFEBUOY;-2;PCS;30.000;35.000;0;;;
8999999519865;;DOVE ROLL ON IJO;DEODORAN;DOVE;3;PCS;23.000;26.000;0;;;
8999999519872;;DOVE ROLL ON PINK 40ML;DEODORAN;DOVE;-4;BOTOL;23.000;26.000;0;;;
8999999520182;;REXONA MEN HITAM;DEODORAN;REXONA;-3;PCS;13.000;17.000;0;;;
8999999520892;;FAIR & LOVELY 2IN1 POWDER CRIM 20g;CREAM WAJAH;FAIR & LOVELY;4;PCS;13.500;19.000;0;;;
8999999525583;;PAKET ZWITSAL;BABY;ZWITSAL;-2;PCS;30.000;36.000;0;;;
8999999525927;;CITRA PEARLY GLOW BRIGHTENING FACIAL FOAM 100g;FACIAL FOAM;CITRA;20;PCS;28.400;32.000;0;;;
8999999525934;;FACIAL FOAM CITRA IJO 100 GR;FACIAL FOAM;CITRA;1;BOTOL;28.400;35.000;0;;;
8999999527365;;PONDS MEN LIGHTNING OIL CLEAR 100 GR;FACIAL FOAM;GARNIER;0;BOTOL;23.500;28.000;0;;;
8999999528874;;HAND BODY CITRA KUNING 380ML PENCET;HAND&BODY LOTION;CITRA;-4;BOTOL;28.000;35.000;0;;;
8999999529604;;SAMPHO CLEAR MEN 160 ML;SAMPO;CLEAR;2;BOTOL;20.000;25.000;0;;;
8999999529628;;SAMPO CLEAR COMPLETE SOFT CARE 160 ML;SAMPO;CLEAR;2;BOTOL;20.000;25.000;0;;;
8999999529703;;CLEAR MEN COOL SPORT MENTHOL 80ml;SAMPO;CLEAR;-5;PCS;8.500;12.000;0;;;
8999999529734;;CLEAR SHAMPO ICE COOL MENTHOL 160ML;SAMPO;;5;PCS;19.000;24.000;0;;;
8999999529741;;CLEAR ICE COOL MENTHOL BESAR;SAMPO;CLEAR;0;PCS;30.000;34.000;0;;;
8999999533366;;HAND N BODY VASELINE FRESH N BRIGHT COOLING 100 ML;HAND&BODY LOTION;VASELINE;1;BOTOL;11.500;16.000;0;;;
8999999542214;;LUX SHIMMERING SANDALNOOD MUSK REFILL 400ml;SABUN CAIR;LUX;0;PCS;21.000;25.000;0;;;
8999999544126;;FAIR & LOVELY BB CREAM 15g;BB CREAM;FAIR & LOVELY;-2;PCS;34.000;38.000;0;;;
8999999548650;;REXONA DRY SERUM FRESH SAKURA 50ml;DEODORAN;REXONA;-6;PCS;13.000;17.000;0;;;
8999999552442;;FAIR LOVELY MASKER WAJAH SASET;MASKER WAJAH;FAIR & LOVELY;6;PCS;6.000;12.000;0;;;
8999999553685;;PONDS MEN PORE VACUUM 100 GR;FACIAL FOAM;PONDS;1;BOTOL;23.500;28.000;0;;;
8999999555214;;PONDS MENS OIL BASTER 100 GR;FACIAL FOAM;PONDS;1;BIJIAN;22.000;27.000;0;;;
8999999555870;;SHAMPOO CLEAR MENTOL 125ML;SAMPO;CLEAR;0;BOTOL;16.000;20.000;0;;;
8999999559588;;VASELINE BODY SERUM SOFT+GLOW 180ml;OBAT;VASELINE;-5;PCS;20.000;24.000;0;;;
8999999563400;;REXONA MEN LIME COLL;DEODORAN;REXONA;0;BOTOL;13.500;17.000;0;;;
8999999566647;;FACIAL FOAM FAIR LOVELY KUNING 50 GR;FACIAL FOAM;FAIR & LOVELY;1;BOTOL;13.000;17.000;0;;;
8999999566654;;FACIAL FOAM FAIR LOVELY KUNING 100 GR;FACIAL FOAM;FAIR & LOVELY;8;BOTOL;22.500;28.000;0;;;
8999999566661;;FAIR & LOVELY SACHET KUNING;FACIAL FOAM;FAIR & LOVELY;-35;PCS;2.700;5.000;0;;;
8999999566838;;PONDS FACIAL FOAM ANTI BACTERIAL;FACIAL WASH;PONDS;-2;PCS;20.000;24.000;0;;;
8999999568757;;POND'S SKIN PROTECT DAY CREAM 20g;CREAM WAJAH;PONDS;-2;PCS;14.000;18.000;0;;;
8999999568849;;BODY SERUM CITRA 100ML;BODY SERUM;CITRA;3;BOTOL;12.500;18.000;0;;;
8999999569785;;REFFIL SABUN ZWITSAL 2IN1 600ML;SABUN CAIR;ZWITSAL;1;PCS;27.000;32.000;0;;;
8999999573065;;SAMPO DOVE RAMBUT LEPEK 135 ML;SAMPO;DOVE;1;BOTOL;19.000;23.000;0;;;
8999999573072;;DOVE SHAMPO PUTIH BIRU 70ML;SAMPO;DOVE;-2;PCS;17.000;22.000;0;;;
8999999573089;;SAMPO DOVE RAMBUT RONTOK 135ML;SAMPO;DOVE;2;BOTOL;17.000;22.000;0;;;
8999999573102;;SAMPO DOVE ANTI KETOMBE 135ML;SAMPO;DOVE;1;BOTOL;18.500;23.000;0;;;
8999999574369;;PEPSODENT BIRU 75+15g;PASTA GIGI;PEPSODENT;-7;PCS;4.000;6.000;0;;;
8999999574376;;CLOSEUP 72 GR;PASTA GIGI;CLOSEUP;0;PCS;6.000;9.000;0;;;
8999999574802;;PEPSODENT SIKAT GIGI;SIKAT;PEPSODENT;15;PCS;3.000;5.000;0;;;
8999999576790;;ZWITSAL BABY CREAM NATURAL 50GR;BABY CREAM;ZWITSAL;2;PCS;17.000;23.000;0;;;
8999999577780;;PEPSODENT HERBAL ISI 2 380 GR;PASTA GIGI;PEPSODENT;-3;PCS;22.000;28.000;0;;;
8999999578145;;PONDS MEN OIL CRUSHER COOLING FOAM 100G;FACIAL WASH;PONDS;-4;PCS;21.000;26.000;0;;;
8999999578152;;PONDS MEN ACNO STRIKER ICY SCRUB;FACIAL WASH;GARNIER;-3;PCS;25.000;27.000;0;;;
8999999579616;;PEPSODENT HERBAL 120 GR;PASTA GIGI;PEPSODENT;-8;PCS;11.000;14.000;0;;;
8999999580735;;REXONA MEN ICE COOL ROLL ON;DEODORAN;REXONA;15;PCS;15.500;20.000;0;;;
8999999580742;;REXONA MEN SPORT DEFENSE;DEODORAN;REXONA;8;BOTOL;14.600;20.000;0;;;
8999999580759;;REXONA ROLL ON MENSADVENTURE;DEODORAN;REXONA;14;BOTOL;13.000;17.000;0;;;
8999999580766;;REXONA ROLL ON MENSULTRA RECHARGE;DEODORAN;REXONA;12;BOTOL;15.500;20.000;0;;;
8999999580773;;REXONA MEN INVISIBLE DRY 45 ML;DEODORAN;REXONA;1;BOTOL;14.600;20.000;0;;;
8999999580797;;REXONA ROLL ON MENS ACTIV BRIGHT;DEODORAN;REXONA;0;BOTOL;13.500;17.000;0;;;
8999999586904;;SAMPOO LIFEBUOY KUNING155ML;SAMPO;LIFEBUOY;3;BOTOL;17.500;22.000;0;;;
8999999587499;;PONDS MEN ULTRA BRIGHT OIL FIGHTER 100 GR;FACIAL FOAM;PONDS;10;BOTOL;25.000;30.000;0;;;
8999999589189;;SUNLIGHT CAIR 650 ML;SABUN CAIR;PT UNIVERSAL ;-2;PCS;12.000;16.000;0;;;
8999999589400;;FAIR LOVELY CREAM VIT. C 20 GR;PELEMBAB;FAIR & LOVELY;1;BOTOL;14.000;19.000;0;;;
8999999593841;8999999593841;SUNSILK ANTI KETOMBE 160 ML;SAMPO;SUNSILK;-4;PCS;19.000;23.000;0;;;
8999999596774;;SABUN LIFEBUOY  BATANG merah 70 gr;SABUN BATANG;LIFEBUOY;-24;PCS;3.000;6.000;0;;;
8999999597450;;ZWITSAL ALOE VERA HAIR N BODY BATH 400ML;SABUN CAIR;ZWITSAL;13;BOTOL;22.500;30.000;0;;;
8999999597481;;HAIR N BODY ZWITSAL ANTIBACTERIAL 200 ML;HAIR&BODY WASH;ZWITSAL;3;BOTOL;18.500;24.000;0;;;
8999999600129;;REFILL LUX HIJAB UNGU;SABUN CAIR;LUX;-1;PCS;18.000;23.000;0;;;
8999999601546;;PEPSODENT HERBAL 65 GR;PASTA GIGI;PEPSODENT;-2;BOTOL;4.600;8.000;0;;;
8999999604783;;SABUN ZWITSAL BATANG ALOE VERA 70 GR;SABUN BATANG;ZWITSAL;30;PCS;4.200;7.000;0;;;
8999999605940;;CITRA HAND&BODY LOTION KUNING 210ml;BODY LOTION;CITRA;22;PCS;17.100;23.000;0;;;
8999999605957;;CITRA HAND&BODY LOTION KUNING 110ML;BODY LOTION;CITRA;47;PCS;9.900;15.000;0;;;
8999999605995;;CITRA HAND&BODY PINK 210ml;BODY LOTION;CITRA;18;PCS;17.100;23.000;0;;;
8999999606008;;CITRA HAND&BODY LOTION PINK 120ML;BODY LOTION;CITRA;31;PCS;9.900;15.000;0;;;
8999999606787;;LIFEBUOY REFILL MERAH 400ml;SABUN CAIR;LIFEBUOY;11;PCS;16.500;23.000;0;;;
8999999612054;;SUNSILK SHAMPOO BLACK GLOSSY 160 ML;SAMPO;SUNSILK;2;BOTOL;21.000;25.000;0;;;
8999999612139;;SHAMPO SUNSILK SILKY SMOOTH;SAMPO;SUNSILK;-1;PCS;19.000;23.000;0;;;
8999999612290;;SUNSLIK CONDITIONER SILKY SMOOTH 160 ML;CONDITIONER;SUNSILK;-3;BOTOL;30.000;35.000;0;;;
8999999614034;;REXONA MEN ROLL ON GARUDA EDITION;DEODORAN;REXONA;2;BOTOL;15.500;20.000;0;;;
8999999616045;;CREAM FAIR LOVELY SASET KUNING;PELEMBAB;FAIR & LOVELY;36;PCS;3.500;5.000;0;;;
8999999706081;;PEPSODENT 75G;PASTA GIGI;PEPSODENT;9;PCS;4.400;7.500;0;;;
8999999706173;;PEPSODENT 25G;PASTA GIGI;PEPSODENT;11;PCS;9.200;12.000;0;;;
8999999706180;;PEPSODENT 190+15G;PASTA GIGI;PEPSODENT;7;TUBE;13.000;17.000;0;;;
8999999707859;;CLOSEUP MENTOL FRESH 160G;PASTA GIGI;CLOSEUP;1;PCS;14.200;18.000;0;;;
8999999710866;;PEPSODENT HERBAL 190g;PASTA GIGI;PEPSODENT;-6;PCS;15.000;18.000;0;;;
8999999719395;;VASELINE HEALTHY BRIGHT LOTION 100ml;BODY LOTION;VASELINE;25;PCS;13.500;18.000;0;;;
8999999719418;;VASELINE HEALTHY BRIGHT LOTION 200ml;BODY LOTION;VASELINE;7;PCS;24.000;30.000;0;;;
8999999719753;;PONDS TONER PINK 100ML;TONER;PONDS;-7;PCS;26.700;30.000;0;;;
8999999719760;;TONER PONDS SHAKE IJO 100ML;TONER;PONDS;2;BOTOL;18.500;25.000;0;;;
8999999720742;;BEDAK PADAT PONDS;BEDAK ;PONDS;0;PCS;10.000;15.000;0;;;
8999999720940;;CLEAR HAIR STYLING CREAM 100g;MINYAK RAMBUT;CLEAN & CLEAR;-2;PCS;7.500;12.000;0;;;
9012256666400;;SUPER DR GOLD DAY NIGHT CREAM;CREAM WAJAH;DR;56;PCS;5.500;12.000;0;;;
9224942135144;;KOPI CLENG;JAMU;JAMU;-7;PCS;9.500;15.000;0;;;
95506296;;STREPSILS ORIGINAL;OBAT;PT RECKITT;-7;PCS;7.500;10.000;0;;;
95506302;;STREPSIL COOL;OBAT;PT RECKITT;-24;PCS;9.300;12.000;0;;;
9555074300620;;SABUN CAIR DOMBA LEIVY NATURALLY 250ML;SABUN CAIR;SUDOM;-1;PCS;20.000;25.000;0;;;
9555074300866;;HANDS BODY SUDOM LEIVY DOUBLE MOISTURISING 500ml;HAND&BODY LOTION;LEIVY ;-1;PCS;70.000;73.000;0;;;
9555135302655;;DR-PURE DAY CREAM;CREAM WAJAH;DR-PURE;-2;PCS;34.200;42.000;0;;;
9555135302662;;DR-PURE NIGHT CREAM;CREAM WAJAH;DR-PURE;2;PCS;34.200;42.000;0;;;
9555135303089;;SABUN BATANG DR PURE;SABUN BATANG;DR;0;PCS;12.700;17.000;0;;;
9555135303690;;DR-PURE SERIES DAY+NIGHT CREAM 50g;CREAM WAJAH;DR-PURE;-1;PCS;75.000;90.000;0;;;
9555135303768;;SERUM DR PURE;SERUM WAJAH;DR;-5;BOTOL;38.400;45.000;0;;;
9555135303775;;SABUN BATANG DR PURE RICE MILK;SABUN BATANG;DR-PURE;0;PCS;14.500;19.000;0;;;
9555163306588;;FIESTA MAX DOTTED GERIGI;ALKES;FIESTA;-2;PCS;10.900;16.000;0;;;
9556108212018;;STREPSILS COOL;OBAT;PT RECKITT;-16;STRIP;9.000;12.000;0;;;
9556108212025;;STREPSILS HONEY & LEMON FLAVOURS;OBAT;PT RECKITT;5;STRIP;9.300;13.000;0;;;
9556300135375;;COLLAGEN TONER 100ml;TONER;COLLAGEN;0;BOTOL;10.900;20.000;0;;;
9556564126010;;FIESTA ULTRA SAFE ISI 3;ANTISEPTIC;FIESTA;-1;DUS;10.500;15.000;0;;;
9556564303251;;FIESTA LUBRICANT STRAWBERRY 50 ML;OBAT;FIESTA;-3;BOTOL;35.000;40.000;0;;;
9556564481249;;FIESTA DURIAN ISI 3;ANTISEPTIC;FIESTA;1;DUS;11.000;15.000;0;;;
9556564802709;;FIESTA STRAWBERRY 3;PENGAMAN;FIESTA;-11;PCS;12.500;17.000;0;;;
9556564802907;;FIESTA BANANA ISI 3;ANTISEPTIC;FIESTA;0;DUS;10.500;15.000;0;;;
9556848127863;;PEMPERS DEWASA PEREKAT XL OTTO;ALKES;OTO;7;PCS;7.500;10.000;0;;;
9897665488219;;MADU ZURIYAT PROMIL 350gr;MADU;AT-THOIFAH;0;PCS;80.000;95.000;0;;;
9899987703223;;RAMUAN PAHIT 25 475gr;MADU;HERBAL ALAMI;-3;PCS;70.000;85.000;0;;;
9900011038294;;MAKE UP BRUSH MAC;AKSESORIS;MAC;9;PCS;18.400;25.000;0;;;
ABOKET 0001;;ABOKET TERUMO PINK;ALKES;TERUMO;191;PCS;9.000;16.000;0;;;
ABOKET 0002;;ABOKET TERUMO KUNING;ALKES;TERUMO;83;PCS;9.000;17.000;0;;;
ABOKET 0003;;ABOKET BIRU TERUMO;ALKES;TERUMO;109;PCS;9.000;17.000;0;;;
ABOKET 0004;;ABOKET WING VASOFIX;ALKES;NO MEREK;6;PCS;9.000;15.000;0;;;
ACETYLCYSTEINE 0001;;ACETYLCYSTEINE 200mg;OBAT;PT YARINDO ;106;STRIP;5.300;10.000;0;;;
ACICLOVIR TAB 0001;;ACICLOVIR 400mg;OBAT;PT PHAROS;53;STRIP;6.400;11.000;0;;;
ACLONAC 0001;;ACLONAC 50MG;OBAT;PHAROS;7;STRIP;10.000;15.000;0;;;
ADALAT 0001;;ADALAT OROS TABLET 30MG;OBAT;PT BAYER;3;STRIP;50.000;70.000;0;;;
AIR SOFTLENS 0001;;AIR SOFLEN AQUAS 60ML;AIR SOFTLENS;AQUAS;320;PCS;6.700;11.000;0;;;
AIR SOFTLENS AQUAS 0002;;AIR SOFTLENS AQUAS 120 ML;AIR SOFTLENS;AQUAS;49;BOTOL;10.500;16.000;0;;;
AKNIL 0001;;AKNIL TABLET;OBAT;PT SUNTHI;6;PCS;6.500;11.000;0;;;
AL JAZIRA 0001;;ALJAZIRA MADU HUTAN PILIHAN 1kg;MADU;AL JAZIRA;-1;PCS;60.000;80.000;0;;;
AL-JAZIRA 0001;;MADU HUTAN PILHAN 500gr;MADU;AL JAZIRA;0;PCS;36.000;50.000;0;;;
AL-JAZIRA 0002;;MADU PAHIT PROPOLIS PLUS 460g;MADU;AL JAZIRA;2;PCS;45.000;60.000;0;;;
ALAT MAKEUP 0001;;ALAT MAKEUP LENGKAP;KUAS;NO MEREK;-3;PCS;8.800;23.000;0;;;
ALAT MASKER 0001;;MANGKOK MASKER;TEMPAT;NO MEREK;9;PCS;8.500;13.000;0;;;
ALBUMIN 0001;;PRO ALBUMIN ISI 50 KAPSUL;OBAT;JAMU;0;BOTOL;22.000;35.000;0;;;
ALCO 0002;;ALCO DROP 15ML;OBAT;PT INTERBAT;-1;BOTOL;85.000;90.000;0;;;
ALCO 0003;;ALCO PLUS PINK 100ML;OBAT;PT INTERBAT;0;BOTOL;65.000;70.000;0;;;
ALKOHOL 0001;;ALKOHOL 70%;ANTISEPTIC;CV BERKAH;218;PCS;2.500;7.000;0;;;
ALKOHOL 0002;;ALKOHO 70% 300ML;ALKES;NO MEREK;59;BOTOL;7.000;15.000;0;;;
ALLERON 0001;;ALLERON;OBAT;MEF;172;STRIP;1.300;4.500;0;;;
ALLERON POT 0001;;ALLERON POT;OBAT;MEF;299;BOTOL;12.000;20.000;0;;;
ALLOPURINOL 0001;;ALLOPURINOL 300mg;OBAT;BERNOFARM;94;PCS;4.300;8.500;0;;;
ALLOPURINOL 0002;;ALLOPURINOL 100mg;OBAT;PT RAMA;429;STRIP;2.100;5.000;0;;;
ALLOPURINOL 0003;;ALLOPURINOL HJ 100MG;OBAT;HEXPHARM;54;STRIP;2.000;4.500;0;;;
ALLPURINOL 0004;;ALLOPURINOL TRIFA 100MG;OBAT;TRIFA;29;STRIP;1.700;4.500;0;;;
ALOFAR 0001;;ALOFAR 100;OBAT;PT IFARS;41;PCS;3.000;6.000;0;;;
ALOFAR 300;;ALOFAR 300;OBAT;IFARS;39;STRIP;6.500;10.000;0;;;
ALPARA 0001;;ALPARA TABLET;OBAT;PT MOLEX;884;STRIP;6.200;10.000;0;;;
ALPARA SYRUP 0001;;ALPARA SYRUP 60ML;OBAT;PT MOLEX AYUS;32;BOTOL;12.500;17.000;0;;;
ALPHAMOL 0001;;ALPHAMOL 600mg;OBAT;PT MOLEX;4;STRIP;2.500;8.000;0;;;
AMBROXOL 0001;;AMBROXOL HCL 30mg;OBAT;PT PROMED;363;STRIP;1.300;4.000;0;;;
AMBROXOL 0002;;AMBROXOL SIRUP 60 ML;OBAT;PT MUTIFA;0;BOTOL;5.000;9.000;0;;;
AMLODIPIN 0001;;AMLODIPIN 10MG BERNOFARM;OBAT;BERNOFARM;-6;STRIP;3.300;8.000;0;;;
AMLODIPINE 0002;;AMLODIPINE DEXA 5MG;OBAT;DEXA MEDICA;9;STRIP;2.000;5.000;0;;;
AMLODIPINE 0003;;AMLODIPNE DEXA 10MG;OBAT;DEXA MEDICA;-8;STRIP;4.500;10.000;0;;;
AMLODIPINE 0005;;AMLODIPINE 5MG MEGA;OBAT;NO MEREK;-4;STRIP;1.500;5.000;0;;;
AMLODIPINE 0006;;AMLODIPINE MEGA 10 MG;OBAT;PT MECOSIN;5;STRIP;2.000;8.000;0;;;
AMOSTERA 0001;;AMOSTERA 500mg;OBAT;PT SEJAHTERA LESTARI FARMA;88;STRIP;5.400;12.000;0;;;
AMOX 0001;;AMOXILIN 500mg;OBAT;NOVAPHARIN;2.885;STRIP;4.500;8.000;0;;;
AMOXAN 0001;;AMOXSAN SYR 60ML;OBAT;PT SANBE;12;BOTOL;25.000;32.000;0;;;
AMOXILIN 0001;;AMOXILIN 500mg NOVAPHARIN;OBAT;NOVAPHARIN;389;STRIP;4.500;8.000;0;;;
AMOXILLIN 0003;;AMOXILIN HJ;OBAT;HEXPHARM;258;STRIP;4.400;8.500;0;;;
AMOXSAN 0001;;AMOXSAN 500mg CAPSULE;OBAT;PT CAPRI;45;STRIP;34.000;42.000;0;;;
AMPICILLIN 0001;;AMPICILLIN TRIHYDRATE 500mg;OBAT;NOVAPHARIN;119;STRIP;5.500;10.000;0;;;
ANASTAN 0001;;ANASTAN FORTE TABLET;OBAT;PT HUFA;2;STRIP;3.400;7.000;0;;;
ANELAT 0001;;ANELAT TABLET;OBAT;PT IFARS;-11;STRIP;1.500;5.000;0;;;
ANTALGIN 0001;;ANTALGIN PIM TABLET;OBAT;PT PIM;13;STRIP;2.500;6.000;0;;;
ANTASIDA 0001;;ANTASIDA DOEN SYR 60ML;OBAT;PT LUCAS DJAJA;62;BOTOL;5.000;8.500;0;;;
ANTASIDA 0002;;ANTASIDA DEON TAB TRIFA;OBAT;TRIFA;-56;STRIP;1.200;4.500;0;;;
ANTASIDA TAB 0001;;ANTASIDA DEON TAB;OBAT;TRIMAN;151;STRIP;1.200;4.000;0;;;
APTOR 0001;;APTOR TABLET;OBAT;PT NOVELL;-2;STRIP;2.000;5.000;0;;;
ARCOXIA 0001;;ARCOXIA TABLET 90MG;OBAT;PT ORGANON;5;BIJIAN;11.500;20.000;0;;;
ARCOXIA 0002;;ARCOXIA TABLET 60 MG;OBAT;PT ORGANON;30;BIJIAN;16.500;20.000;0;;;
ARDIUM 0001;;ARDIUM TABLET 500MG;OBAT;PT SERVIER;2;STRIP;10.000;162.000;0;;;
ARKAVIT 0001;;ARKAVIT TABLET;OBAT;BALATIF;-1;STRIP;2.700;6.000;0;;;
ASAM FOLAT 0001;;ASAM FOLAT TABLET;OBAT;NOVAPHARIN;6;STRIP;3.000;5.000;0;;;
ASETON 0002;;ASETON ROSARY;CAIRAN;NO MEREK;4;PCS;10.500;15.000;0;;;
ASMET 0001;;MEFENAMIC ACID MERSI;OBAT;PT MERSI FARMA;388;STRIP;2.400;6.000;0;;;
ASSALAM 0001;;ASSALAM;JAMU;JAMU;163;PCS;5.500;7.000;0;;;
ASTHERIN 0001;;ASTHERIN TABLET;OBAT;PT PYRIDAM;55;STRIP;2.800;6.000;0;;;
ASTIN 0001;;ASTIN FORCE 4MG;OBAT;SOHO GLOBAL HEALT ;3;STRIP;77.500;83.000;0;;;
AT-THOIFAH 0001;;MADU QUSTHUL HINDI 350gr;MADU;AT-THOIFAH;0;BOTOL;38.500;60.000;0;;;
AT-THOIFAH 00010;;SARI KURMA ANGKAK 330gr;MADU;AT-THOIFAH;0;BOTOL;24.000;40.000;0;;;
AT-THOIFAH 0002;;SARI KURMA QUSTHUL HINDI 350gr;MADU;AT-THOIFAH;0;BOTOL;29.500;40.000;0;;;
AT-THOIFAH 0003;;MADU PENYUBUR KANDUNGAN CEWEK 350gr;MADU;AT-THOIFAH;-1;PCS;72.000;90.000;0;;;
AT-THOIFAH 0004;;MNADU MAAG 125ml;MADU;AT-THOIFAH;-1;BOTOL;40.000;50.000;0;;;
AT-THOIFAH 0005;;MADU TERAPI BATUK 125ml;MADU;AT-THOIFAH;-1;BOTOL;32.000;50.000;0;;;
AT-THOIFAH 0006;;KAPSUL DAUN KELOR 60KAPSUL;OBAT;AT-THOIFAH;0;BOTOL;48.000;70.000;0;;;
AT-THOIFAH 0007;;KAPSUL GAMAS 60 KAPSUL;OBAT;AT-THOIFAH;0;PCS;56.000;75.000;0;;;
AT-THOIFAH 0008;;KAPSUL KUNYIT PUTIH 60KAPSUL;OBAT;AT-THOIFAH;0;PCS;48.000;65.000;0;;;
AT-THOIFAH 0009;;LUMBRICAPS 45KAPSUL;OBAT;AT-THOIFAH;0;PCS;56.000;75.000;0;;;
ATH-THOIFAH 0001;;KAPSUL HABBATHOIFAH NIGELLA SATIVA 200KAPSUL;OBAT;AT-THOIFAH;-1;PCS;104.000;224.000;0;;;
ATH-THOIFAH 0002;;KAPSUL HABBATHOIFAH 100 KAPSUL;OBAT;AT-THOIFAH;-2;BOTOL;65.000;80.000;0;;;
ATORVASTATIN 0001;;ATORVASTATIN CALCIUM TRIHYDRATE 20mg;OBAT;PT PRATAPA;22;STRIP;19.700;26.000;0;;;
ATORVASTATIN 0002;;ATORVASTATIN 10mg;OBAT;PT PRATAPA;8;STRIP;19.400;25.000;0;;;
ATORVASTATIN 0003;;ATORVASTATIN 20 MG ISI 6;OBAT;DEXA MEDICA;-14;STRIP;3.800;10.000;0;;;
ATORVASTATIN 0004;;ATORVASTATIN 40MG;OBAT;PT PRATAPA;-4;STRIP;30.000;37.000;0;;;
ATORVASTATIN 0005;;ATORVASTATIN TABLET DEXA;OBAT;DEXA MEDICA;21;STRIP;7.300;14.000;0;;;
ATORVASTATIN 0006;;ATORVASTATIN 20 MG HJ;OBAT;HEXPHARM;-5;STRIP;13.800;20.000;0;;;
ATORVASTATIN 0007;;ATORVASTATIN 10 MG HJ;OBAT;HEXPHARM;12;STRIP;12.000;17.000;0;;;
AVESCO 0001;;AVESCO 10MG;OBAT;BERNOFARM;2;STRIP;12.700;17.000;0;;;
AVESCO 0002;;AVESCO 20 MG;OBAT;PT DIPA;1;STRIP;18.500;24.000;0;;;
AZITHROMYCIN 0001;;AZITHROMYCIN DIHYDRATE 500mg;OBAT;PT PYRIDAM;20;STRIP;35.000;40.000;0;;;
AZITHROMYCIN DIHYDRATE OOO1;;AZITHROMYCIN DIHYDRATE 500mg;OBAT;KIMIA FARMA;-14;STRIP;0;0;0;;;
BANDANA 0001;;BANDANA DEWASA;ALAT MAKE UP;NO MEREK;15;PCS;5.000;10.000;0;;;
BANDO 0001;;BANDO BONEKA;AKSESORIS;NO MEREK;-3;PCS;9.200;15.000;0;;;
BAYCUTEN 0001;;SALEP BAYCUTEN -N 5GR;SALEP;BAYER;0;PCS;60.000;70.000;0;;;
BENEURON 0001;;BENEURON TABLET;OBAT;BERNOFARM;11;STRIP;3.800;10.000;0;;;
BENOSON 25;;SALEP BENOSON IJO 15 GR;SALEP;BENOFARM;1;PCS;36.000;44.000;0;;;
BETAHISTINE 0001;;BETAHISNTINE MESILATE 6MG;OBAT;DEXA MEDICA;125;STRIP;2.200;6.000;0;;;
BETAMIN 0001;;BETAMIN;OBAT;PT SAMCO;600;PCS;23.000;30.000;0;;;
BINAHONG 0001;;BINAHONG;OBAT;JAMU;35;PCS;1.500;2.500;0;;;
BIOAQUA 0001;;MASKER BIOAQUA SASET;MASKER;BIOAQUA;6;PCS;3.400;10.000;0;;;
BIOGASTRON 0001;;BIOGASTRON TABLET;OBAT;BERNOFARM;8;STRIP;3.000;6.500;0;;;
BIOLYSIN 0001;;BIOLYSIN TABLET;OBAT;BERNOFARM;-7;STRIP;6.500;10.000;0;;;
BIOMEGA 0001;;BIOMEGA TABLET;OBAT;GRAHA FARMA;16;STRIP;5.300;10.000;0;;;
BIOTHICOL 0001;;BIOTHICOL SIRUP 60 ML;OBAT;SANBE;2;BOTOL;24.000;30.000;0;;;
BORWATER 0001;;BOORWATER;ALAT CUCI;NO MEREK;7;BOTOL;3.000;7.000;0;;;
BOTOL BIASA 0001;;BOTOL BIASA;BOTOL;CHOOCHOO;5;BOTOL;7.100;12.000;0;;;
BOTOL SUSU 0001;;BOTOL SUSU BIASA;BOTOL;CHOOCHOO;6;BOTOL;11.000;20.000;0;;;
BOTOL SUSU 0002;;BOTOL SUSU BIASA KINAVA;BABY;NO MEREK;17;BOTOL;13.400;20.000;0;;;
BOTOL SUSU PIGEON 0001;;BOTOL SUSU PIGEON 240ml;BOTOL;PIGEON;34;PCS;27.000;36.000;0;;;
BOTOL SUSU PIGEUN 0002;;BOTOL SUSU PIGEUN 120ml;BOTOL;PIGEON;16;PCS;26.000;33.000;0;;;
BOTOL SUSU PIGEUN 0003;;BOTOL SUSU PIGEUN 50ml;BOTOL;PIGEON;12;PCS;24.000;29.000;0;;;
BRASOV 0001;;BRASOV KUTEK PEEL OFF;KUTEK;BRASOV;14;PCS;8.500;12.000;0;;;
BROCHIFAR 0001;;BROCHIFAR PLUS;OBAT;IFARS;51;STRIP;5.800;11.000;0;;;
BROCHIFAR 0002;;BROCHIFAR TABLET;OBAT;PT IFARS;57;STRIP;4.800;9.000;0;;;
BROCON TAB 0001;;BROCON TABLET;OBAT;PT IFARS;40;STRIP;4.500;9.000;0;;;
BROMIFAR 0001;;BROMIFAR TAB 8MG;OBAT;IFARS;51;STRIP;1.300;5.000;0;;;
BROMIFAR 0002;;BROMIFAR PLUS;OBAT;IFARS;10;STRIP;1.800;5.000;0;;;
BRONCHITIN 0001;;BRONCHITIN TABLET;OBAT;NUFARINDO;11;STRIP;5.800;11.000;0;;;
BRONEX 0001;;BRONEX;OBAT;ZENITH;21;PCS;1.900;5.000;0;;;
BRONKRIS 0001;;BRONKRIS;OBAT;GRAHA FARMA;41;STRIP;1.900;5.000;0;;;
BRONKRIS 0002;;BRONKRIS SIRUP 60ML;OBAT;GRAHA FARMA;-5;BOTOL;7.500;13.000;0;;;
BRUSH 0001;;KUAS BRUSH ON EBM;KUAS;NO MEREK;1;PCS;10.000;15.000;0;;;
BRUSH MAKEUP BESAR 0001;;BRUSH MAKEUP BESAR;KUAS;NO MEREK;-1;PCS;0;0;0;;;
BUFACARYL 0001;;BUFACARYL TABLET;OBAT;ZENITH;97;STRIP;2.500;6.000;0;;;
BUFACETINE 0001;;SALEP BUFACETINE 15 GR;OBAT;ZENITH;6;PCS;7.000;12.000;0;;;
BULU MATA 0001;;BULU MATA AIGLOW;BULUMATA;AIGLOW;-27;PCS;4.500;7.000;0;;;
BULU MATA 0002;;BULU MATA 3D;BULUMATA;HUDA BEAUTY;248;PCS;4.500;7.000;0;;;
BULU MATA 0003;;BULU MATA LOGO;BULUMATA;NO MEREK;20;PCS;3.800;7.000;0;;;
BULU MATA 0004;;BULU MATA PARIS;BULUMATA;NO MEREK;24;PCS;4.200;8.000;0;;;
BULU MATA 0005;;BULU MATA PARIS PINK;BULUMATA;NO MEREK;24;PCS;5.500;9.000;0;;;
BULU MATA 0006;;BULU MATA BAWAH;AKSESORIS;NO MEREK;20;PAK;3.800;7.000;0;;;
BULU MATA 4D 0001;;BULU MATA 4D;BULUMATA;DEAMISA;214;PCS;10.000;13.000;0;;;
BULUMATA 0002;;ELISE BULUMATA;BULUMATA;ELISE;-3;PCS;30.000;34.000;0;;;
BULUMATA 0004;;BULU MATA TANEM;BULUMATA;NO MEREK;-3;PCS;40.000;50.000;0;;;
BUSCOPAN 0001;;BUSCOPAN TABLET;OBAT;SANOFI;247;STRIP;200;40.000;0;;;
BUSCOPAN 0002;;BUSCOPAN PLUS;OBAT;SANOFI;19;STRIP;21.600;27.000;0;;;
CAIRAN NACL 0001;;NACL;CAIRAN;PT B BRAUN;482;PCS;8.000;15.000;0;;;
CAIRAN NACL 0002;;SODIUM NACL KECIL;CAIRAN;PT B BRAUN;51;PCS;8.000;15.000;0;;;
CAL 0001;;CAL 95;OBAT;LAPI;-14;STRIP;44.000;50.000;0;;;
CALCIFAR 0001;;CALCIFAR PLUS;OBAT;PT IFARS;13;STRIP;1.700;5.000;0;;;
CALCIFAR 0002;;CALCIFAR TABLET;OBAT;IFARS;5;STRIP;1.700;5.000;0;;;
CALCIUM LACTATE 0001;;CALCIUM LACTATE TABLET;OBAT;PT MERSI FARMA;46;STRIP;1.200;5.000;0;;;
CALORTUSIN 0001;;CALORTUSIN TABLET;OBAT;PT RAMA;49;STRIP;5.400;9.000;0;;;
CAMIDRYL SYRUP 0001;;CAMIDRYL SYRUP 60ML;OBAT;PT LUCAS DJAJA;-1;BOTOL;5.000;10.000;0;;;
CANDERSATAN 0002;;CANDESARTAN TABLET 8MG;OBAT;DEXA MEDICA;92;STRIP;4.700;9.000;0;;;
CAPTROPIL 25mg 0001;;CAPTROPIL 25mg;OBAT;ETA;211;STRIP;1.400;3.000;0;;;
CARBIDU 0001;;CARBIDU 0,75mg;OBAT;SHAMPHARINDO PERDANA;246;STRIP;1.700;5.000;0;;;
CARBIDU 0002;;CARBIDU 0,5mg;OBAT;SHAMPHARINDO PERDANA;84;STRIP;1.500;4.500;0;;;
CARGESIK 0001;;CARGESIK TABLET 500MG;OBAT;SAMPHARINDO;-1;STRIP;3.700;8.000;0;;;
CARMESON 0001;;CARMESON TABLET 4MG;OBAT;SAMPHARINDO;19;STRIP;4.000;8.500;0;;;
CARMESON 0002;;CARMESON TABLET 8MG;OBAT;SAMPHARINDO;28;STRIP;5.200;10.000;0;;;
CASANDRA 0001;;CASANDRA  LIPTICK;LIPSTIK/LIPCREAM/LIPTIN/LIPBLAM;CASANDRA;-7;PCS;10.000;15.000;0;;;
CATAFLAM 25mg 0001;;CATAFLAM 25mg;OBAT;KISLENE;-42;BIJIAN;3.900;7.500;0;;;
CATAFLAM 50mg 0001;;CATAFLAM 50mg;OBAT;KISLENE;1.984;BIJIAN;7.200;9.000;0;;;
CAVICUR 0001;;CAVICUR TABLET ISI 10;OBAT;ERLA;-3;STRIP;5.500;10.000;0;;;
CAVIPLEX 0001;;CAVIPLEX SYR 60ML;VITAMIN;ERELA;19;BOTOL;11.500;16.000;0;;;
CEFAD 0001;;CEFADROXIL MONOHYDRATE 500mg;OBAT;BERNOFARM;505;STRIP;8.800;16.000;0;;;
CEFIXIME 0001;;CEFIXIME SIRUP 100ML;OBAT;IFARS;5;BOTOL;12.000;20.000;0;;;
CEK 0004;;CEK LENGKAP;CEK;NO MEREK;-831;PCS;21.000;45.000;0;;;
CEK ASAM URAT 0001;;CEK ASAM URAT;CEK;NO MEREK;854;STRIP;3.800;10.000;0;;;
CEK COLESTROL 0001;;CEK COLESTROL;CEK;NO MEREK;711;PCS;15.500;25.000;0;;;
CEK GULA 0001;;CEK GULA;CEK;NO MEREK;1.130;PCS;3.000;10.000;0;;;
CEK HB 0001;;CEK HB;ALKES;NO MEREK;15;PCS;5.200;20.000;0;;;
CEK HB 0002;;CEK HB;ALKES;NO MEREK;21;PCS;5.100;15.000;0;;;
CELANA SUNAT 0001;;CELANA SUNAT UKURAN M;ALKES;NO MEREK;2;PCS;10.000;18.000;0;;;
CELECOXIB 0001;;CELEXOCIB 200MG;OBAT;NOVELL;-7;STRIP;35.000;50.000;0;;;
CELEXOCIB 0002;;CELEXOCIB 100MG;OBAT;HEXPHARM;-3;STRIP;30.000;38.000;0;;;
CERMIN 0001;;CERMIN KECIL;AKSESORIS;NO MEREK;-28;PCS;1.200;4.000;0;;;
CHILLI PLESTER K 0001;;CHILLI PLEAST K;OBAT;HANDSAPLAST;69;PCS;1.700;4.000;0;;;
CHLORAMPENICHOL 0001;;HUFAMYCETIN 250 GR;OBAT;HUFA;14;STRIP;7.800;14.000;0;;;
CINOLON 0001;;SALEP CINOLON 10 GR;SALEP;SANBE;-1;PCS;17.000;23.000;0;;;
CINOLON 0002;;CINOLON N CREAM 5 GR;SALEP;SANBE;6;PCS;15.000;20.000;0;;;
CIPROFLOXACIN 0001;;CIPROFLOXACIN HCI MONOHYDRATE 500mg;OBAT;BERNOFARM;34;STRIP;4.300;9.000;0;;;
CITOPRIM 0001;;CITOPRIM TABLET;OBAT;CIUBROS FARMA ;1;STRIP;2.800;6.000;0;;;
CITRA 0001;;CITRA SUSUN;CREAM WAJAH;CITRA;22;PCS;5.500;13.000;0;;;
CITRA SUPER 0001;;CITRA SUPER DAY&NIGHT CREAM 40g;CREAM WAJAH;CITRA;-3;PCS;5.500;15.000;0;;;
CITSUN 0001;;CITRA DAY&NIGHT CREAM 40g;CREAM WAJAH;CITRA;-6;PCS;6.000;12.000;0;;;
CLANEKSI 0001;;CLANEKSI SIRUP 60ML;OBAT;SANBE;8;BOTOL;70.000;75.000;0;;;
CLINDAMICIN 0002;;CLINDAMYCIN KAPSUL 150 MG BLISTER;OBAT;DEXA MEDICA;3;STRIP;9.000;15.000;0;;;
CLINDAMYCIN 0001;;CLINDAMYCIN KAPSUL 300MG MERSI;OBAT;PT MERSI FARMA;-119;STRIP;10.600;20.000;0;;;
CO-AMOXICLAV 0001;;CO-AMOXICLAV TABLET ISI 6;OBAT;MEPRO;18;STRIP;19.000;30.000;0;;;
COLFIN 0001;;COLFIN SYR 60ML;OBAT;NUFARINDO;16;BOTOL;9.500;14.000;0;;;
COMBICITRINE 0001;;COMBICITRINE SIRUP 10 ML;OBAT;PT BERLICO;2;BOTOL;6.700;10.000;0;;;
COMVIT 0001;;COMVIT D 1000;VITAMIN;NOVAPHARIN;-3;STRIP;22.000;25.000;0;;;
CONTOUR 0001;;CONTOUR CREAM SERIES;EYESHADOW/BLUSHON/CONTOUR/HIGHLITER;NO MEREK;-1;PCS;20.000;30.000;0;;;
COPARCETIN 0001;;COPARCETIN KID COUGH SYR 60ML;OBAT;SAMPHARINDO;1;BOTOL;8.500;13.000;0;;;
COPARCETIN 0002;;COPARCETIN SYR 60ML;OBAT;SAMPHARINDO;29;BOTOL;9.500;14.000;0;;;
COPARCETIN 0003;;COPARCETIN TABLET ISI 10;OBAT;SAMPHARINDO;58;STRIP;5.300;10.000;0;;;
COREDRYL EXPECTORANT 0001;;COREDRYL EXPECTORANT SYRUP 60ML;OBAT;;78;BOTOL;11.000;15.000;0;;;
CORTIDEX 0001;;CORTIDEX TABLET;OBAT;SANBE;5;STRIP;4.200;7.500;0;;;
COTRIMOXAZOLE 0001;;COTRIMOXAZOLE;OBAT;PT PROMED;-14;STRIP;1.500;6.000;0;;;
CREAM 0001;;CREAM SP;CREAM WAJAH;SP;239;PCS;4.500;10.000;0;;;
CREAM BABY PINK 0001;;BABY PINK CREAM;CREAM WAJAH;BABY PINK;3;PCS;40.000;60.000;0;;;
CREAM HERBAL 0001;;ESTHER HERBAL PEARL CREAM;CREAM WAJAH;ESTHER;525;PCS;12.500;20.000;0;;;
CREAM HN 0001;;CREAM HN;CREAM WAJAH;HN;38;PCS;40.000;70.000;0;;;
CRIM 99 0001;;NATURAL 99 DAY CREAM;CREAM WAJAH;NATURAL 99;201;PCS;5.000;10.000;0;;;
CRIM 99 0002;;NATURAL 99 NIGHT CREAM;CREAM WAJAH;NATURAL 99;271;PCS;5.000;10.000;0;;;
CRIM LING 0001;;LING SHE DAY CREAM;CREAM WAJAH;LING SHE;6;PCS;5.000;10.000;0;;;
CRIM LING 0002;;LING SHE NIGHT CREAM;CREAM WAJAH;LING SHE;0;PCS;5.000;10.000;0;;;
CRIM SP 0001;;SPUV WHITENING  25g;CREAM WAJAH;SP;-38;PCS;4.500;10.000;0;;;
CSD 0002;;TONER CSD 100ML;TONER;SUDOM;4;BOTOL;9.200;13.000;0;;;
CSL 0001;;CSL SERBUK;OBAT;NO MEREK;23;BOTOL;6.300;11.000;0;;;
CTM 0001;;CTM TABLET;OBAT;PT HOLI;25;STRIP;1.000;4.000;0;;;
CUKA NANAS 0001;;CUKA NANAS KHOL;MADU;NO MEREK;0;BOTOL;28.000;35.000;0;;;
CURVIT 0001;;CURVIT TABLET ISI 5;OBAT;SOHO GLOBAL HEALT ;1;STRIP;19.600;25.000;0;;;
CYCLOGYNON 0001;;PIL KB CYCLOGYNON 28 TABLET;PIL KB;PT TUNGGAL;67;PCS;8.000;12.000;0;;;
DANEURON 0001;;DANEURON TABLET;OBAT;HEXPHARM;-5;STRIP;4.400;10.000;0;;;
DEMACOLIN TAB 0001;;DEMACOLIN TABLET;OBAT;PT CORONET CROWN;26;STRIP;5.300;10.000;0;;;
DERMAFIX 0001;;DERMAFIX PLESTER TRANSPARANT UK 5X7CM;ALKES;ONE MED;-59;PCS;1.400;5.000;0;;;
DERMAFIX 0002;;DERMAFIX PLESTER TRANSPARAN UK 10X12CM;ALKES;NO MEREK;-20;PCS;5.500;10.000;0;;;
DEVOSIX 0001;;DEVOSIX 15ML;OBAT;PT IFARS;-9;BOTOL;14.000;20.000;0;;;
DEXA AUR 0001;;DEXA AUR;OBAT;MEF;816;BOTOL;13.000;18.000;0;;;
DEXAHARSEN 0001;;DEXAHARSEN 0,5 mg;OBAT;PT HARSEN;483;STRIP;2.000;5.000;0;;;
DEXAHARSEN 0002;;DEXAHARSEN 0,75mg;OBAT;PT HARSEN;1.031;STRIP;2.200;5.000;0;;;
DEXAMETHASONE 0001;;DEXAMETHASONE 0,5 mg AUR;OBAT;MEF;5.968;BIJIAN;140;4.000;0;;;
DEXANTA 0001;;DEXANTA TABLET;OBAT;DEXA MEDICA;9;STRIP;2.200;5.000;0;;;
DEXTAMINE 0001;;DEXTAMINE;OBAT;PT PHAROS;95;STRIP;17.300;22.000;0;;;
DEXTEEM 0001;;DEXTEEM PLUS TABLET;OBAT;PT ERRITA PHARMA ;2.960;STRIP;3.100;6.000;0;;;
DEXTRAL 0001;;DEXTRAL TABLET;OBAT;PT MOLEX AYUS;6;STRIP;6.400;14.000;0;;;
DEXTRAL SYRUP 0001;;DEXTRAL SYRUP 60ML;OBAT;PT MOLEX AYUS;4;BOTOL;9.500;14.000;0;;;
DEXYMOX 0001;;DEXYMOX FORTE 500MG;OBAT;DEXA MEDICA;-7;STRIP;4.000;10.000;0;;;
DIAFORM 0001;;DIAFORM TABLET;OBAT;PT CORSA ;13;STRIP;2.300;5.000;0;;;
DIANE 0001;;DIANE;PIL KB;BAYER;24;PCS;170.000;182.000;0;;;
DICLOFENAC 0001;;DICLOFENAC POTASIUM 50mg;OBAT;HEXPHARM;236;STRIP;4.400;9.000;0;;;
DICLOFENAC 0002;;DICLOFENAC SODIUM 50mg;OBAT;NOVELL;199;STRIP;4.000;8.000;0;;;
DICLOFENAC 0003;;DICLOFENAC SODIUM 50MG DEXA;OBAT;DEXA MEDICA;-1;STRIP;2.200;6.000;0;;;
DIGENTA 0001;;SALEP DIGENTA 10 GR;SALEP;PT INTERBAT;1;PCS;79.000;86.000;0;;;
DIGOXIN 0001;;DIGOXIN 0,25mg;OBAT;PT YARINDO ;20;STRIP;2.500;5.000;0;;;
DIONICOL 0001;;DIONICOL SIRUP 60ml;OBAT;IFARS;17;BOTOL;9.000;16.000;0;;;
DIONICOL 0002;;DIONICOL TABLET;OBAT;IFARS;22;STRIP;11.500;17.000;0;;;
DOBRIZOL 0001;;DOBRIZOL LANSOPRAZOLE;OBAT;IFARS;-20;STRIP;7.800;15.000;0;;;
DOHIXAT 0001;;DOHIXAT TABLET 100MG;OBAT;IFARS;16;STRIP;4.700;9.000;0;;;
DOLBY 0001;;DOLBY COLORFIX BESAR;LIPSTIK/LIPCREAM/LIPTIN/LIPBLAM;DOLBY;-2;PCS;14.000;20.000;0;;;
DOLBY 0002;;DOLBY KECIL;LIPSTIK/LIPCREAM/LIPTIN/LIPBLAM;DOLBY;11;PCS;11.000;15.000;0;;;
DOMPERIDONE 0001;;OMEDOM SYR 60ML;OBAT;PT MUTIARA MUKTI;28;BOTOL;6.500;12.000;0;;;
DOMPERIDONE 0003;;DOMPERIDONE 10mg;OBAT;ETA;62;STRIP;1.500;4.500;0;;;
DOT 0001;;DOT BOTOL DIAMETER BESAR;BABY;NO MEREK;66;PCS;4.200;8.000;0;;;
DOT PIGEON 0002;;DOT PIGEUN M;DOT;PIGEON;84;PCS;9.500;14.000;0;;;
DOT PIGEON 0003;;DOT PIGEON S;DOT;PIGEON;0;PCS;8.400;14.000;0;;;
DOT PIGEOON 0001;;DOT PIGEON L;DOT;PIGEON;249;PCS;9.200;14.000;0;;;
DRAMAMINE 0001;;DRAMAMINE 50mg;OBAT;PT TAISO;37;STRIP;21.000;27.000;0;;;
DUCBILL0011];;MASKER DUCBILL PUTIH\ITEM;MASKER;NO MEREK;-146;BOX;10.000;15.000;0;;;
DULCOLAX 0001;;DULCOLAX SUBB;OBAT;SANOFI;4;PCS;27.000;33.000;0;;;
DUMOCYCLINE 0001;;DUMOCYCLINE 250MG;OBAT;PT ACTAVIS;12;STRIP;10.800;15.000;0;;;
EFISOL 0001;;EFISOL C TABLET;OBAT;NOVELL;-4;STRIP;14.000;20.000;0;;;
ELOCON 0001;;ELOCON KRIM 5GR;SALEP;OGB;-1;PCS;70.000;77.000;0;;;
ELSIRON 0001;;ELSIRON;OBAT;PT IFARS;-1;STRIP;4.800;10.000;0;;;
EMPENG 0003;;EMPENG BIASA;AKSESORIS;NO MEREK;91;PCS;2.500;8.000;0;;;
EMPENG PIGEON 0001;;EMPENG PIGEON;DOT;PIGEON;9;PCS;16.700;23.000;0;;;
EMPOT MADURA 0001;;EMPOT MADURA PLUS;JAMU;JAMU;-35;PCS;1.400;4.000;0;;;
EMTURNAS 0001;;EMTURNAS FORTE TABLET;OBAT;PT FIRST;19;STRIP;2.500;8.000;0;;;
EMTURNAS 0002;;EMTURNAS TABLET 500 MG;OBAT;PT FIRST;24;STRIP;2.300;6.500;0;;;
ENBATIC 0001;;ENBATIC SERBUK 3g;SERBUK;ENBATIC;43;PCS;2.800;6.000;0;;;
ENBATIC 0002;;SALEP ENBATIC 10 GR;SALEP;ERELA;2;BOTOL;9.500;13.000;0;;;
EPERISON 0001;;EPERISON TABLET;OBAT;MEDIKON;4;STRIP;10.000;15.000;0;;;
EPEXOL 0001;;EPEXOL TABLET 30MG;OBAT;SANBE;-2;STRIP;9.500;14.000;0;;;
EPEXOL 0002;;EPEXOL SYRUP;OBAT;SANBE;-1;BOTOL;22.000;28.000;0;;;
EPISAN 0001;;EPISAN SIRUP 100ML;OBAT;SANBE;5;BOTOL;45.000;54.000;0;;;
ERLA 0002;;ERLAMYCETIN TETES TELINGA 1%;TETES TELINGA;ERLA;93;PCS;11.000;16.000;0;;;
ERPHAFLAM 0001;;ERPHAFLAM 50MG;OBAT;PT ERLIMPEX;158;STRIP;3.600;7.000;0;;;
ERYRA 0001;;ERYRA FORTE 500mg;OBAT;PT RAMA;-6;STRIP;15.300;22.000;0;;;
ERYTHROMYCIN 0001;;ERYTHROMYCIN 500MG;OBAT;PT RAMA;14;STRIP;18.500;24.000;0;;;
ETAFUNGAL 0001;;ETAFUNGAL TABLET;OBAT;PT ERRITA PHARMA ;5;STRIP;5.600;10.000;0;;;
ETAGEMYCETIN 0001;;ETAGEMYCETIN SYR 60ML;OBAT;PT ERRITA PHARMA ;0;BOTOL;6.000;12.000;0;;;
ETAGEMYCETIN 0002;;ETAGEMYCETIN KAPSUL 250MG;OBAT;ETA;0;PCS;6.000;12.000;0;;;
ETAMOX 0001;;ETAMOX 500mg;OBAT;ETA;-7;STRIP;5.800;12.000;0;;;
ETAMOZUL 0001;;ETAMOZUL 60ml;SIRUP;ETA;5;BOTOL;4.500;10.000;0;;;
ETHAMBUTOL 0001;;ETHAMBUTOL TABLET 500MG;OBAT;BERNOFARM;4;STRIP;10.500;15.000;0;;;
ETORICOXIB 0001;;ETORICOXIB 120 MG;OBAT;PT INTERBAT;21;STRIP;53.400;64.000;0;;;
ETORICOXIB 0002;;ETORICOXIB 60 MG;OBAT;NOVELL;3;STRIP;38.400;45.000;0;;;
EYELASHES  JIMEI 0001;;EYELASHES JIMEI JP10;BULUMATA;NO MEREK;-17;PCS;24.000;38.000;0;;;
EYELASHES 0001;;EYELASHES FELICIA;BULUMATA;NO MEREK;24;PCS;10.000;17.000;0;;;
EYELASHES 0003;;EYELASHES AMAI MJ10B;BULUMATA;NO MEREK;22;PCS;22.000;35.000;0;;;
EYELASHES 0004;;EYELASHES  ADHESIVE  AMAI MJ6B;BULUMATA;NO MEREK;21;PCS;14.000;26.000;0;;;
EYELASHES 0005;;EYELASHES AMAI MJ3B;AKSESORIS;NO MEREK;7;PCS;13.000;22.000;0;;;
EYELASHES JIMEI 0002;;EYELASHES JIMEI JP 03;BULUMATA;NO MEREK;0;PCS;14.500;25.000;0;;;
EYESHADOW 0001;;BEUTICA EYESHADOW;EYESHADOW/BLUSHON/CONTOUR/HIGHLITER;BEAUTICA;-3;PCS;18.500;25.000;0;;;
EYESHADOW 0002;;NAKED EYESHADOW&BLUSHER;EYESHADOW/BLUSHON/CONTOUR/HIGHLITER;NO MEREK;-7;PCS;17.500;23.000;0;;;
EYESHADOW 0003;;EYESHADOW DOMPET ANYLADY KECIL;EYESHADOW/BLUSHON/CONTOUR/HIGHLITER;NO MEREK;1;PCS;27.500;33.000;0;;;
EYESHADOW 0005;;EYESHADOW DOMPET SHERBY;EYESHADOW/BLUSHON/CONTOUR/HIGHLITER;NO MEREK;-6;PCS;31.300;40.000;0;;;
EYESHADOW LOTRE 0001;;EYESHADOW LOTRE;EYESHADOW/BLUSHON/CONTOUR/HIGHLITER;NO MEREK;-11;PCS;8.400;14.000;0;;;
EYESHADOW PINKFLASH 0001;;EYESHADOW PINKFLASH;EYESHADOW/BLUSHON/CONTOUR/HIGHLITER;PINKFLASH;4;PCS;34.200;40.000;0;;;
EYESHADOW USHAS 0001;;EYESHADOW USHAS PALETTE ISI 5;EYESHADOW/BLUSHON/CONTOUR/HIGHLITER;USHAS;24;PCS;22.000;30.000;0;;;
FARGETIX 0001;;FARGETIX TABLET;OBAT;PT IFARS;79;STRIP;3.300;8.000;0;;;
FARGOXIN 0001;;FARGOXIN 0,25mg;OBAT;PT PRATAPA;-23;STRIP;5.200;10.000;0;;;
FARIZOL 0001;;FARIZOL 60ml;SIRUP;IFARS;10;BOTOL;7.500;15.000;0;;;
FARMASAL 0001;;FARMASAL TABLET 100MG;OBAT;FAHRENHEIT;15;STRIP;11.300;15.000;0;;;
FARMOTEN 0001;;FARMOTEN 25mg;OBAT;PT PRATAPA;-2;STRIP;2.000;5.000;0;;;
FARSIFEN 0001;;FARSIFEN 400;OBAT;PT IFARS;30;STRIP;4.500;9.000;0;;;
FARSIFEN 0002;;FARSIFEN PLUS;OBAT;PT IFARS;14;STRIP;3.800;8.000;0;;;
FARSIFEN 0003;;FARSIFEN 200 MG;OBAT;PT IFARS;35;STRIP;2.700;6.000;0;;;
FARSIFEN 0004;;FARSIFEN PLUS SIRUP 60 ML;OBAT;PT IFARS;2;BOTOL;7.500;13.000;0;;;
FASGO 0001;;FASGO FORTE 650 MG TABLET;OBAT;HEXPHARM;7;STRIP;4.500;10.000;0;;;
FASIDOL 0001;;FASIDOL SYRUP 60ML;OBAT;PT IFARS;93;BOTOL;6.500;10.000;0;;;
FASIDOL 0002;;FASIDOL FORTE SYRUP 60ML;OBAT;PT IFARS;68;BOTOL;7.500;13.000;0;;;
FASIDOL 0003;;FASIDOL DROP 15ML;OBAT;PT IFARS;54;BOTOL;12.500;17.000;0;;;
FASIDOL 0004;;FASIDOL FORTE 650 MG TABLET;OBAT;PT IFARS;79;STRIP;3.800;8.000;0;;;
FASIDOL 0006;;FASIDOL PLUS;OBAT;IFARS;32;PCS;3.200;8.000;0;;;
FASIDOL TAB 0001;;FASIDOL TAB;OBAT;PT IFARS;351;STRIP;3.000;6.500;0;;;
FAXIDEN 0001;;FAXIDEN 20mg;OBAT;PT IFARS;174;STRIP;2.400;5.000;0;;;
FAXIDEN 0002;;FAXIDEN GEL 10 GR;SALEP;IFARS;-1;PCS;6.500;10.000;0;;;
FAXIDEN 0003;;FAXIDEN TABLET 10 MG;OBAT;IFARS;20;STRIP;1.500;4.000;0;;;
FENAMIN 0001;;FENAMIN;OBAT;ZENITH;387;STRIP;3.900;8.000;0;;;
FENAREN 0001;;FENAREN TABLET;OBAT;BERNOFARM;8.869;STRIP;2.500;6.000;0;;;
FENOFIBRATE 0001;;FENOFIBRATE 100MG;OBAT;HEXPHARM;-2;STRIP;11.700;27.000;0;;;
FISH OIL 0001;;FISH OIL CAP KURMA AJWA ISI 50 KAPSUL;OBAT;NO MEREK;2;BOTOL;64.000;75.000;0;;;
FLAGYSTATIN 0001;;FLAGYSTATIN SUPP;OBAT;SANOFI;38;BIJIAN;24.500;30.000;0;;;
FLASHLIGHT 0001;;FLASHLIGTH EAROICK;ALKES;NO MEREK;21;PCS;3.000;7.000;0;;;
FLOXIFAR 0001;;FLOXIFAR KAPLET 500 MG;OBAT;PT IFARS;3;STRIP;5.200;10.000;0;;;
FLUCADEX 0001;;FLUCADEX SYR 60ML;OBAT;GRAHA FARMA;15;BOTOL;13.500;18.000;0;;;
FLUCADEX 0002;;FLUCADEX TABLET;OBAT;GRAHA FARMA;90;STRIP;5.400;10.000;0;;;
FLUCADEX 0003;;FLUCADEX FE TABLET;OBAT;GRAHA FARMA;-36;STRIP;5.000;9.000;0;;;
FLUCADEX 0004;;FLUCADEX PE SYRUP 60 ML;OBAT;GRAHA FARMA;4;BOTOL;9.000;14.000;0;;;
FLUMIN 0001;;FLUMIN PLUS 60ML;OBAT;ZENITH;7;BOTOL;8.000;13.000;0;;;
FLUNARIZINE 0001;;FLUNARIZINE HCI 5mg;OBAT;BERNOFARM;-1;STRIP;10.500;15.000;0;;;
FLUTAMOL SYRUP 0001;;FLUTAMOL SYRUP 60ML;OBAT;PT PHAROS;7;BOTOL;7.500;13.000;0;;;
FLUTAMOL TAB 0001;;FLUTAMOL TABLET;OBAT;PT PYRIDAM;248;STRIP;4.500;9.000;0;;;
FLUTOP-C 0001;;FLUTOP-C SYR 60ML;OBAT;PT IFARS;21;BOTOL;9.500;14.000;0;;;
FLUTROP SYRUP 0001;;FLUTROP SYRUP 60ML;OBAT;PT TROPICA;-1;BOTOL;7.500;13.000;0;;;
FLUTROP TAB 0001;;FLUTROP;OBAT;PT TROPICA;130;STRIP;8.500;13.000;0;;;
FOLAVIT 0001;;FOLAVIT TABLET;OBAT;SANBE;18;STRIP;11.300;15.000;0;;;
FUFANG 0001;;FUFANG SIRUP 20 ML;JAMU;NO MEREK;55;BOTOL;21.300;30.000;0;;;
FUROSEMIDE 0001;;FUROSEMIDE 40mg;OBAT;PT FIRST;-42;STRIP;2.800;6.000;0;;;
GABAPENTIN 0001;;GABAPENTIN KAPSUL 300MG;OBAT;DEXA MEDICA;10;STRIP;11.700;18.000;0;;;
GABAPENTIN 0002;;GABAPENTIN TABLET 100MG;OBAT;DEXA MEDICA;8;STRIP;10.000;15.000;0;;;
GAMAT 0001;;NEO GAMAT EMAS ISI 50 KAPSUL;OBAT;NO MEREK;3;BOX;35.000;45.000;0;;;
GANDAPURA 0001;;MINYAK GANDAPURA SPECIAL 50ML;MINYAK URUT;JAMU;-4;PCS;8.500;11.000;0;;;
GASELA 0001;;GASELA;OBAT;ERLA;29;STRIP;2.800;6.000;0;;;
GENOINT SALEP 0001;;GENOINT 15g;SALEP;ERLA;17;PCS;6.000;10.000;0;;;
GINIFAR 0001;;GINIFAR 500mg;OBAT;PT IFARS;-8;STRIP;1.500;5.000;0;;;
GLIBENCLAMIDE 0001;;GLIBENCLAMIDE 5g;OBAT;INDOFARMA;174;STRIP;3.000;6.000;0;;;
GLIKOS 0001;;GLIKOS 500MG TABLET;OBAT;IFARS;14;STRIP;2.700;6.000;0;;;
GLIMEPIRIDE 0001;;GLIMEPIRIDE 4mg;OBAT;OGB;109;STRIP;3.300;10.000;0;;;
GLIMEPIRIDE 0004;;GLIMEPIRIDE 2mg;OBAT;OGB;-12;STRIP;5.000;10.000;0;;;
GLIMEPIRIDE 0005;;GLIMEPIRIDE 2MG HJ;OBAT;HEXPHARM;10;STRIP;3.000;8.000;0;;;
GLITER 0001;;GLITER;AKSESORIS;NO MEREK;-2;PCS;2.500;5.000;0;;;
GLUCOPHAGE 0001;;GLUCOPHAGE 500mg;OBAT;PT MERCK;80;STRIP;19.000;23.000;0;;;
GLUCOPHAGE 0002;;GLUCOPHAGE XR 750 MG;OBAT;DEXA MEDICA;0;STRIP;45.700;52.000;0;;;
GLUDEPATIC 0001;;GLUDEPATIC 500mg;OBAT;FAHRENHEIT;-13;STRIP;3.400;6.500;0;;;
GLUMIN 0001;;GLUMIN XR TABLET;OBAT;DEXA MEDICA;-2;STRIP;27.500;33.000;0;;;
GLYCERYL 0001;;GLYCERYL GUAIACOLATE 100mg;OBAT;TRIMAN;8;STRIP;1.000;3.000;0;;;
GODONG IJO 0001;;GODONG IJO;JAMU;NO MEREK;56;PCS;5.500;7.000;0;;;
GRAFACHLOR 0001;;GRAFACHLOR;OBAT;GRAHA FARMA;103;STRIP;1.900;5.000;0;;;
GRAFAZOL 0001;;GRAFAZOL 500mg;OBAT;GRAHA FARMA;173;STRIP;3.800;9.000;0;;;
GRANTUSIF 0001;;GRANTUSIF;OBAT;GRAHA FARMA;253;STRIP;4.500;9.000;0;;;
GRATHAZON 0001;;GRATHAZON 0,5mg;OBAT;GRAHA FARMA;34;STRIP;1.500;4.500;0;;;
GRATHEOS 0001;;GRATHEOS 50mg;OBAT;GRAHA FARMA;-5;STRIP;2.400;6.000;0;;;
GRAZEO 0001;;GRAZEO 20mg;OBAT;GRAHA FARMA;14;STRIP;2.400;6.000;0;;;
GRISEOFULVIN 0001;;GRISEOFULVIN 125mg;OBAT;KIMIA FARMA;-3;STRIP;3.800;8.000;0;;;
GUAIFENESIN 0001;;GUAIFENESIN 100mg;OBAT;TRIMAN;57;STRIP;1.200;3.000;0;;;
GUANISTREP 0001;;GUANISTREP SYR 60ML;OBAT;ITRASAL;52;BOTOL;6.500;12.000;0;;;
GUNTING 0001;;GUNTING KUKU B;GUNTING;THREE SEVEN;94;PCS;2.500;8.000;0;;;
GUNTING 0002;;GUNTING KUKU KECIL BAICAN;GUNTING;NO MEREK;-41;PCS;2.800;5.000;0;;;
GUNTING 0003;;GUNTING KUKU THREE SEVEN T;GUNTING;THREE SEVEN;-7;PCS;3.500;6.000;0;;;
GUNTING 0004;;GUNTING LIPET;GUNTING;NO MEREK;2;PCS;2.100;5.000;0;;;
GUNTING BIASA 0001;;GUNTING BIASA;GUNTING;NO MEREK;26;PCS;2.700;7.000;0;;;
GUNTING KUKU 0005;;GUNTING KUKU THREE SEVEN KECIL;GUNTING;THREE SEVEN;106;PCS;1.300;5.000;0;;;
GUSAGI 0001;;GUSAGI TABLET;JAMU;NO MEREK;3;PCS;4.000;6.000;0;;;
HABASA GARLIC 0001;;HABAA GARLIC 60KAPSUL;OBAT;CV AL-FIAT ;0;PCS;20.000;50.000;0;;;
HABBATUS SAUDA OIL 0001;;HABBATUS SAUDA OIL 200KAPSUL;OBAT;CV AL-FIAT ;0;PCS;120.000;140.000;0;;;
HAIR BAND 0001;;HAIR BAND;PENUTUP;NO MEREK;2;PCS;7.100;10.000;0;;;
HAIR CURLER 0001;;HAIR CURLER ISI 2;AKSESORIS;NO MEREK;1;PCS;20.000;25.000;0;;;
HAJAR JAHANAM 0001;;HAJAR JAHANAM;JAMU;JAMU;-7;PCS;13.000;15.000;0;;;
HANDSANITIZER 0005;;HANDSANITIZER 100MG;HANDSANITIZER;XMD;0;PCS;10.000;15.000;0;;;
HARNET 0001;;HARNET MOTIF;AKSESORIS;NO MEREK;14;PCS;12.500;18.000;0;;;
HEENA 0001;;HEENA PASTE;KUKU;HENNA;13;PCS;3.300;7.000;0;;;
HELIXIM 0001;;HELIXIM SYR;OBAT;PT IFARS;28;BOTOL;12.000;20.000;0;;;
HELIXIME 0002;;HELIXIME TABLET;OBAT;IFARS;4;STRIP;11.000;20.000;0;;;
HENNA 0002;;HENNA CONE ITEM;AKSESORIS;NO MEREK;2;PCS;3.400;7.000;0;;;
HEPTASAN 0001;;HEPTASAN;OBAT;SANBE;-6;STRIP;3.500;8.000;0;;;
HEVIT C 0001;;HEVIT C 1000;OBAT;HEXPHARM;7;STRIP;8.300;13.000;0;;;
HISTIGO 0001;;HISTIGO;OBAT;PT IFARS;196;STRIP;5.000;10.000;0;;;
HN 0002;;HN TONER;TONER;HN;6;PCS;15.000;20.000;0;;;
HN 0003;;TONER HN BIASA;TONER;HN;-3;BOTOL;10.000;14.000;0;;;
HN SABUN 0001;;HN SABUN;FACIAL WASH;HN;94;PCS;6.700;13.000;0;;;
HOLD MORNING 0001;;HOLD MORNING HIGHLIGHTER STIK;HIGLIGHTER;NO MEREK;13;PCS;7.000;10.000;0;;;
HOLD MORNING 0002;;HOLD MORNING BLUSH ON;EYESHADOW/BLUSHON/CONTOUR/HIGHLITER;NO MEREK;14;PCS;7.000;10.000;0;;;
HUDA 0002;;HUDA EYELASH EXTENSION;BULUMATA;HUDA BEAUTY;-3;PCS;9.000;15.000;0;;;
HUFABETHAMIN SYRUP 0001;;HUFABETHAMIN SYRUP 60ML;OBAT;PT GRATIA;85;BOTOL;6.500;12.000;0;;;
HUFADEXTA-M 0001;;HUFADEXTA-M;OBAT;PT GRATIA;98;STRIP;2.300;5.000;0;;;
HUFAFURAL 0001;;HUFAFURAL SYR 60 ML;OBAT;PT GRATIA;12;BOTOL;11.500;16.000;0;;;
HUFAGRIP 0001;;HUFAGRIP PARACETAMOL;OBAT;HUFA;75;STRIP;3.200;6.500;0;;;
HUFAGRIP TAB 0001;;HUFAGRIP FORTE TABLET;OBAT;HUFA;46;STRIP;4.500;9.000;0;;;
HUFAMAG PLUS 0001;;HUFAMAG PLUS TAB;OBAT;HUFA;56;STRIP;3.700;7.000;0;;;
HUFANEURON;;HUFANEURON;OBAT;HUFA;16;STRIP;4.800;9.500;0;;;
HUFANOXIL 0001;;HUFANOXIL 500mg;OBAT;HUFA;69;STRIP;5.500;12.000;0;;;
HUFARIZINE 0001;;HUFARIZINE KAPSUL;OBAT;PT HUFA;9;STRIP;5.000;10.000;0;;;
HUFASULVON 0001;;HUFASULVON SYR 60ML;OBAT;HUFA;-4;BOTOL;4.000;8.000;0;;;
HUFAXICAM 0001;;HUFAXICAM 15 MG;OBAT;PT GRATIA;6;STRIP;7.500;13.000;0;;;
HUFAXOL 0001;;HUFAXOL SYRUP 60ML;OBAT;HUFA;87;BOTOL;6.500;12.000;0;;;
HUFAXOL 0003;;HUFAXOL TABLET;OBAT;HUFA;15;STRIP;3.000;6.500;0;;;
IBUPROFEN 0001;;IBUPROFEN 400mg;OBAT;TRIMAN;223;STRIP;2.700;6.500;0;;;
IFARSYL 0002;;IFARSYL TABLET;OBAT;IFARS;3;STRIP;6.500;13.000;0;;;
IFARSYL PLUS 0001;;IFARSYL PLUS SYRUP 60ML;OBAT;PT IFARS;15;BOTOL;8.500;13.000;0;;;
IFB00008;;AMOKSILIN 500MG MERSI;OBAT;PT MERSI FARMA;-14;STRIP;3.500;7.000;0;;;
IFB00074;;MERSIBION INJEKSI;OBAT;PT MERSI FARMA;60;BOTOL;3.800;10.000;0;;;
IFB00215;;METRONIDAZOLE INFUS;OBAT;PT MERSI FARMA;30;BOTOL;20.000;50.000;0;;;
IMODIUM 0001;;IMODIUM;OBAT;JANSSEN;209;BIJIAN;8.500;12.000;0;;;
IMPLORA 0001;;PENSIL ALIS IMPLORA  SILVER;PENSIL ALIS;IMPLORA;-12;PCS;5.100;10.000;0;;;
INCIDAL0001;;INCIDAL-OD;OBAT;BAYER;4.863;BIJIAN;3.900;6.000;0;;;
INFALGIN 0001;;INFALGIN TABLET;OBAT;GRAHA FARMA;0;STRIP;3.300;7.000;0;;;
INFATRIM FIRTE 0001;;INFANTRIM FORTE;OBAT;PT MOLEX;4;STRIP;7.000;12.000;0;;;
INFUS SET 0001;;INFUS SET 0I-24;ALKES;NO MEREK;12;PCS;9.000;15.000;0;;;
INPEPSA 0001;;INPEPSA SUSPENSION 200ML;OBAT;PT PRATAPA;3;BOTOL;120.000;130.000;0;;;
INPEPSA 0002;;INPEPSA SUSPENSION 100ML;OBAT;PT PRATAPA;28;BOTOL;82.500;90.000;0;;;
INTERHISTIN 0001;;INTERHISTIN TABLET;OBAT;PT INTERBAT;47;STRIP;7.800;13.000;0;;;
INTUNAL 0001;;INTUNAL SYRUP 60ML;OBAT;PT MEPROFARM;-3;BOTOL;12.000;17.000;0;;;
INVUSSET 0001;;INFUSET;SELANG;GEA MEDICAL;299;PCS;4.000;10.000;0;;;
ISONIAZID 0001;;ISONIAZID TABLET 300 MG;OBAT;PT HOLI;8;STRIP;3.600;7.000;0;;;
ISOSORBIDE 0001;;ISOSORBIDE DINITRATE 5mg;OBAT;PT YARINDO ;48;STRIP;2.700;5.000;0;;;
ITRABAT 0001;;ITRABAT 100ML;OBAT;ITRASAL;73;PCS;11.500;16.500;0;;;
ITRACONAZOLE 0001;;ITRACONAZOLE 100MG KAPSUL;OBAT;BERNOFARM;0;STRIP;51.700;60.000;0;;;
ITRAMOL 0001;;ITRAMOL SYRUP 60ML;OBAT;ITRASAL;18;BOTOL;6.000;10.000;0;;;
JAKBAN 0001;;JAKBAN PLUS;JAMU;JAMU;-10;PCS;6.500;13.000;0;;;
JARUM PENTUL 0002;;JARUM PENTUL BESAR;AKSESORIS;NO MEREK;-3;PCS;1.300;5.000;0;;;
JARUM PENTUL K 0001;;JARUM PENTUL K;JARUM;NO MEREK;-22;PCS;700;4.000;0;;;
JAS HUJAN 0001;;JAS HUJAN;AKSESORIS;NO MEREK;6;PCS;3.000;8.000;0;;;
JEDAI 00002;;JEDAI BUNGA BESAR;JEPIT;NO MEREK;0;PCS;3.400;10.000;0;;;
JEDAI 0001;;JEDAI KECIL;JEPIT;NO MEREK;-5;PCS;3.500;6.000;0;;;
JEDAI 0002;;JEDAI BESAR;JEPIT;NO MEREK;8;PCS;4.200;8.000;0;;;
JEDAI 0003;;JEDAI BUNGA KECIL;AKSESORIS;NO MEREK;26;PCS;2.500;8.000;0;;;
JEPITAN 0001;;JEPITAN TIPTOP;AKSESORIS;NO MEREK;23;PCS;500;2.000;0;;;
JEPITAN 0002;;JEPITAN BEBEK;AKSESORIS;NO MEREK;36;PCS;1.000;5.000;0;;;
JEPITAN 0003;;JEPITAN RAMBUT;AKSESORIS;NO MEREK;2;PCS;2.100;5.000;0;;;
JEPITAN BULU MATA EYELASH 0001;;JEPITAN BULU MATA EYELASH;JEPIT;NO MEREK;-8;PCS;3.000;7.000;0;;;
JEPITAN LIDI 0001;;JEPITAN LIDI KECIL;AKSESORIS;NO MEREK;23;PCS;1.800;5.000;0;;;
JEPITAN SOFTLENS 0001;;JEPITAN SOFTLENS;JEPIT;NO MEREK;39;PCS;2.400;7.000;0;;;
JINTAN 0002;;JINTAN HITAM HABBASY ISI 120 KAPSUL;JAMU;NO MEREK;2;BOTOL;58.000;75.000;0;;;
JINTAN HITAM 0001;;JINTAN HITAM HABBASY 60KAPSUL;OBAT;JAMU;0;PCS;39.000;60.000;0;;;
JSP MASK 0001;;JSP MASKER MUKA;MASKER;JSP;-12;PCS;1.000;3.000;0;;;
JUSTMIST 0003;;LIP JUSMIST KAYU;LIPSTIK/LIPCREAM/LIPTIN/LIPBLAM;JUSTMIST ;-6;PCS;12.700;16.000;0;;;
KADITIC 0001;;KADITIC 50 TABLET;OBAT;PT IFARS;393;STRIP;3.100;6.500;0;;;
KALNEX 0001;;KALNEX TABLET 500MG;OBAT;KALBE;6;STRIP;24.000;30.000;0;;;
KAMAX 001;;KAMAX TEMPUR PANU;CAIRAN;PT COSDE;50;PCS;8.000;13.000;0;;;
KAOS KAKI 0001;;KAOS KAKI;AKSESORIS;NO MEREK;11;PCS;7.500;12.000;0;;;
KAPAS LUKA 0001;;KAPAS LUKA;KAPAS;SB;60;PCS;1.500;5.000;0;;;
KAPAS LUKA 0002;;KAPAS LUKA 250 GR;ALKES;NO MEREK;1;PCS;12.000;20.000;0;;;
KAPAS LUKA 0003;;KAPAS LUKA 500 GR;ALKES;NO MEREK;0;PCS;20.000;30.000;0;;;
KARET JEPANG 0001;;KARET JEPANG;JEPIT;NO MEREK;23;PCS;2.100;5.000;0;;;
KARET JEPANG 0002;;KARET JEPANG ISI BANYAK;AKSESORIS;NO MEREK;27;PCS;8.000;11.000;0;;;
KARET JEPANG 0003;;KARET JEPANG ITEM;AKSESORIS;NO MEREK;15;PCS;3.000;8.000;0;;;
KARTER 0001;;KARTER CLASSE;AKSESORIS;NO MEREK;-11;PCS;1.300;5.000;0;;;
KASA 0001;;KASA STERIL;KASA;NO MEREK;1.047;PCS;2.100;6.000;0;;;
KASA 0002;;KASA GULUNG 15CM;KASA;NO MEREK;136;PCS;1.300;3.000;0;;;
KASA 0003;;KASA GULUNG 10CM;KASA;NO MEREK;569;PCS;800;2.000;0;;;
KASA 0004;;KASA STERIL KSB10 UK 16CMX16CM;ALKES;ONE MED;24;BOX;5.500;10.000;0;;;
KEJIBELING 0001;;KEJIBELING PLUS GINSENG;OBAT;JAMU;141;STRIP;4.400;9.000;0;;;
KEJIBELING 0002;;KEJIBELING BALATIF;OBAT;BALATIF;40;STRIP;4.500;8.500;0;;;
KETOKONAZOLE 0001;;KETOKONAZOLE 200mg TABLET;OBAT;OGB;643;STRIP;4.800;9.000;0;;;
KETOLAC TROMETAMOL 0001;;KETOROLAC TROMETAMOL 1ml;INJEK;MEPRO;83;PCS;2.400;10.000;0;;;
KETOPROFEN 0001;;KETOPROFEN 100mg;OBAT;NOVELL;7;PCS;12.500;17.000;0;;;
KETOROLAC 0001;;KETOROLAC;INJEK;BENOFARM;0;BOX;25.000;35.000;0;;;
KETOROLAC 0002;;KETOROLAC TABLET ISI 3;OBAT;BERNOFARM;8;STRIP;12.400;17.000;0;;;
KIANPI 0001;;KIANPI PIL;JAMU;JAMU;19;PCS;52.000;60.000;0;;;
KIKIR KUKU 0001;;KIKIR KUKU BEITUO ISI 2;AKSESORIS;NO MEREK;10;PCS;5.500;10.000;0;;;
KIKIR KUKU 0002;;KIKIR KUKU ISI 1;AKSESORIS;NO MEREK;12;PCS;4.000;9.000;0;;;
KINOKI 0001;;KIYOME KINOKI 10PADS;PLESTER;KIYOME;3;DUS;10.000;16.000;0;;;
KIPAS 0001;;KIPAS;KACA;NO MEREK;-12;PCS;4.500;8.000;0;;;
KLINSKIN 0001;;KLINSKIN SABUN BATANG 100G;SABUN BATANG;KLINSKIN;-1;PCS;26.000;34.000;0;;;
KOMPOLAX 0001;;KOMPOLAX SYR 60ML;OBAT;PT IFARS;10;BOTOL;10.500;16.000;0;;;
KOREK KUPING 0002;;KOREK KUPING SENTER;KOREK KUPING;NO MEREK;59;PCS;1.900;7.000;0;;;
KOREK KUPING BESI 0001;;KOREK KUPING BESI;KOREK KUPING;NO MEREK;51;PCS;1.000;5.000;0;;;
KSR 0001;;KSR 600 MG;OBAT;PT MERCK;3;STRIP;38.000;43.000;0;;;
KUAS 0002;;KUAS EYESHADOW 2IN1;KUAS;NO MEREK;5;PCS;6.000;10.000;0;;;
KUAS ALIS 0001;;KUAS ALIS 2IN1;ALAT MAKE UP;NO MEREK;22;PCS;6.000;10.000;0;;;
KUAS BLASH ON TEMPAT 0001;;KUAS BLASH ON BESAR;KUAS;NO MEREK;0;PCS;15.000;22.000;0;;;
KUAS BLASH ON TEMPAT 0002;;KUAS BLASH ON TANGGUNG;KUAS;NO MEREK;21;PCS;15.000;20.000;0;;;
KUAS MASKER 0001;;KUAS MASKER;KUAS;NO MEREK;6;PCS;3.700;6.000;0;;;
KUASH EYESHADOW 0001;;KUASH EYESHADOW ISI 1;ALAT MAKE UP;NO MEREK;4;PCS;7.000;11.000;0;;;
KUNCIRAN 0001;;KUNCIRAN RAMBUT ISI 1 BESAR;JEPIT;NO MEREK;-13;PCS;3.400;8.000;0;;;
KUNCIRAN 0002;;KUNCIRAN RAMBUT TANGGUNG ISI 1;AKSESORIS;NO MEREK;-3;PCS;1.700;6.000;0;;;
KUNCIRAN 0003;;KUNCIRAN RAMBUT ISI 3;AKSESORIS;NO MEREK;5;PCS;2.500;7.000;0;;;
KUNCIRAN 0004;;KUNCIRAN RAMBUT ISI 1 KECIL;AKSESORIS;NO MEREK;-8;PCS;3.000;6.000;0;;;
KUNCIRAN 0005;;KUNCIRAN ISI 2;AKSESORIS;NO MEREK;6;PCS;5.500;9.000;0;;;
KUTEK 0001;;KUTEK;KUKU;NO MEREK;1.006;PCS;5.000;6.500;0;;;
KUTEK 0002;;KUTEK ISI 2;KUTEK;NO MEREK;-9;PCS;8.000;10.000;0;;;
KUTEK 0003;;KUTEK AL-LATIF HENA;KUTEK;HENNA;28;BOTOL;5.900;10.000;0;;;
KUTEK 0004;;KUTEK IMPLORA;AKSESORIS;IMPLORA;-2;PCS;6.300;9.000;0;;;
KUTEK 0005;;KUTEK AL-LATIF BESAR;KUTEK;NO MEREK;-3;PCS;5.000;12.000;0;;;
LACTO-B 0001;;LACTO-B;OBAT;LACTO-B;782;PCS;8.000;11.000;0;;;
LACTULAX 0001;;LACTULAX SIRUP 60 ML;OBAT;PT IKAPHARMINDO;6;BOTOL;43.000;50.000;0;;;
LAMESON 0001;;LAMESON TABLET 4MG;OBAT;LAPI;-2;STRIP;47.000;53.000;0;;;
LAMESON 0002;;LAMESON TABLET 8MG;OBAT;LAPI;12;STRIP;76.000;85.000;0;;;
LANSET 0001;;LANSET ISI 100;ALKES;NO MEREK;6;BOX;12.000;20.000;0;;;
LANSOPRAZOLE  0001;;LANSOPRAZOLE KAPSUL 30MG EXELTIS;OBAT;EXELTIS;-5;STRIP;6.500;12.000;0;;;
LARCE 0001;;LARCE 200;INJEK;MBF;1;BOX;105.000;115.000;0;;;
LASAL 0001;;LASAL SYRUP EXPECTORAN 100 ML;OBAT;LAPI;-11;BOTOL;55.000;62.000;0;;;
LASAL 0002;;LASAL SYRUP 100 ML;OBAT;LAPI;0;BOTOL;32.000;36.000;0;;;
LATIBET 0001;;LATIBET 5mg;OBAT;PT IFARS;35;STRIP;1.800;5.000;0;;;
LECOZINC 0001;;LECOZINC SYR 60ML;OBAT;PT IFARS;-3;BOTOL;8.000;12.000;0;;;
LECOZINK 0001;;LECOZINC;OBAT;IFARS;23;STRIP;3.000;7.000;0;;;
LEM BULU MATA 0001;;LEM BULU MATA PUTIH MEI HWA;LEM BULU MATA;MEI HWA;150;PCS;11.000;16.000;0;;;
LEM KUKU 0001;;LEM KUKU;LEM;NO MEREK;24;PCS;2.100;4.000;0;;;
LEM KUKU 0002;;LEM KUKU CAIR;ALAT MAKE UP;NO MEREK;-24;BOTOL;8.000;12.000;0;;;
LEM RAMBUT 0001;;LEM RAMBUT;LEM;NO MEREK;16;PCS;3.000;6.000;0;;;
LEM RAMBUT 0002;;LEM RAMBUT BESAR;LEM;NO MEREK;-9;PCS;3.500;7.000;0;;;
LERZIN  0001;;LERZIN DROP;OBAT;PT IFARS;3;BOTOL;13.000;20.000;0;;;
LERZIN 0002;;LERZIN SYRUP 60ML;OBAT;PT IFARS;122;BOTOL;6.500;12.000;0;;;
LERZIN CAP 0001;;LERZIN;OBAT;PT IFARS;372;STRIP;4.000;9.000;0;;;
LEVOCETIRIZINE 0001;;LEVOCETIRIZINE 5MG INTERBAT;OBAT;PT INTERBAT;0;STRIP;33.400;40.000;0;;;
LEVOFLOXASIN 0001;;LEVOFLOXASIN TABLET;OBAT;HEXPHARM;12;STRIP;8.400;13.000;0;;;
LEXACROL 0001;;LEXACROL;OBAT;PT MOLEX;-9;STRIP;3.700;8.000;0;;;
LEXAPRAM 0001;;LEXAPRAM TABLET;OBAT;PT MOLEX;3;STRIP;2.200;5.000;0;;;
LICODEXON 0001;;LICODEXON 0,5MG;OBAT;PT BERLICO;37;STRIP;1.400;4.000;0;;;
LIDOCAIN 0001;;LIDOCAIN INJEKSI;OBAT;DEXA MEDICA;97;BOTOL;1.400;8.000;0;;;
LINCOMYCIN 0001;;LINCOMYCIN HCI 500mg;OBAT;PT PHAROS;-22;STRIP;22.000;30.000;0;;;
LINDOR 0001;;LINDOR COLORFIX LIPSTICK;LIPSTIK/LIPCREAM/LIPTIN/LIPBLAM;LINDOR;78;PCS;14.500;20.000;0;;;
LIP BALM 0001;;LIP BALM BONEKA;LIPSTIK/LIPCREAM/LIPTIN/LIPBLAM;NO MEREK;323;PCS;3.200;6.000;0;;;
LIP BALM 0002;;LIP BALM ALOEVERA;LIPSTIK/LIPCREAM/LIPTIN/LIPBLAM;AISHALI;39;PCS;3.400;6.500;0;;;
LIP JUSTMIST 0001;;LIPSTIK JUSTMIST KECIL;INJEK;JUSTMIST ;-11;PCS;10.000;12.000;0;;;
LIP JUSTMIST 0002;;LIP JUSTMIST BESAR;LIPSTIK/LIPCREAM/LIPTIN/LIPBLAM;JUSTMIST ;0;PCS;13.500;17.000;0;;;
LIPCREAM 0001;;LIPCREAM;LIPSTIK/LIPCREAM/LIPTIN/LIPBLAM;NO MEREK;-31;PCS;5.500;18.000;0;;;
LIPCREAM 0002;;LIPCREAM ES CREAM SERBY;LIPSTIK/LIPCREAM/LIPTIN/LIPBLAM;NO MEREK;-23;PCS;9.600;15.000;0;;;
LIPMATTE 0001;;LIPMATTE;LIPSTIK/LIPCREAM/LIPTIN/LIPBLAM;NO MEREK;8;PCS;5.700;17.000;0;;;
LIPSTIK 0001;;LIPSTIK;LIPSTIK/LIPCREAM/LIPTIN/LIPBLAM;NO MEREK;160;PCS;5.500;15.000;0;;;
LIPSTIK 001;;LIP ARAB;LIPSTIK/LIPCREAM/LIPTIN/LIPBLAM;NO MEREK;73;PCS;7.000;12.000;0;;;
LIPTIN 0001;;LIP TINT MISS BETTY;LIPSTIK/LIPCREAM/LIPTIN/LIPBLAM;NO MEREK;89;PCS;6.000;12.000;0;;;
LIPTIN 0002;;LIPTIN SASIMI;LIPSTIK/LIPCREAM/LIPTIN/LIPBLAM;SASIMI;54;PCS;5.500;13.000;0;;;
LISINOPRIL 0001;;LISINOPRIL 5MG;OBAT;DEXA MEDICA;9;STRIP;3.500;7.000;0;;;
LODECON 0001;;LODECON FORTE;OBAT;PT SOLAS;0;STRIP;4.400;10.000;0;;;
LODIA 0001;;LODIA TABLET;OBAT;SANBE;7;STRIP;13.000;17.000;0;;;
LOGO ABC 0001;;SPON BEDAK TANGGUNG;SPON;ACNES;52;PCS;4.200;8.000;0;;;
LOKEV 0001;;LOKEV;OBAT;IFARS;38;STRIP;4.200;9.000;0;;;
LOPAMID 0001;;LOPAMID;OBAT;PT HARSEN;36;STRIP;2.500;6.000;0;;;
LORATADINE 0001;;LORATADINE 10mg;OBAT;NOVAPHARIN;61;STRIP;2.500;6.000;0;;;
LORATADINE 0002;;LORATADINE 10mg;OBAT;ETA;36;STRIP;2.200;6.000;0;;;
LOSTACEF 0001;;LOSTACEF 125 SYR;OBAT;PT IFARS;21;BOTOL;8.500;16.000;0;;;
LOSTACEF 0002;;LOSTACEF 250 MG;OBAT;IFARS;27;BOTOL;12.500;20.000;0;;;
LOSTACEF 0003;;LOSTACEF KAPSUL 500MG;OBAT;PT IFARS;-7;STRIP;10.000;17.000;0;;;
LUVISMA 0001;;LUVISMA TABLET;OBAT;PT IFARS;-12;STRIP;3.400;7.000;0;;;
MAAGGEL 0001;;MAAGGEL SYR 60ML;OBAT;ERELA;5;BOTOL;7.500;12.000;0;;;
MACARON 0001;;SOFTLENS MACARON;SOFLEN;NO MEREK;0;PCS;24.000;50.000;0;;;
MADU 0001;;MADU HUTAN MULTIFLORA JERIGEN 500GR;MADU;NO MEREK;4;BOTOL;55.000;70.000;0;;;
MADU ANGKAK 0001;;SARI KURMA  ANGKAK MADU  PROPOLIS 500 GR;MADU;NO MEREK;4;BOTOL;35.000;45.000;0;;;
MADU ANGKAK 0002;;MADU ANGKAK MUMTAZA 280 GR;MADU;NO MEREK;0;BOTOL;40.000;55.000;0;;;
MADU BAYI AS SALAMAH 0001;;MADU BAYI AS SALAMAH 30ml;MADU;CV ABU HERBAL;0;PCS;10.000;15.000;0;;;
MADU ENAK 0001;;MADU ENAK;MADU;NO MEREK;2.405;PCS;800;1.500;0;;;
MADU HITAM 0002;;MADU HITAM PAHIT HIDAYAH 500 GR;MADU;HIDAYAH AL-MUBAROK;1;BOTOL;43.000;75.000;0;;;
MADU HITAM PAHIT 0001;;MADU HITAM PAHIT 500gr;MADU;HERBAL ALAMI;-4;BOTOL;42.000;55.000;0;;;
MADU HUTAN 0001;;MADU HUTAN SIALANG 250ml;MADU;GERAI MADU ALAMI;0;PCS;0;60.000;0;;;
MADU HUTAN 0002;;MADU HUTAN 100ml;MADU;GERAI MADU ALAMI;0;PCS;20.000;30.000;0;;;
MADU PAHIT 0002;;MADU HITAM PAHIT PLUS PROPOLIS AR-ROHMAN 470GR;MADU;NO MEREK;-2;BOTOL;42.000;55.000;0;;;
MADU PRAMUKA 0001;;MADU PRAMUKA ROYAL JELLY 350ML;MADU;NO MEREK;-3;BOTOL;75.000;93.000;0;;;
MAGTRAL 0001;;MAGTRAL SIRUP 120 ML;OBAT;OTO;8;BOTOL;32.000;37.000;0;;;
MAGTRAL 0002;;MAGTRAL TABLET FORTE;OBAT;OTO;22;STRIP;2.800;6.000;0;;;
MAJAKI 0001;;MAJAKANI PERAPAT PIL;JAMU;JAMU;-81;PCS;6.700;9.000;0;;;
MAKARIZO 0001;;MAKKARIZO REBONDING SYTEM GOLD EDITION;REBONDING ;MAKARIZO;-3;PCS;70.000;80.000;0;;;
MANGKOK CAT 0001;;MANGKOK CAT;TEMPAT;NO MEREK;2;PCS;2.500;6.000;0;;;
MASKER 0005;;MASKER DUCKBILL SENSA ISI 50;MASKER;NO MEREK;36;PCS;600;2.000;0;;;
MASKER ANAK 0001;;MASKER ANAK;ALKES;NO MEREK;79;PCS;600;2.000;0;;;
MASKER EARLOOP 0001;;MASKER EARLOOP BIASA;MASKER;NO MEREK;7;BOX;11.000;22.000;0;;;
MASKER GP CARE 0001;;MASKER MEDIS;MASKER;GP CARE;-490;PCS;500;2.000;0;;;
MASKER MUKA 0001;;MASKER MUKA HIJAB;MASKER;NATURVARD;-1;BOX;25.000;35.000;0;;;
MEFENAMIC ACID 0002;;MEFENAMIC ACID ERITA 500mg;OBAT;ETA;679;STRIP;2.400;6.000;0;;;
MEFINAL 0001;;MEFINAL ACID 500mg;OBAT;SANBE;324;STRIP;17.300;22.000;0;;;
MEIJI 0001;;FG TROCHES MEIJI;OBAT;PT MEIJI;511;PCS;15.400;19.000;0;;;
MERISLON 0001;;MERISLON TABLET 6MG;OBAT;EISAI;4;STRIP;53.000;60.000;0;;;
MERTIGO 0001;;MERTIGO TABLET 6MG;OBAT;DEXA MEDICA;12;STRIP;39.500;45.000;0;;;
METAMIZOLE 0001;;METAMIZOLE SODIUM;OBAT;MEF;10;STRIP;3.800;8.000;0;;;
METFORMIN 0001;;METFORMIN DEXA 500MG;OBAT;DEXA MEDICA;0;STRIP;2.400;5.000;0;;;
METHYL 0003;;METHYL HJ 4MG;OBAT;HEXPHARM;54;STRIP;2.200;5.000;0;;;
METHYLPREDNISOLONE 00002;;METHYLPREDNISOLONE 8mg;OBAT;INFION;241;STRIP;4.500;9.000;0;;;
METHYLPREDNISOLONE 0001;;METHYLPREDNISOLONE 8mg;OBAT;TRIMAN;13;STRIP;4.400;9.000;0;;;
METICON 0001;;METICON DEXA 4MG;OBAT;DEXA MEDICA;-4;STRIP;2.300;6.000;0;;;
METISOL 0001;;METISOL TABLET 4MG;OBAT;HEXPHARM;2;STRIP;3.000;7.000;0;;;
METRONIDAZOLE 0001;;METRONIDAZOLE TABLET 500mg;OBAT;NOVAPHARIN;96;STRIP;2.700;6.000;0;;;
MEXON 0001;;MEXON TABLET;OBAT;SAMPHARINDO;167;STRIP;2.500;6.000;0;;;
MEXON 0002;;MEXON SIRUP 60 ML;OBAT;SAMPHARINDO;20;BOTOL;6.500;12.000;0;;;
MICROPORE 0001;;MICROPORE 12;PLESTER;NO MEREK;33;PCS;13.400;20.000;0;;;
MICROPORE 0002;;MICROPORE 24;PLESTER;NO MEREK;125;PCS;8.400;14.000;0;;;
MICROPORE 0003;;MICROPORE BESAR;ALKES;NO MEREK;2;PCS;28.500;34.000;0;;;
MIGROGYNON 0001;;MIGROGYNON;PIL KB;BAYER;-7;PCS;16.500;20.000;0;;;
MILORIN 0001;;MILORIN KAPSUL 300MG;OBAT;IFARS;6;STRIP;15.000;20.000;0;;;
MINYAK BULUS 0001;;MINYAK BULUS MURNI 15ml;OBAT OLES;PT AL KAUTSAR;0;PCS;15.000;20.000;0;;;
MINYAK CENGKEH 0001;;MINYAK CENGKEH 15ML;MINYAK GOSOK;NO MEREK;0;BOTOL;11.000;16.000;0;;;
MINYAK IKAN 0001;;MINYAK IKAN ISI 5;OBAT;NO MEREK;-69;PCS;500;5.000;0;;;
MINYAK KUTUS 0001;;MINYAK KUTUS KUTUS 100ML;MINYAK GOSOK;NO MEREK;1;BOTOL;105.000;130.000;0;;;
MINYAK RAMBUT TANCHO 0002;;MINYAK RAMBUT TANCHO MINI;MINYAK RAMBUT;TANCHO;115;PCS;7.500;11.000;0;;;
MINYAK URANG ARING 0001;;MINYAK URANG ARING 65 ML;MINYAK RAMBUT;URANG-ARING;7;BOTOL;10.000;13.000;0;;;
MIRASIC 0001;;MIRASIC 500mg;OBAT;SHAMPHARINDO PERDANA;280;STRIP;3.100;6.500;0;;;
MIRASIC FORTE 0001;;MIRASIC FORTE 650mg;OBAT;SHAMPHARINDO PERDANA;72;STRIP;3.500;8.500;0;;;
MIRASIC PLUS 0001;;MIRASIC PLUS TABLET;OBAT;SHAMPHARINDO PERDANA;34;STRIP;3.800;8.500;0;;;
MIRAVON 0001;;MIRAVON SIRUP 60ML;OBAT;SAMPHARINDO;1;BOTOL;4.500;10.000;0;;;
MIXALGIN 0001;;MIXALGIN TABLET;OBAT;ERELA;470;STRIP;5.800;10.500;0;;;
MOKBIOS 0001;;MOKBIOS TABLET 500MG;OBAT;PT MERSI FARMA;2;STRIP;4.400;10.000;0;;;
MOLACORT 0001;;MOLACORT 0,75mg;OBAT;PT MOLEX;468;STRIP;1.400;5.000;0;;;
MOLACORT 0002;;MOLACORT 0,5MG TABLET;OBAT;PT MOLEX;1;STRIP;1.200;4.000;0;;;
MOLAGIT 0001;;MOLAGIT TABLET;OBAT;PT MOLEX;33;STRIP;4.900;10.000;0;;;
MOLAPECT SYRUP 0001;;MOLAPECT SYRUP 60ML;OBAT;PT MOLEX AYUS;1;BOTOL;7.500;12.000;0;;;
MOLEXDRYLSYRUP 0001;;MOLEXDRYLSYRUP;OBAT;PT MOLEX AYUS;-4;BOTOL;6.000;10.000;0;;;
MOLEXFLU 0002;;MOLEXFLU TABLET;OBAT;PT MOLEX;46;STRIP;5.000;11.000;0;;;
MOLEXFLU SYRUP 0001;;MOLEXFLU SYRUP 60ML;OBAT;PT MOLEX AYUS;0;BOTOL;6.500;12.000;0;;;
MOMILEN 0001;;MOMILEN BABY CARE CREAM 15 GR;SALEP;NO MEREK;3;TUBE;30.000;36.000;0;;;
MONTALIN 0001;;MONTALIN;JAMU;JAMU;866;PCS;6.000;7.500;0;;;
MSGLOW 0001;;FACIAL WASH MSGLOW 100ML;FACIAL WASH;MS GLOW;-3;PCS;50.000;60.000;0;;;
MSGLOW 0002;;MSGLOW TONER ACNE 60ML;TONER;MS GLOW;-2;PCS;78.000;80.000;0;;;
MSGLOW 0003;;MSGLOW TONER GLOWING 60ML;TONER;MS GLOW;-1;PCS;55.000;65.000;0;;;
MSGLOW 0004;;MSGLOW ACNE NIGHT CREAM 12GRAM;CREAM WAJAH;MS GLOW;-14;PCS;65.000;85.000;0;;;
MSGLOW 0005;;MSGLOW LUMINOUS WHITENING NIGHT CREAM 12GRAM;CREAM WAJAH;MS GLOW;-6;PCS;83.000;85.000;0;;;
MSGLOW 0006;;MSGLOW WHITENING DAY CREAM 12GRAM;CREAM WAJAH;MS GLOW;-5;PCS;62.000;72.000;0;;;
MSGLOW 0007;;MSGLOW WHITENING NIGHT CREAM 12GRAM;CREAM WAJAH;MS GLOW;2;PCS;62.000;72.000;0;;;
MSGLOW 0008;;MSGLOW ULTIMATE NIGHT CREAM 12GRAM;CREAM WAJAH;MS GLOW;-3;PCS;83.000;85.000;0;;;
MUCOPECT 0001;;MUCOPECT SYR 60ML;OBAT;SANOFI;3;BOTOL;62.000;70.000;0;;;
MUCOPECT 0002;;MUCOPECT TABLET 30MG;OBAT;SANOFI;0;STRIP;40.500;45.000;0;;;
MUCOS 0003;;MUCOS TABLET 30MG;OBAT;MEPRO;8;STRIP;5.300;10.000;0;;;
MUCOS DROP 0001;;MUCOS DROP 20ML;OBAT;PT MEPROFARM;35;BOTOL;22.500;35.000;0;;;
MUCOS SYRUP 0002;;MUCOS SYRUP 60ML;OBAT;PT MEPROFARM;29;BOTOL;12.000;18.000;0;;;
MY DARLING 0001;;EYELINER MY DARLING;MASCARA/EYELINER;MY DARLING;39;PCS;16.300;23.000;0;;;
MY DARLING 0002;;MASKARA MY DARLING;MASCARA;MY DARLING;32;PCS;16.500;23.000;0;;;
MY WELL 0001;;MY WELL;VITAMIN;MY WELL;-1;PCS;20.000;30.000;0;;;
MYCORAL 0001;;MYCORAL 200mg TABLET;OBAT;KALBE;596;BIJIAN;4.300;6.000;0;;;
NARMIG 0001;;NARMIG TABLET 25 MG;OBAT;ERLA;3;STRIP;3.000;7.000;0;;;
NEOMETHER 0001;;NEOMETHER TABLET;OBAT;PT ERLIMPEX;1;STRIP;3.500;9.000;0;;;
NEOSMA 0001;;NEOSMA SIRUP 60 ML;OBAT;PT IFARS;0;BOTOL;6.000;10.000;0;;;
NEURALGIN 0001;;NEURALGIN RX;OBAT;KALBE;499;STRIP;10.600;14.000;0;;;
NEUROPYRON 0001;;NEUROPYRON-V;OBAT;PT HARSEN;31;STRIP;9.800;15.000;0;;;
NEUROSANBE 0001;;NEUROSANBE PLUS;OBAT;SANBE;20;STRIP;15.000;20.000;0;;;
NITROKAF 0001;;NITROKAF RETARD TABLET;OBAT;KIMIA FARMA;-1;STRIP;21.000;30.000;0;;;
NOCANDIS 0001;;NOCANDIS DROP;OBAT;PT ERLIMPEX;-9;BOTOL;23.000;30.000;0;;;
NODROF 0001;;NODROF PE TABLET;OBAT;PT TEMPO SCAN;22;STRIP;7.500;13.000;0;;;
NOVACHLOR 0001;;NOVACHLOR 250mg;OBAT;NOVAPHARIN;-5;STRIP;5.000;10.000;0;;;
NOVADEX 0001;;NOVADEX 0,75 MG;OBAT;NOVAPHARIN;-6;STRIP;1.000;4.000;0;;;
NOVAKAL 0001;;NOVAKAL 500MG;OBAT;NOVAPHARIN;1;STRIP;1.900;5.000;0;;;
NOVAPYRON 0001;;NOVAPYRON TABLET;OBAT;NOVAPHARIN;-2;STRIP;4.500;9.000;0;;;
NUFADEX M 0001;;NUFADEX M 0,75MG;OBAT;NUFARINDO;-21;STRIP;3.000;6.000;0;;;
NYSTATIN 0001;;CAZETIN DROPS 15ML;OBAT;PT IFARS;29;BOTOL;20.000;30.000;0;;;
NYSTATIN 0002;;KANDISTATIN SYR 12ML;OBAT;METISKA FARMA;21;BOTOL;45.000;52.000;0;;;
OBAT 0004;;MAPOH TAMPEK 5,5G;OBAT;CAP BOLA;12;PCS;19.200;25.000;0;;;
OBAT 0006;;CURBEPLEX PLUS PREBIOTIK 60ml;VITAMIN;MEF;-5;PCS;12.000;16.000;0;;;
OBAT 0007;;PEKA 2g;OBAT;SEINO SERA NUSA;231;PCS;1.500;5.000;0;;;
OBAT 0008;;CURBION SYRUP 60ml;VITAMIN;PT MUTIFA;3;PCS;6.500;12.000;0;;;
OBAT0001;;PARACETAMOL MEF 500MG;OBAT;MEF;-257;STRIP;4.000;8.000;0;;;
OBAT0002;;AMOXILIN 0GB 500MG;OBAT ANTIBIOTIK;OGB;1.205;STRIP;4.700;7.000;0;;;
OBH 0001;;OBH SURYA 100ML;OBAT;ITRASAL;31;PCS;6.500;11.000;0;;;
OBH 0002;;OBH NUSANTARA 100ML;OBAT;NO MEREK;3;BOTOL;7.500;12.000;0;;;
OBIMIN 0001;;OBIMIN TABLET;OBAT;DARYA VARIA;6;STRIP;23.400;28.000;0;;;
OBP 0001;;OBP 100ML;OBAT;ITRASAL;9;BOTOL;5.500;10.000;0;;;
OCUSON 0001;;OCUSON TABLET;OBAT;SANBE;12;STRIP;16.800;22.000;0;;;
OFLOXACIN 0001;;OFLOXACIN 400mg;OBAT;INDOFARMA;-3;STRIP;4.000;8.000;0;;;
OMBERZOL 0001;;OMBERZOL KAPSUL 20 MG;OBAT;BERNOFARM;-9;STRIP;6.000;12.000;0;;;
OMEDOM 0001;;OMEDOM TAB;OBAT;PT MUTIARA MUKTI;7;STRIP;2.300;5.000;0;;;
OMEGA 0001;;OMEGA 3 EPA&DHA ISI 70;OBAT;SHANDONG YUWANG;0;PCS;25.000;50.000;0;;;
OMEGESIC 0001;;OMEGESIC TABLET;OBAT;PT MUTIFA;5.663;STRIP;4.900;9.000;0;;;
OMEGTRIM 0001;;OMEGTRIM SIRUP 60 ML;OBAT;PT MUTIARA MUKTI;0;BOTOL;5.000;10.000;0;;;
OMEPRAZOLE 0001;;OMEPRAZOLE 20mg;OBAT;NOVELL;269;STRIP;3.400;7.000;0;;;
OMEPRAZOLE 0002;;OMEPRAZOLE INJEKSI 40MG;OBAT;BERNOFARM;118;BOTOL;7.500;15.000;0;;;
OMEPRAZOLE 0003;;OMEPRAZOLE KAPSUL 20MG;OBAT;NOVAPHARIN;852;STRIP;2.800;6.500;0;;;
OMEPRAZOLE 0004;;OMEPRAZOLE KAPSUL 20MG NOVEL;OBAT;NOVELL;1;STRIP;4.500;12.000;0;;;
OMEPRAZOLE 0005;;OMEPRAZOLE 20 MG HJ;OBAT;HEXPHARM;14;STRIP;3.800;7.000;0;;;
OMEROXOL 0002;;OMEROXOL TABLET;OBAT;PT MUTIFA;16;STRIP;1.900;5.000;0;;;
OMEROXOL SYRUP 0001;;OMEROXOL SYRUP 60ML;OBAT;PT MUTIFA;-4;BOTOL;4.000;9.000;0;;;
OMESTAN 0002;;OMESTAN TABLET 500 MG;OBAT;PT MUTIARA MUKTI;11;STRIP;3.500;7.000;0;;;
ONDAN 0001;;ONDANSETRON HCL 4mg;OBAT;PT YARINDO ;-10;STRIP;5.000;9.000;0;;;
ONDAN 0002;;ONDANSETRON HCI DIHYDRATE INJEKSI 4mg;INJEK;BERNOFARM;4;PCS;2.500;10.000;0;;;
ONDAN 0006;;ONDAN INJEK 8mg;INJEK;BERNOFARM;1;BOX;55.000;60.000;0;;;
ONDAN 8mg INJEK 0001;;ONDANSETRON HCI DIHYDRATE IJECTION 8mg/4ml;INJEK;BERNOFARM;164;PCS;2.500;10.000;0;;;
ONDAN INJEK 0001;;ONDAN INJEK;INJEK;PT MAHAKAM;115;DUS;2.500;60.000;0;;;
OPISTAN 0001;;OPISTAN 500mg;OBAT;OTO;314;STRIP;3.800;8.000;0;;;
ORALIT 0002;;ORALIT 200;OBAT;PHAROS;319;PCS;500;1.000;0;;;
ORATIFED 0002;;ORATIFED KUNING SIRUP 60 ML;OBAT;PT MUTIARA MUKTI;1;BOTOL;8.000;12.000;0;;;
ORATIFED 0003;;ORATIFED IJO EXPECTORAN SIRUP 60 ML;OBAT;PT MUTIARA MUKTI;-6;BOTOL;8.500;15.000;0;;;
ORATIFED MERAH SYRUP 0001;;ORATIFED MERAH SYRUP 60ML;OBAT;;-3;BOTOL;8.500;15.000;0;;;
ORINOX 0001;;ORINOX 90MG;OBAT;DEXA MEDICA;1;STRIP;91.000;105.000;0;;;
ORPHEN 0001;;ORPHEN TABLET;OBAT;SOLAS;94;STRIP;900;4.000;0;;;
OTILON 0001;;OTILON EAR DROP;TETES TELINGA;SANBE;0;BOTOL;44.000;50.000;0;;;
OTOPAINT 0001;;OTOPAINT TETES TELINGA 8ml;TETES TELINGA;OTOPAIN;-7;BOTOL;75.000;85.000;0;;;
OVALE MASKER 0002;;OVALE MASKER LEMON SASET;MASKER;OVALE;-5;PCS;7.000;11.000;0;;;
PACDIN COUGH 0001;;PACDIN COUGH SYR 60ML;OBAT;PT MULIA FARMA;36;BOTOL;6.000;10.000;0;;;
PAKET 0001;;PAKET INEZ;ALAT MAKE UP;INEZ;-1;PAK;196.000;207.000;0;;;
PAKET COLLAGEN;;PAKET COLLAGEN;CREAM WAJAH;COLLAGEN;-26;BOX;45.000;75.000;0;;;
PAKET EYESHADOW 0001;;EYESHADOW ACTIVE SERIES;EYESHADOW/BLUSHON/CONTOUR/HIGHLITER;NO MEREK;-5;PCS;20.000;30.000;0;;;
PAKET MS GLOW 0001;;1 PAKET MS GLOW;CREAM WAJAH;MS GLOW;-4;PCS;190.000;250.000;0;;;
PAKET SCARLETT 0001;;PAKET SCARLETT;CREAM WAJAH;SCARLET;-1;PAK;250.000;280.000;0;;;
PAKET TEMULAWAK 0001;;PAKET TEMULAWAK;CREAM WAJAH;TEMULAWAK;-46;PAK;76.000;95.000;0;;;
PAKET TEMULAWAK 0002;;PAKET TEMULAWAK THE FACE;CREAM WAJAH;TEMULAWAK;-15;PCS;77.000;100.000;0;;;
PAKET THERASKIN 0001;;PAKET THERASKIN;CREAM WAJAH;THERASKIN;0;PCS;75.000;100.000;0;;;
PAKET WARDAH;;PAKET WARDAH LIGHTENING;CREAM WAJAH;WARDAH;-13;PAK;93.500;108.000;0;;;
PAMOL 0001;;PAMOL TABLET 500MG;OBAT;PT INTERBAT;10;STRIP;8.000;12.500;0;;;
PANTOPRAZOLE 0001;;PANTROPAZOLE 20 MG;OBAT;PT MAHAKAM;0;STRIP;45.000;52.000;0;;;
PAPAVERINE 0001;;PAPAVERINE HCI;OBAT;NOVAPHARIN;19;STRIP;5.200;8.500;0;;;
PARACETAMO 0001;;PARACETAMOL MEF;OBAT;MEF;2.120;STRIP;4.000;8.000;0;;;
PARACETAMOL 0004;;PARACETAMOL BERNOFARM 500MG;OBAT;BERNOFARM;150;STRIP;1.500;5.500;0;;;
PARACETAMOL 0005;;PARACETAMOL HOLI 500MG;OBAT;PT HOLI;-56;STRIP;1.800;6.000;0;;;
PARACETAMOL INJEK 0002;;PARACETAMOL INJEK;INJEK;BERNOFARM;0;BOTOL;20.000;55.000;0;;;
PARACETAMOL INVUS 0001;;PARACETAMOL INVUS 1g/100ml;INJEK;BERNOFARM;171;PCS;20.000;50.000;0;;;
PARACETAMOL MEF 0002;;PARACETAMOL MEF SIRUP 60 ML;OBAT;MEF;30;BOTOL;5.000;16.000;0;;;
PARACETAMOL POT 0001;;PARACETAMOL POT;OBAT;MEF;298;BOTOL;37.000;45.000;0;;;
PARAFLU 0001;;PARAFLU;OBAT;ITRASAL;28;STRIP;3.800;8.000;0;;;
PARFUM 0001;;BELLAGIO ACCELARATE 100ML;PARFUM;BELLAGIO;-5;PCS;27.000;33.000;0;;;
PARFUM 0002;;BELLAGIO COKLAT 100ML;PARFUM;BELLAGIO;-1;PCS;27.000;33.000;0;;;
PARFUM 0003;;BELLAGIO RAVE CULTURE 100ML;PARFUM;BELLAGIO;-1;PCS;27.000;33.000;0;;;
PARFUM FITRI 0001;;PARFUM FITRI 12.000;PARFUM;FITRI PARFUM;85;PCS;10.000;12.000;0;;;
PARFUM FITRI 0002;;PARFUM FITRI 25.000;PARFUM;FITRI PARFUM;30;PCS;20.000;25.000;0;;;
PARFUM FITRI 0003;;PARFUM FITRI 7.000;PARFUM;FITRI PARFUM;89;PCS;5.000;7.000;0;;;
PARFUM IHSAN 0001;;IHSAN PARFUM;PARFUM;IHSAN PARFUM;445;PCS;8.000;10.000;0;;;
PARFUM IHSAN 0002;;PARFUM IHSAN SPRAY 15RB;PARFUM;IHSAN PARFUM;51;BOTOL;12.000;15.000;0;;;
PARFUM QUBA 0001;;QUBA PARFUM;PARFUM;QUBA PARFUM;37;PCS;7.500;10.000;0;;;
PARFUM QUBA 0002;;PARFUM QUBA 25.000;PARFUM;QUBA PARFUM;53;PCS;20.000;25.000;0;;;
PARFUM SOFWA 0001;;SOFWAN PARFUM 25.000;PARFUM;SOFWAN PARFUM;241;PCS;20.000;25.000;0;;;
PARFUM SOFWAN 0002;;SOFWAN PARFUM 35.000;PARFUM;SOFWAN PARFUM;119;PCS;30.000;35.000;0;;;
PARFUM SOFWAN 0003;;SOFWAN PARFUM 10.000;PARFUM;SOFWAN PARFUM;-111;PCS;8.000;10.000;0;;;
PASEO 0002;;PASEO 50SHEET;TISSU;PASEO;26;PCS;2.100;4.000;0;;;
PECTORIN 0001;;PECTORIN SYR 120ML;OBAT;ITRASAL;28;BOTOL;14.000;18.000;0;;;
PEKA 0002;;PEKA CITO 5GR ISI 24;SERBUK;CITO;0;BOTOL;5.300;8.000;0;;;
PENAMBAH DARAH 0001;;PENAMBAH DARAH GENERIK;OBAT;TRIMAN;11;STRIP;1.500;5.000;0;;;
PENICILLIN 0001;;PENICILLIN-G MEIJI 3g;SERBUK;MEIJI;55;BOTOL;27.000;32.000;0;;;
PENITI 0001;;PENITI;JARUM;NO MEREK;54;PCS;500;2.000;0;;;
PENSIL ALIS ART 0001;;PENSIL ALIS ART COLOURED SOFT;PENSIL ALIS;NO MEREK;6;PCS;2.500;5.000;0;;;
PENSIL ALIS DAVIS 0001;;PENCIL ALIS DAVIS;PENSIL ALIS;DAVIS;211;PCS;1.500;5.000;0;;;
PENSIL ALIS JUST MIST 0002;;PENSIL ALIS JUST MIST SERUT;PENSIL ALIS;JUSTMIST ;7;PCS;4.600;10.000;0;;;
PENSIL ALIS JUSTMIST 0001;;PENSIL ALIS JUSTMIST;PENSIL ALIS;JUSTMIST ;122;PCS;5.200;10.000;0;;;
PENSIL ALIS VIVA 0001;;PENSIL ALIS VIVA K;PENSIL ALIS;VIVA;-24;PCS;4.500;10.000;0;;;
PERBAN 0001;;PERBAN PATAH TULANG BIASA;SALEP;PT GLOBAL PHARMA ;-5;PCS;13.000;20.000;0;;;
PERMEN TOLAK ANGIN 0001;;TOLAK ANGIN PERMEN;OBAT;PT DELTO MED;390;PCS;150;500;0;;;
PERMETHRIN 0001;;PERMETHRIN SALEP 5%;SALEP;KIMIA FARMA;-1;PCS;11.000;15.000;0;;;
PICET 0002;;PINCET;JEPIT;NO MEREK;-5;PCS;7.000;12.000;0;;;
PIL KB 0001;;LIBI;OBAT;BAYER;911;PCS;19.900;24.000;0;;;
PINCET 0001;;PINCET;JEPIT;NO MEREK;32;PCS;900;5.000;0;;;
PINSET 0002;;PINSET ITEM;JEPIT;NO MEREK;29;PCS;1.500;5.000;0;;;
PINSET0001;;PINSET GOLD;JEPIT;KISLENE;137;PCS;4.000;8.000;0;;;
PIPET BAYI 0001;;PIPET BAYI;KACA;NO MEREK;46;PCS;2.500;7.000;0;;;
PIPET KACA 0001;;PIPET KACA;KACA;NO MEREK;2.048;PCS;650;5.000;0;;;
PIROXICAM 0001;;PIROXICAM 20mg;OBAT;NOVAPHARIN;200;STRIP;1.400;4.000;0;;;
PIROXICAM 0002;;PIROXICAM 10mg;OBAT;PT TRIMAN;102;STRIP;1.200;3.000;0;;;
PIROXICAM 0003;;PIROXICAM 20mg TRIMAN;OBAT;PT TRIMAN;54;STRIP;1.300;4.000;0;;;
PIROXICAM CAP 0001;;PIROXICAM 20mg CAPSUL;OBAT;PT FIRST;5.454;STRIP;2.300;6.000;0;;;
PLANOTAB 0001;;PLANOTAB;PIL KB;PT TRIYASA;22;STRIP;7.500;11.000;0;;;
POLOFAR 0001;;POLOFAR PLUS;OBAT;PT IFARS;101;STRIP;2.200;6.000;0;;;
POMPIA 0001;;POMPIA SABUN MANDI SERE;SABUN BATANG;POMPIA;13;PCS;12.000;16.000;0;;;
POND'S PENSIL ALIS 0001;;POND'S PENSIL ALIS;PENSIL ALIS;PONDS;-4;PCS;2.500;5.000;0;;;
PONDEX0001;;PONDEX FORTE;OBAT;DEXA MEDICA;6;STRIP;4.500;8.000;0;;;
PONSTAN 0001;;PONSTAN 500mg;OBAT;PT PFIZER;1.517;BIJIAN;2.700;4.000;0;;;
PREDNISON  0001;;PREDNISON TABLET 5MG;OBAT;TRIMAN;13;STRIP;1.200;5.000;0;;;
PREGABALIN 0001;;PREGABALIN TABLET 75 GR;OBAT;DEXA MEDICA;-19;STRIP;21.700;40.000;0;;;
PREGABALIN 0002;;PREGABALIN TABLET 150MG;OBAT;DEXA MEDICA;3;STRIP;56.700;75.000;0;;;
PRIMADEX 0001;;PRIMADEX SIRUP 60 ML;OBAT;DEXA MEDICA;8;BOTOL;6.500;14.000;0;;;
PRIMADEX 0002;;PRIMADEX FORTE TABLET;OBAT;DEXA MEDICA;28;STRIP;5.500;12.000;0;;;
PRIMADEX 0003;;PRIMADEX TABLET;OBAT;DEXA MEDICA;1;STRIP;3.800;8.000;0;;;
PRIMOLUT 0001;;PRIMOLUT;OBAT;BAYER;756;BIJIAN;6.300;12.000;0;;;
PROMEDEX 0001;;PROMEDEX SIRUP 60 ML;OBAT;PT INTERBAT;3;BOTOL;30.000;38.000;0;;;
PROPANOLOL 0001;;PROPANOLOL 40 MG TABLET;OBAT;DEXA MEDICA;14;STRIP;1.500;5.000;0;;;
PROPEPSA 0001;;PROPEPSA SIRUP 100 ML;OBAT;PT GRATIA;17;BOTOL;50.000;58.000;0;;;
PRORIS 0001;;PRORIS 125mg SUPPOSITORIA;OBAT;PHAROS;47;PCS;6.800;12.000;0;;;
PROVE D 0001;;PROVE D3 5000;OBAT;KALBE;-5;STRIP;39.200;45.000;0;;;
PROVE D 0002;;PROVE D3 1000;OBAT;KALBE;6;STRIP;28.400;33.000;0;;;
PURBASARI 0001;;PURBASARI HI-MATTE LIP CREAM IXIA;LIPSTIK/LIPCREAM/LIPTIN/LIPBLAM;PURBASARI;0;PCS;45.000;50.000;0;;;
PYREXIN 0001;;PYREXIN 160mg SUPOSITORIA;OBAT;PT MEPROFARM;-12;PCS;7.500;15.000;0;;;
PYREXIN 0002;;PYREXIN 80mg SUPOSITORIA;OBAT;PT MEPROFARM;-5;PCS;5.000;15.000;0;;;
QUANTIDEX 0001;;QUANTIDEX SYR 60ML;OBAT;PT IFARS;11;BOTOL;8.500;13.000;0;;;
RACIKAN 0001;;RACIKAN PEGEL2;OBAT;NO MEREK;-5.149;PCS;1.500;5.000;0;;;
RACIKAN 0002;;RACIKAN SAKIT GIGI;OBAT;NO MEREK;-2.576;PCS;1.500;5.000;0;;;
RAMIPRIL 0001;;RAMIPRIL 10 MG;OBAT;NOVELL;12;STRIP;8.000;12.000;0;;;
RAMOLIT 0001;;RAMOLIT RASA JERUK;OBAT;PT RAMA;-28;PCS;500;1.000;0;;;
RANITIDINE INJEK 0001;;RANITIDINE INJEK;CAIRAN;QUANTUM LAB;590;PCS;2.300;10.000;0;;;
RANTIN 0001;;RANTIN TABLET;OBAT;KALBE;11;STRIP;36.000;62.000;0;;;
RAUTAN 0001;;RAUTAN PENSIL ALIS 2LOBANG;RAUTAN;NO MEREK;45;PCS;3.000;7.000;0;;;
RAUTAN 0002;;RAUTAN ISI 1;AKSESORIS;NO MEREK;19;PCS;2.100;5.000;0;;;
RDL 0001;;RDL WHITENING FACIAL SERUM 30ML;SERUM WAJAH;RDL;-2;PCS;20.000;26.000;0;;;
REBAMIPIDE 0001;;REBAMIPIDE 100MG INTERBAT;OBAT;PT INTERBAT;-13;STRIP;14.500;23.000;0;;;
REGAZZA 0001;;REGAZZA PARFUM;PARFUM;REGAZZA;-3;PCS;27.000;33.000;0;;;
RELAXON 0001;;RELAXON TABLET;OBAT;ERELA;27;STRIP;7.600;11.000;0;;;
RENABETIC 0001;;RENABETIC 5MG;OBAT;PT FAHRENHEIT;73;STRIP;2.700;6.000;0;;;
RENADINAC 0001;;RENADINAC 50 TABLET;OBAT;PT PRATAPA;294;STRIP;3.500;6.500;0;;;
REPASS 0001;;REPASS 400MG;OBAT;ERLA;2;STRIP;4.300;10.000;0;;;
RHEMAFAR 0001;;RHEMAFAR TABLET;OBAT;PT IFARS;689;STRIP;4.200;8.000;0;;;
RHEMAFAR 0002;;RHEMAFAR TABLET 8MG;OBAT;IFARS;207;STRIP;6.400;12.000;0;;;
RIFABIOTIC 0001;;RIFABIOTIC 600MG;OBAT;BERNOFARM;2;STRIP;66.000;70.000;0;;;
RIFABIOTIC 0002;;RIFABIOTIC 450MG;OBAT;BERNOFARM;11;STRIP;46.000;52.000;0;;;
RIFAMPICIN 0001;;RIFAMPICIN 450mg;OBAT;KIMIA FARMA;-4;STRIP;10.000;20.000;0;;;
RING RAMBUT 0001;;RING RAMBU JUMBO;AKSESORIS;NO MEREK;51;PCS;22.000;27.000;0;;;
RIVANOL 0001;;RIVANOL 100ML;ANTISEPTIC;CV BERKAH;111;PCS;2.500;7.000;0;;;
ROLL RAMBUT 0001;;ROLL RAMBUT KECIL;JEPIT;NO MEREK;9;PCS;2.900;6.000;0;;;
ROLL RAMBUT 0002;;ROLL RAMBUT TANGGUNG;AKSESORIS;NO MEREK;19;PCS;2.700;8.000;0;;;
ROSIDON 0001;;ROSIDON SIRUP 60ML;OBAT;NOVAPHARIN;3;BOTOL;4.500;10.000;0;;;
ROSUVASTATIN 0001;;ROSUVASTATIN CALCIUM 10MG;OBAT;NOVELL;-1;STRIP;32.500;37.000;0;;;
ROSUVASTATIN 0002;;ROSUVASTATIN CALCIUM 20MG;OBAT;NOVELL;-6;STRIP;28.400;36.000;0;;;
ROVERTON 0001;;ROVERTON TABLET;OBAT;IFARS;16;STRIP;1.800;5.000;0;;;
SABUNH ESTER 0002;;ESTHER SABUN;SABUN BATANG;ESTHER;-3;PCS;8.000;10.000;0;;;
SALBUTAMOL 0001;;SALBUTAMOL SULFATE 2mg;OBAT;GRAHA FARMA;182;STRIP;1.900;4.000;0;;;
SALBUTAMOL 0002;;SALBUTAMO SULFATE 4mg;OBAT;PT YARINDO ;131;STRIP;2.000;5.000;0;;;
SALEP 0001;;INERSON SALEP 15g;SALEP;INERSON;13;PCS;75.000;83.000;0;;;
SALEP 00010;;SYNALTEN CREAM 5g;SALEP;IFARS;11;PCS;6.500;11.000;0;;;
SALEP 00011;;NESTACORT CREAM 2,5% 5g;SALEP;IFARS;16;PCS;6.500;11.000;0;;;
SALEP 00012;;DEXIGEN CREAM 5g;SALEP;IFARS;25;PCS;10.000;15.000;0;;;
SALEP 00013;;GENALTEN CREAM 5g;SALEP;IFARS;86;PCS;4.500;10.000;0;;;
SALEP 00014;;SALEP ACIFAR CREAM 5g;SALEP;IFARS;0;PCS;6.400;11.000;0;;;
SALEP 00015;;ERLADERM-N 5g;SALEP;ERLA;-8;PCS;6.500;11.000;0;;;
SALEP 00016;;BUFACORT-N CREAM 5g;SALEP;BUFA;20;PCS;8.500;12.500;0;;;
SALEP 00017;;SALEP NEW ASTAR 15GR;SALEP;BUFA;3;PCS;11.000;15.000;0;;;
SALEP 00018;;BEVALEX KRIM 5g;SALEP;BEVALEX;126;PCS;12.100;16.500;0;;;
SALEP 00019;;SAGESTAM 10g;SALEP;SANBE;27;PCS;16.000;20.000;0;;;
SALEP 0002;;NISAGON SALEP 5gr;SABUN BATANG;NISAGON;20;PCS;6.500;12.000;0;;;
SALEP 00020;;SALEP ZENSODERM CREAM 10g;SALEP;ZENITH;205;PCS;6.900;15.000;0;;;
SALEP 00021;;TRIFAMYCETIN 15g;SALEP;TRIFA;-9;PCS;7.500;13.000;0;;;
SALEP 00022;;TONG KANG SUANG 10g;SALEP;SANO GRATIA FARMA;-26;PCS;6.500;12.000;0;;;
SALEP 00025;;SCABIMITE CREAM 10g;SALEP;GELENIUM;5;PCS;42.000;50.000;0;;;
SALEP 0003;;KENALOG SALEP 5g;SALEP;KENALOG;-5;PCS;72.500;80.000;0;;;
SALEP 0004;;NOSIB SALEP;SALEP;CAP BISON;31;PCS;12.400;16.000;0;;;
SALEP 0005;;BUFACOMB CREAM 5g;SALEP;BUFACOMB;26;PCS;25.000;31.000;0;;;
SALEP 0006;;ERLAMYCETIM SALEP MATA 3,5g;SALEP;ERLA;74;PCS;11.000;16.000;0;;;
SALEP 0007;;GENOINT SALEP MATA 3,5g;SALEP;GENOINT;7;PCS;5.500;12.000;0;;;
SALEP 0008;;SALEP TERIKORTIN OINTMENT5g;SALEP;IFARS;5;PCS;5.500;10.000;0;;;
SALEP 0009;;SALEP COLIPRED 5g;SALEP;IFARS;-1;PCS;6.000;10.000;0;;;
SALEP ACICLOVIR 0001;;SALEP ACICLOVIR 5g;SALEP;PT INDOFARMA;127;PCS;3.000;7.500;0;;;
SALEP BETAMETHASONE 0001;;SALEP BETAMETHASONE 5g;SALEP;KIMIA FARMA;38;PCS;2.400;6.000;0;;;
SALEP BETASON-N 0001;;SALEP BETASON-N 5g;SALEP;KIMIA FARMA;110;PCS;16.300;21.000;0;;;
SALEP CHLORAMFECORT-H 0001;;SALEP CHLORAMFECORT-H;SALEP;KIMIA FARMA;116;PCS;24.000;29.000;0;;;
SALEP ESPERSON 0001;;SALEP ESPERSON 0,25 % 5 GRAM;SALEP;SANOFI;3;PCS;80.000;86.000;0;;;
SALEP GENTAMISIN 0001;;SALEP GENTAMISIN;SALEP;KIMIA FARMA;103;PCS;3.300;7.000;0;;;
SALEP HIDROKORTISON 0001;;SALEP HIDROKORTISON;SALEP;KIMIA FARMA;155;PCS;3.600;8.000;0;;;
SALEP HYDROCORTISONE 0001;;SALEP HYDROCORTISONE 5g;SALEP;KIMIA FARMA;-61;PCS;3.800;8.000;0;;;
SALEP KETOKONAZOLE 0001;;SALEP KETOKONAZOLE 2% 10g;SALEP;KIMIA FARMA;242;PCS;5.700;10.000;0;;;
SALEP MATA 0008;;ALLETROL COMPOSITUM 3,5g;SALEP;ALLETROL;52;PCS;13.000;18.000;0;;;
SALEP MICONAZOLE 0001;;SALEP MICONAZOLE NITRATE 10g;SALEP;KIMIA FARMA;193;PCS;3.700;8.000;0;;;
SALEP WALET 0001;;SALEP WALET 10g;SALEP;NO MEREK;172;PCS;3.500;7.000;0;;;
SALICYL 0001;;SALICYL SPIRITUS 15ml;CAIRAN;SALICYL;-2;PCS;9.000;12.000;0;;;
SAMBILOTO 0001;;SAMBILOTO;JAMU;JAMU;-143;PCS;1.400;2.500;0;;;
SAMBILOTO 0002;;SAMBILOTO ISI 30 KAPSUL;JAMU;NO MEREK;1;BOTOL;22.000;35.000;0;;;
SAMCOVASK 0001;;SAMCOVASK 10MG;OBAT;PT SAMCO;-8;STRIP;3.000;8.000;0;;;
SAMQUINOR 0001;;SAMQUINOR KAPLET 500 MG;OBAT;PT SAMCO;41;STRIP;5.300;10.000;0;;;
SAMYUN WAN 0001;;SAMYUN WAN;JAMU;JAMU;32;PCS;24.000;29.000;0;;;
SANADRYL 0001;;SANADRYL DMP SIRUP 60 ML;OBAT;SANBE;9;BOTOL;23.000;28.000;0;;;
SANADRYL 0002;;SANADRYL DMP SIRUP 120 ML;OBAT;SANBE;-1;BOTOL;30.000;35.000;0;;;
SANADRYL EXPECTORANT SYRUP 0001;;SANADRYL EXPECTORANT SYRUP 60ML;OBAT;PT SAMCO;0;BOTOL;14.000;20.000;0;;;
SANMOL 0001;;SANMOL DROP 15ML;OBAT;SANBE;171;BOTOL;21.000;26.000;0;;;
SANMOL 0002;;SANMOL SYRUP 60ML;OBAT;SANBE;442;BOTOL;19.200;23.500;0;;;
SANMOL 0003;;SANMOL FORTE 60ML;OBAT;SANBE;18;BOTOL;32.500;40.000;0;;;
SANMOL FORTE TAB 0001;;SANMOL FORTE TABLET;OBAT;SANBE;217;STRIP;2.700;5.000;0;;;
SANMOL TAB 0001;;SANMOL TABLET;OBAT;SANBE;895;STRIP;2.200;5.000;0;;;
SANPRIMA 0001;;SANPRIMA SIRUP 60 ML;OBAT;SANBE;3;BOTOL;28.000;33.000;0;;;
SANPRIMA 0002;;SANPRIMA TABLET;OBAT;SANBE;3;STRIP;11.000;20.000;0;;;
SARI KURMA 0001;;SARI KURMA ANGKAK 280gr;MADU;AT-THOIFAH;0;BOTOL;25.000;40.000;0;;;
SARI KURMA 0002;;SARI KURMA ANGKAK 330GR;MADU;AT-THOIFAH;-6;PCS;36.000;50.000;0;;;
SARI KURMA MADU 0001;;SARI KURMA MADU MUMTAZA;MADU;NO MEREK;3;BOTOL;33.000;50.000;0;;;
SARIAYU 0001;;SARIAYU PENSIL ALIS;PENSIL ALIS;SARIAYU;-4;PCS;5.000;15.000;0;;;
SARIKURMA PLUS 0001;;AN NAJMA +ROYAL JELLY 350gr;MADU;CV AL-FIAT ;0;PCS;36.000;45.000;0;;;
SARUNG TANGAN 0001;;SARUNG TANGAN PLASTIK ISI 100;ALKES;NO MEREK;-346;PCS;90;1.500;0;;;
SCARLET 0001;;SACRLET ACNE TO GLOW MINI SERIES 5ML;SERUM WAJAH;SCARLET;-2;PCS;50.000;55.000;0;;;
SCARLET 0002;;SCARLET BRIGHTLY TO GLOW MINI SERIES 5ML;SERUM WAJAH;SCARLET;0;PCS;50.000;55.000;0;;;
SCARLET 0003;;SCARLET BODY SCRUB PINK 250ML;LULUR;SCARLET;2;PCS;50.000;55.000;0;;;
SCOPMA 0002;;SCOPMA 10MG;OBAT;IFARS;6;PCS;9.000;13.000;0;;;
SCOPMA PLUS 0001;;SCOPMA PLUS;OBAT;IFARS;140;STRIP;10.200;15.000;0;;;
SEDOT INGUS 0001;;SEDOT INGUS BAYI;ALKES;NO MEREK;-3;PCS;10.000;17.000;0;;;
SEHAT GIN 0001;;SEHAT GIN SYRUP 100ML;JAMU;PT BEN SEHAT;5;BOTOL;15.000;20.000;0;;;
SELANG OKSIGEN 0001;;NASAL OXYGEN CANNULA ADULT;SELANG;HEXACARE;2;PCS;6.000;14.000;0;;;
SELKOM C 0001;;SELKOM C TABLET;OBAT;PT SENTOSA KARYA GEMILANG;-41;STRIP;9.300;14.000;0;;;
SELVIM 0001;;SELVIM 10 TABLET;OBAT;PT IFARS;18;STRIP;3.400;8.000;0;;;
SELVIM 0002;;SELVIM 20 TABLET;OBAT;PT IFARS;5;STRIP;4.500;10.000;0;;;
SEMUT 0001;;AFRICA BLACK ANT;JAMU;JAMU;12;PCS;8.800;14.000;0;;;
SENSI MASK 0001;;SENSI MASK 4-PLY EARLOOP;MASKER;SENSI;-13;PCS;7.000;10.000;0;;;
SEPET ARUM 0001;;SEPET ARUM;JAMU;JAMU;-13;PCS;4.800;8.000;0;;;
SERUM BIBIR 0001;;MAGIC LIPGLOSS;LIPSTIK/LIPCREAM/LIPTIN/LIPBLAM;NO MEREK;-11;PCS;6.100;15.000;0;;;
SEVEN LEAVE 0001;;SEVEN LEAVE GINGSENG 48PILS;OBAT;VING HONG;38;PCS;32.500;42.000;0;;;
SHOWER CUP 0001;;SHOWER CUP BIASA;AKSESORIS;NO MEREK;18;PCS;120;1.500;0;;;
SIKAT BOTOL 0001;;SIKAT BOTOL PUTAR;ALAT CUCI;NO MEREK;8;PCS;6.700;12.000;0;;;
SIKAT GIGI ANAK 0001;;KODOMO TOOTHBRUSH SOFT;SIKAT;KODOMO;-5;PCS;3.000;6.000;0;;;
SILOXAN 0001;;SILOXAN CENDO DROP;TETES MATA;CENDO;-10;BOTOL;55.000;60.000;0;;;
SIMVASTATIN 0001;;SIMVASTATIN 20mg TABLET;OBAT;KIMIA FARMA;190;STRIP;2.500;7.000;0;;;
SIMVASTATIN 0002;;SIMVASTATIN 10mg TABLET;OBAT;HEXPHARM;15;STRIP;1.800;5.000;0;;;
SISIR 0001;;SISIR BLOW HANKYU;SISIR;HANKYU;9;PCS;15.000;20.000;0;;;
SISIR 0002;;SISIR KECIL;SISIR;NO MEREK;38;PCS;1.300;5.000;0;;;
SISIR 0003;;SISIR CAKAR TWIN;AKSESORIS;NO MEREK;-4;PCS;5.000;9.000;0;;;
SISIR 0004;;SISIR CAKAR BIASA;AKSESORIS;NO MEREK;10;PCS;2.400;8.000;0;;;
SISIR 0005;;SISIR CAKAR CERMIN;SISIR;NO MEREK;6;PCS;3.500;10.000;0;;;
SISIR ALIS 0002;;SISIR ALIS;SISIR;NO MEREK;-16;PCS;2.900;5.000;0;;;
SISIR ALIS 0003;;SISIR EYELASH;SISIR;NO MEREK;26;PCS;1.000;3.500;0;;;
SISIR ALIS CHERVEEN 23;;SISIR ALIS;SISIR;NO MEREK;2;PCS;5.000;9.000;0;;;
SISIR BAYI 0001;;SISIR BAYI;SISIR;NO MEREK;-3;PCS;2.000;5.000;0;;;
SISIR BLOW 0002;;SISIR BLOW KECIL;SISIR;HANKYU;3;PCS;11.500;15.000;0;;;
SISIR KERAMAS 0001;;SISIR KERAMAS;SISIR;NO MEREK;55;PCS;3.000;6.000;0;;;
SISIR SASAK 0001;;SISIR SASAK;SISIR;NO MEREK;20;PCS;500;5.000;0;;;
SISIR SASAK 0002;;SISIR SASAK BESI;ALAT MAKE UP;NO MEREK;2;PAK;5.000;8.000;0;;;
SISIR SEMIR 0001;;SISIR SEMIR;SISIR;NO MEREK;157;PCS;1.200;5.000;0;;;
SISIR SERIT 0001;;SISIR SERIT BESI;SISIR;NO MEREK;48;PCS;3.500;10.000;0;;;
SISIR SERIT 0002;;SISIR SERIT BIASA;SISIR;NO MEREK;80;PCS;900;5.000;0;;;
SKIVA 0001;;SKIVA LIPSTICK;LIPSTIK/LIPCREAM/LIPTIN/LIPBLAM;SKIVA;27;PCS;10.500;15.000;0;;;
SODIUM BICARBONATE 0001;;SODIUM BICARBONAT TABLET ISI 10;OBAT;PT PIM;9;PCS;900;5.000;0;;;
SOFLEN DUBAI 0001;;DUBAI DIA 14.5 HONEY BROWN;SOFLEN;DUBAI;31;PCS;24.000;45.000;0;;;
SOFTLENS 0002;;SOFTLENS WISH;SOFLEN;NO MEREK;6;PCS;22.000;50.000;0;;;
SOFWAN PARFUM 0004;;SOFWAN PARFUM 30.000;PARFUM;SOFWAN PARFUM;53;PCS;25.000;30.000;0;;;
SOLDEXTAM 0001;;SOLDEXTAM TABLET;OBAT;PT SOLAS;181;STRIP;1.700;5.000;0;;;
SPIROLACTONE 0001;;SPIRONOLACTONE TABLET 25MG;OBAT;DEXA MEDICA;7;STRIP;3.500;8.000;0;;;
SPIRULINA 0001;;SPIRULINA MASKER;MASKER WAJAH;JAMU;-2;PCS;2.000;3.000;0;;;
SPON BEDAK 0001;;SPON BEDAK BESAR;SPON;NO MEREK;-1;PCS;4.600;10.000;0;;;
SPON BEDAK 0002;;SPON BEDAK KECIL;SPON;NO MEREK;170;PCS;4.200;7.000;0;;;
SPON BEDAK 0003;;SPON BEDAK TABUR CANDY BESAR;SPON;NO MEREK;34;PCS;4.600;10.000;0;;;
SPON BEDAK 0004;;SPONS BEDAK TABUR CANDY KECIL;SPON;CANDY;130;PCS;4.600;8.000;0;;;
SPON BEDAK 0005;;SPON BEDAK TABUR CANDY TANGGUNG;AKSESORIS;CANDY;4;PCS;4.600;8.500;0;;;
SPON MANDI 0001;;SPON MANDI;SPON;NO MEREK;264;PCS;2.400;6.000;0;;;
SPON MAXI 001;;SPON MANDI MAXI;SPON;NO MEREK;-2;PCS;2.700;7.000;0;;;
SPON TELUR 0001;;SPON TELUR MINI;SPON;NO MEREK;9;PCS;20.000;25.000;0;;;
SPON TELUR 0002;;SPON TELUR WAJIK;SPON;NO MEREK;7;PCS;5.500;10.000;0;;;
SPONS BEDAK 0006;;SPONS CUSHION;ALAT MAKE UP;NO MEREK;-2;PCS;3.500;7.000;0;;;
SPONS MANDI 0002;;SPONS MANDI GAGANG;SPON;NO MEREK;-6;PCS;6.400;10.000;0;;;
SPUIT 0001;;DISPOSABLE SYRINGE  10ML;ALKES;PT JAYAMAS MEDICA;75;PCS;1.000;10.000;0;;;
SPUIT 0002;;DISPOSABLE SYRINGE  20ML;ALKES;PT JAYAMAS MEDICA;19;PCS;1.500;14.000;0;;;
SPUIT 0003;;DISPOSABLE SYRINGE  3 ML;ALKES;PT JAYAMAS MEDICA;239;PCS;600;5.000;0;;;
SPUIT 0004;;DISPOSABLE SYRINGE  1ML;ALKES;PT JAYAMAS MEDICA;84;PCS;600;4.000;0;;;
SPUIT 0005;;DISPOSABLE SYRINGE 5 ML;ALKES;ONE MED;165;PCS;600;8.000;0;;;
SUCTION 0001;;SUCTION BALL;ALKES;NO MEREK;4;PCS;15.000;20.000;0;;;
SUDOM 0001;;SUDOM SABUN BATANG;SABUN BATANG;SUDOM;-1;PCS;4.000;8.000;0;;;
SUDOM 0003;;SUDOM FACE TONER 100ml;TONER;SUDOM;-3;PCS;15.000;20.000;0;;;
SULAMI 001;;SULAMI;JAMU;JAMU;1;PCS;67.000;74.000;0;;;
SUPRABIOTIK 0001;;SUPRABIOTIK 500mg;OBAT;ZENITH;-8;STRIP;8.500;13.000;0;;;
SUPRAFENID 0001;;SUPRAFENID;SUPP;MEPRO;4;PCS;7.500;18.000;0;;;
SUPRAMOX 0001;;SUPRAMOX DROPS 20ML;OBAT;PT MEPROFARM;-3;BOTOL;19.000;25.000;0;;;
SUPRAVIT 0001;;SUPRAVIT BOTOL ISI 60 KAPLET;OBAT;ERLA;0;BOTOL;25.000;30.000;0;;;
SWAB 0001;;SWAB ANTIGEN;CEK;TALKIN;0;PCS;0;50.000;0;;;
SYAFAAT 0001;;MADU PENCERNAAN 300gr;MADU;CV MULTI SARI UTAMA;2;PCS;36.000;60.000;0;;;
SYAFAAT 0002;;MADU ANAK SEHAT 190gr;MADU;CV MULTI SARI UTAMA;3;PCS;20.000;30.000;0;;;
SYAFAAT 0003;;SARI KURMA MURNI 330g;MADU;CV MULTI SARI UTAMA;-2;PCS;20.000;40.000;0;;;
SYAFAAT 0004;;SARI KURMA MADU PROPOLIS 330g;MADU;CV MULTI SARI UTAMA;-1;PCS;25.000;35.000;0;;;
SYAFAAT 0005;;SARI KURMA JAMBU MERAH 330g;MADU;CV MULTI SARI UTAMA;1;PCS;25.000;35.000;0;;;
SYSMUCO 0001;;SYSMUCO TABLET;OBAT;FAHRENHEIT;1;STRIP;45.000;55.000;0;;;
TALI BRA 0001;;TALI BRA BENING KECIL;AKSESORIS;NO MEREK;12;PCS;5.000;8.500;0;;;
TALI BRA 0002;;TALI BRA BENING BESAR;AKSESORIS;NO MEREK;-24;PCS;6.000;10.000;0;;;
TALI BRA 0003;;TALI BRA MEIXI KECIL;BRA;MEIXI;23;PCS;4.500;8.000;0;;;
TALI BRA 0004;;TALI BRA BENING KECIL LADYS;ALAT MAKE UP;NO MEREK;7;PCS;2.000;6.000;0;;;
TALI BRA 0005;;TALI BRA BESAR DIE XIN ER;ALAT MAKE UP;NO MEREK;-5;PCS;5.000;9.000;0;;;
TALI BRA 0006;;TALI BRA BENING SEDANG;AKSESORIS;NO MEREK;32;PCS;4.200;9.000;0;;;
TANCO 0001;;TANCO MINYAK RAMBUT 20g;MINYAK RAMBUT;TANCHO;-11;PCS;7.000;10.000;0;;;
TAPAK LIMAN 0001;;TAPAK LIMAN;OBAT;JAMU;-80;PCS;1.400;2.500;0;;;
TAS MAKE UP 0001;;TAS MAKE UP;AKSESORIS;NO MEREK;11;PCS;6.600;12.000;0;;;
TAS MAKE UP 0002;;TAS MAKE UP BESAR;AKSESORIS;NO MEREK;1;PCS;10.000;15.000;0;;;
TCU 0001;;TCU KAPSUL;JAMU;NO MEREK;35;PCS;5.500;7.000;0;;;
TEH JATI CINA 0001;;TEH JATI CINA SERBUK;OBAT;NO MEREK;13;PCS;4.000;8.000;0;;;
TEM 0001;;TEM;JAMU;JAMU;0;PCS;5.500;7.000;0;;;
TEMPAT BEDAK BAYI 0002;;TEMPAT BEDAK BAYI BIRU ISI 2;TEMPAT BEDAK BAYI;VANVIN;4;PCS;20.000;25.000;0;;;
TEMPAT BEDAK BAYI 0003;;TEMPAT BEDAK BAYI PINK ISI 1;TEMPAT BEDAK BAYI;VANVIN;-2;PCS;10.500;15.000;0;;;
TEMPAT BEDAK BAYI 0004;;TEMPAT BEDAK BAYI BIRU ISI 1;TEMPAT BEDAK BAYI;VANVIN;3;PCS;10.500;15.000;0;;;
TEMPAT BEDAK BAYI 0005;;TEMPAT BEDAK BAYI KUNING ISI 2;TEMPAT;NO MEREK;-3;PCS;20.000;25.000;0;;;
TEMPAT SOFLEN 0001;;TEMPAT SOFLEN KECIL;AKSESORIS;NO MEREK;5;PCS;6.000;10.000;0;;;
TEMULAWAK 0002;;TEMULAWAK TWO WAY CAKE 13,2g;BEDAK PADAT;TEMULAWAK;-4;PCS;10.000;15.000;0;;;
TEMULAWAK 0003;;CREAM TEMULAWAK MALAM ISI 1;CREAM WAJAH;TEMULAWAK;30;PCS;7.100;15.000;0;;;
TERA-F TAB 0001;;TERA-F TABLET;OBAT;PT RAMA;93;STRIP;5.400;10.000;0;;;
TERASMA 0001;;TERASMA TABLET 2,5MG;OBAT;MEDIKON;7;STRIP;5.500;10.000;0;;;
TERNIX 0001;;TERNIX SIRUP PLUS 60ML;OBAT;IFARS;44;BOTOL;9.500;14.000;0;;;
TERNIX 0002;;TERNIX SIRUP 60 ML;OBAT;IFARS;40;BOTOL;8.000;13.000;0;;;
TEST PECK 0001;;TEST PECK GP CARE;TESPEK;PT GLOBAL PHARMA ;-17;PCS;3.000;8.000;0;;;
TETES MATA 0001;;GENOINT TETES MATA 0,3% 5ml;TETES MATA;GENOINT;0;PCS;9.500;15.000;0;;;
TETES MATA 0002;;CENDO LYTEERS 15ml;TETES MATA;CENDO;28;PCS;23.500;30.000;0;;;
TETES MATA 0003;;CENDO XITROL 5ml;TETES MATA;CENDO;223;PCS;29.500;36.000;0;;;
TETES MATA 0004;;ALLETROL COMPOSITUM TETES MATA 5ml;TETES MATA;ALLETROL;72;PCS;16.500;22.000;0;;;
TETES MATA 0005;;ERLAMYCETIN PLUS TETES MATA 5ml;TETES MATA;ERLA;140;PCS;14.500;21.000;0;;;
THERMOMETER 0001;;THERMOMETER HEXA CARE;ALKES;HEXACARE;68;PCS;15.000;30.000;0;;;
THIAMPHENICOL 0001;;THIAMPHENICOL 500mg;OBAT;PT SEJAHTERA LESTARI FARMA;0;STRIP;10.500;20.000;0;;;
THIAMYCIN 0001;;THIAMYCIN 500mg;OBAT;PT INTERBAT;102;STRIP;40.500;50.000;0;;;
TIFESTAN FORTE 0001;;TIFESTAN FORTE 500mg;OBAT;BALATIF;71;STRIP;3.700;7.000;0;;;
TIMOL 0001;;TIMOL TETES MATA 0,5%;TETES MATA;CENDO;0;BOTOL;50.000;60.000;0;;;
TITAN 0001;;TITAN TABLET 150 MG;OBAT;KALBE;4;STRIP;5.000;10.000;0;;;
TONGKAT 0001;;TONGKAT AJIMAT MADURA;JAMU;JAMU;-5;PCS;15.000;19.000;0;;;
TOPCORT 0001;;SALEP TOPCORT 10 GR;SALEP;SANBE;13;PCS;27.000;32.000;0;;;
TOPI SEMIR 0001;;TOPI SEMIR;AKSESORIS;NO MEREK;7;PCS;8.400;12.000;0;;;
TRANEXAMIC ACID 0001;;TRANEXAMIC ACID TABLET 500 MG;OBAT;PT FIRST;19;STRIP;12.500;16.000;0;;;
TREMENZA 0001;;TREMENZA TABLET;OBAT;SANBE;0;STRIP;24.500;29.000;0;;;
TREMENZA 0002;;TREMENZA SYRUP 60ml;OBAT;SANBE;0;PCS;24.000;30.000;0;;;
TRIANTA 0001;;TRIANTA TABLET;OBAT;PT IFARS;3;STRIP;2.500;6.000;0;;;
TRICLOFEM 0001;;TRICLOFEM 1 ML;OBAT;NO MEREK;10;BOTOL;8.000;15.000;0;;;
TRIFACYCLIN 0001;;SALEP TRIFACYCLIN HCL 3%;SALEP;TRIFA;5;PCS;7.500;13.000;0;;;
TRINOLDIOL 0001;;TRINOLDIOL;PIL KB;PT SUNTHI;59;PCS;10.500;15.000;0;;;
TRIOCID 0001;;TRIOCID TABLET;OBAT;ZENITH;10;STRIP;3.200;6.000;0;;;
TRISELA 0001;;TRISELA TABLET;OBAT;ERLA;44;STRIP;3.000;6.500;0;;;
TRISELA 0002;;TRISELA SIRUP 60 ML;OBAT;ERLA;1;BOTOL;5.500;10.000;0;;;
TROPIDRIL SYRUP 0001;;TROPIDRIL SYRUP;OBAT;PT TROPICA;-5;BOTOL;6.000;10.000;0;;;
TURPAN 0001;;TURPAN DROP;OBAT;PT CORSA ;-1;BOTOL;11.000;16.000;0;;;
TUZALOS 0001;;TUZALOS;OBAT;SANBE;11;STRIP;5.800;10.000;0;;;
UM 0001;;URAT MADU BLACK;JAMU;JAMU;226;PCS;7.500;13.000;0;;;
UM 0002;;URAT MADU GOLD;JAMU;JAMU;-9;PCS;7.500;15.000;0;;;
UM 0003;;URAT MADU;JAMU;JAMU;460;PCS;7.000;10.000;0;;;
UN4FBC72025;;CLINDAMYCIN HCL 300mg;OBAT;PT MERSI FARMA;359;STRIP;15.000;20.000;0;;;
UNDERPAD 0001;;UNDERPAD;ALKES;NO MEREK;-12;BAL;27.000;35.000;0;;;
URDAHEX 0001;;URDAHEX 250MG;OBAT;NO MEREK;-9;STRIP;82.000;95.000;0;;;
URINTER 0001;;URINTER TABLET 400MG;OBAT;PT INTERBAT;14;STRIP;24.000;32.000;0;;;
URSODEO 0001;;URSODEOXYCHOLIC ACID 250MG DEXA;OBAT;DEXA MEDICA;0;STRIP;14.000;22.000;0;;;
V ITAMIN B6 0001;;VITAMIN B6 10mg;OBAT;KIMIA FARMA;9;STRIP;1.500;5.000;0;;;
VALSARTAN 0001;;VALSARTAN 160 MG;OBAT;HEXPHARM;0;STRIP;20.000;25.000;0;;;
VALSARTAN 0002;;VALSARTAN 80MG;OBAT;HEXPHARM;2;STRIP;9.000;14.000;0;;;
VCO 0002;;VCO SH 125ML;JAMU;NO MEREK;3;BOTOL;20.000;30.000;0;;;
VCO EXTRA VIRGIN OIL 0001;;VCO EXTRA VIRGIN OIL 250ml;OBAT;CV SYAIDINA;0;PCS;40.000;50.000;0;;;
VENARON 0001;;VENARON;OBAT;PT METISKA;9;STRIP;32.500;38.000;0;;;
VENTOLIN 0001;;VENTOLIN INHELER;OBAT;GSK;114;BOTOL;147.000;155.000;0;;;
VENTOLIN 0002;;VENTOLIN NEBULES 2,5MG;OBAT;PT GLAXO;11;BOTOL;18.000;25.000;0;;;
VERMINT B 0001;;VERMINT 30KAPSULE;OBAT;JAMU;48;PCS;29.500;40.000;0;;;
VERMINT K 0001;;VERMINT 12KAPSUL;OBAT;JAMU;70;PCS;19.500;28.000;0;;;
VERMUS 0001;;VERMUS KAPSUL CACING 500mg 12KAPSUL;OBAT;CV BERKAH;0;PCS;20.000;25.000;0;;;
VERPLUS 0001;;VERPLUS INNOLIFE ISI 15 KAPSUL;OBAT;NO MEREK;2;BOTOL;19.200;25.000;0;;;
VESFERUM 0001;;VESPERUM;OBAT;IFARS;73;STRIP;2.400;6.000;0;;;
VESPERUM 0002;;VESPERUM DROPS 15ML;OBAT;PT IFARS;1;BOTOL;12.000;20.000;0;;;
VESPERUM 0003;;VESPERUM SIRUP 60 ML;OBAT;IFARS;-3;BOTOL;6.500;12.000;0;;;
VIAGRA 0001;;VIAGRA KAPSUL ISI 2;JAMU;NO MEREK;141;PCS;6.300;14.000;0;;;
VIATAMINB1 0001;;VITAMIN B1 50mg;VITAMIN;PT AFI FARMA;7;STRIP;1.500;4.000;0;;;
VILDAGLIPTIN 0001;;VILDAGLIPTIN TABLET 50MG;OBAT;DEXA MEDICA;9;STRIP;25.000;30.000;0;;;
VITAGERD 0001;;MADU VITAGERD 350 GR;MADU;NO MEREK;-3;BOTOL;148.000;162.000;0;;;
VITAMIN 0001;;BECOM-ZET;VITAMIN;SANBE;28;STRIP;24.500;29.000;0;;;
VITAMIN 0002;;BECOM-C;VITAMIN;SANBE;59;STRIP;18.500;23.000;0;;;
VITAMIN 0003;;CAVIPLEX CEDZ;VITAMIN;ERLA;6;STRIP;11.500;16.000;0;;;
VITAMIN 0004;;VITAMIN C 250MG;OBAT;KIMIA FARMA;-8;STRIP;2.500;6.000;0;;;
VITAMIN 0005;;VITAMIN B.KOMPLEX AUR ISI 10;OBAT;NO MEREK;-1;PCS;2.600;10.000;0;;;
VITAMIN B COMPLEX 0001;;VITAMIN B COMPLEX;VITAMIN;KIMIA FARMA;184;STRIP;1.300;5.000;0;;;
VITAMIN B12 0001;;VITAMIN B12;OBAT;KIMIA FARMA;47;STRIP;1.000;4.000;0;;;
VITAMIN BI TABLET 0001;;VITAMIN BI TABLET;OBAT;PT AFI FARMA;-4;STRIP;2.000;4.000;0;;;
VITAMIN C 0001;;VITAMIN C 50mg;OBAT;KIMIA FARMA;57;STRIP;1.500;5.000;0;;;
VITAMIN K4 0001;;VITAMIN K4 10mg;OBAT;ERELA;-9;BIJIAN;220;10.000;0;;;
VOLTAREN 0001;;VOLTAREN 50mg TABLET;OBAT;KISLENE;-29;BIJIAN;7.900;11.000;0;;;
VOSEA 0002;;VOSEA TABLET 10MG;OBAT;GRAHA FARMA;-3;STRIP;2.200;5.000;0;;;
VOSEA 001;;VOSEA SIRUP 30ml;SIRUP;GRAHA FARMA;11;BOTOL;6.500;10.000;0;;;
WALET 0001;;SABUN WALET BATANG IJO 40G;SABUN BATANG;WALET;74;PCS;2.400;5.000;0;;;
WALET 0002;;SABUN WALET BATANG OREN 40G;SABUN BATANG;WALET;92;PCS;2.400;5.000;0;;;
WANTONG 0001;;WANTONG KAPSUL;JAMU;JAMU;365;PCS;3.300;4.500;0;;;
WANTONG 0002;;WANTONG JAMU;JAMU;JAMU;128;PCS;3.400;4.500;0;;;
WINASAL SYRUP 0001;;WINASAL SYRUP 60ML;OBAT;PT IKAPHARMINDO;-3;BOTOL;5.000;10.000;0;;;
WINATIN 0001;;WINATIN LORATADINE;OBAT;PT IFARS;189;STRIP;3.000;7.000;0;;;
WING NEEDLE 0001;;WING NEEDLE UK 27;ALKES;ONE MED;94;PCS;600;2.000;0;;;
WING NEEDLE 0002;;WING NEEDLE UK 25;ALKES;ONE MED;-6;PCS;2.000;6.000;0;;;
WIROS 0001;;WIROS KAPSUL 20MG;OBAT;ITRASAL;78;STRIP;2.400;6.000;0;;;
XIAN LING 0001;;XIAN LING KAPSUL;JAMU;NO MEREK;-13;STRIP;3.100;5.000;0;;;
YASMIN 0001;;YASMIN;PIL KB;BAYER;-7;PCS;232.500;242.000;0;;;
YUSIMOX 0001;;YUSIMOX FORTE;OBAT;PT IFARS;47;BOTOL;7.500;13.000;0;;;
YUSIMOX 0002;;YUSIMOX SYR;OBAT;PT IFARS;136;BOTOL;5.900;11.000;0;;;
YUSIMOX TAB 0001;;YUSIMOX 500mg;OBAT;PT IFARS;441;STRIP;5.400;12.000;0;;;
ZAHIRA 0001;;SARI KURMA ANGKAK ZAHIRA 280 GR;MADU;NO MEREK;0;BOTOL;27.000;35.000;0;;;
ZAITUN 0001;;ZAITUN EXTRA VIRGIN OIL 60ml;OBAT OLES;AL JAZIRA;-4;PCS;16.000;20.000;0;;;
ZELONA 001;;ZELONA TAB;OBAT;ZENITH;12;STRIP;2.800;6.000;0;;;
ZENICLOR  0001;;ZENICLOR SYR 60ML;OBAT;ZENITH;1;BOTOL;9.500;17.000;0;;;
ZENICOL 0001;;ZENICOL 500mg;OBAT;ZENITH;-16;STRIP;10.500;18.000;0;;;
ZEVASK 0001;;ZEVASK 5mg;OBAT;PT IFARS;44;STRIP;2.300;6.000;0;;;
ZEVASK 10 0001;;ZEVASK 10mg;OBAT;PT IFARS;7;STRIP;3.400;8.000;0;;;
ZILOVEN 0001;;ZILOVEN 4mg;OBAT;PT IFARS;-4;STRIP;6.000;10.000;0;;;
ZINC SULFATE MONOHYDRATE 0001;;ZINC SULFATE MONOHYDRATE 20MG TABLET;OBAT;NOVAPHARIN;-13;STRIP;2.800;7.000;0;;;
ZORALIN 0001;;ZORALIN 200mg TABLET;OBAT;MEDIKON;48;STRIP;14.700;19.000;0;;;
ZULTROP 0001;;ZULTROP SUSPENSI;OBAT;PT TROPICA;-1;BOTOL;4.500;10.000;0;;;
 ;;;;;;;;;;;;
25/09/2026 09:23;ADMIN;;;;;;;1/1;;;;
